Model,Strategy,Solver,Dim,Noise Std,Problem ID,Trials,Expected Trials,Complete,Primary Successes,Primary Success Rate,Primary CI Lower,Primary CI Upper,Secondary Successes,Secondary Success Rate,Median Best Error,Median Evals to Primary Target
Qwen2.5-Coder-14B,thinking,Qwen2.5-Coder-14B / thinking (noise-adapted),2,0.2,8,20,20,True,0,0.0,0.0,0.16112515805281938,8,0.4,0.0135430112,
Qwen2.5-Coder-32B,thinking,Qwen2.5-Coder-32B / thinking (noise-implicit),2,0.2,8,20,20,True,18,0.9,0.6989663547715128,0.9721335187862319,20,1.0,0.0,16723.5
Qwen2.5-Coder-32B,baseline,Qwen2.5-Coder-32B / baseline (noise-implicit),2,0.2,8,20,20,True,0,0.0,0.0,0.16112515805281938,20,1.0,1.505585e-05,
Qwen2.5-Coder-14B,vectorization,Qwen2.5-Coder-14B / vectorization (noise-implicit),2,0.2,8,20,20,True,0,0.0,0.0,0.16112515805281938,19,0.95,0.00036535310000000004,
Qwen2.5-Coder-7B,guided,Qwen2.5-Coder-7B / guided (noise-adapted),2,0.2,8,20,20,True,0,0.0,0.0,0.16112515805281938,3,0.15,0.10166696045,
Qwen2.5-Coder-32B,guided,Qwen2.5-Coder-32B / guided (noise-implicit),2,0.2,8,20,20,True,20,1.0,0.8388748419471806,1.0,20,1.0,0.0,12670.0
Qwen2.5-Coder-7B,thinking,Qwen2.5-Coder-7B / thinking (noise-adapted),2,0.2,8,20,20,True,0,0.0,0.0,0.16112515805281938,1,0.05,0.1792923795,
Qwen2.5-Coder-32B,vectorization,Qwen2.5-Coder-32B / vectorization (noise-implicit),2,0.2,8,20,20,True,19,0.95,0.763868806553258,0.9911185511992047,20,1.0,0.0,14707.0
Qwen2.5-Coder-7B,vectorization,Qwen2.5-Coder-7B / vectorization (noise-adapted),2,0.2,8,20,20,True,0,0.0,0.0,0.16112515805281938,8,0.4,0.013892090150000001,
Qwen2.5-Coder-7B,vectorization,Qwen2.5-Coder-7B / vectorization (noise-implicit),2,0.2,8,20,20,True,0,0.0,0.0,0.16112515805281938,19,0.95,5.21467e-05,
Qwen2.5-Coder-32B,vectorization,Qwen2.5-Coder-32B / vectorization (noise-adapted),2,0.2,8,20,20,True,0,0.0,0.0,0.16112515805281938,19,0.95,0.0007673040999999999,
Qwen2.5-Coder-7B,guided,Qwen2.5-Coder-7B / guided (noise-implicit),2,0.2,8,20,20,True,0,0.0,0.0,0.16112515805281938,4,0.2,0.020703168549999998,
Qwen2.5-Coder-32B,guided,Qwen2.5-Coder-32B / guided (noise-adapted),2,0.2,8,20,20,True,0,0.0,0.0,0.16112515805281938,0,0.0,0.075670619,
Qwen2.5-Coder-7B,baseline,Qwen2.5-Coder-7B / baseline (noise-adapted),2,0.2,8,20,20,True,0,0.0,0.0,0.16112515805281938,1,0.05,0.9872787387499999,
Qwen2.5-Coder-14B,thinking,Qwen2.5-Coder-14B / thinking (noise-implicit),2,0.2,8,20,20,True,0,0.0,0.0,0.16112515805281938,0,0.0,0.06573819185,
Qwen2.5-Coder-14B,baseline,Qwen2.5-Coder-14B / baseline (noise-implicit),2,0.2,8,4,20,False,0,0.0,0.0,0.4898908364545973,2,0.5,1.2095137752499998,
Qwen2.5-Coder-14B,baseline,Qwen2.5-Coder-14B / baseline (noise-adapted),2,0.2,8,20,20,True,0,0.0,0.0,0.16112515805281938,0,0.0,21.4928482105,
Qwen2.5-Coder-14B,vectorization,Qwen2.5-Coder-14B / vectorization (noise-adapted),2,0.2,8,20,20,True,0,0.0,0.0,0.16112515805281938,18,0.9,0.0018743731500000002,
Qwen2.5-Coder-7B,baseline,Qwen2.5-Coder-7B / baseline (noise-implicit),2,0.2,8,20,20,True,0,0.0,0.0,0.16112515805281938,19,0.95,8.438875e-05,
Qwen2.5-Coder-7B,thinking,Qwen2.5-Coder-7B / thinking (noise-implicit),2,0.2,8,20,20,True,0,0.0,0.0,0.16112515805281938,0,0.0,0.5322102041000001,
Qwen2.5-Coder-32B,baseline,Qwen2.5-Coder-32B / baseline (noise-adapted),2,0.2,8,20,20,True,3,0.15,0.052368745896216595,0.36041886474075696,20,1.0,1.308e-07,19551.0
Qwen2.5-Coder-32B,thinking,Qwen2.5-Coder-32B / thinking (noise-adapted),2,0.2,8,20,20,True,0,0.0,0.0,0.16112515805281938,13,0.65,0.0002051443,
Qwen2.5-Coder-14B,guided,Qwen2.5-Coder-14B / guided (noise-implicit),2,0.2,8,20,20,True,0,0.0,0.0,0.16112515805281938,16,0.8,5.421895e-05,
Qwen2.5-Coder-14B,guided,Qwen2.5-Coder-14B / guided (noise-adapted),2,0.2,8,20,20,True,18,0.9,0.6989663547715128,0.9721335187862319,18,0.9,0.0,2571.5
Qwen2.5-Coder-14B,thinking,Qwen2.5-Coder-14B / thinking (noise-adapted),2,0.2,1,20,20,True,0,0.0,0.0,0.16112515805281938,20,1.0,6.785545e-05,
Qwen2.5-Coder-32B,thinking,Qwen2.5-Coder-32B / thinking (noise-implicit),2,0.2,1,20,20,True,18,0.9,0.6989663547715128,0.9721335187862319,20,1.0,1.4e-09,17159.0
Qwen2.5-Coder-32B,baseline,Qwen2.5-Coder-32B / baseline (noise-implicit),2,0.2,1,20,20,True,0,0.0,0.0,0.16112515805281938,20,1.0,1.79625e-06,
Qwen2.5-Coder-14B,vectorization,Qwen2.5-Coder-14B / vectorization (noise-implicit),2,0.2,1,20,20,True,11,0.55,0.3420853424503424,0.7418021417443758,20,1.0,8.55e-09,17631.0
Qwen2.5-Coder-7B,guided,Qwen2.5-Coder-7B / guided (noise-adapted),2,0.2,1,20,20,True,0,0.0,0.0,0.16112515805281938,1,0.05,0.611268288,
Qwen2.5-Coder-32B,guided,Qwen2.5-Coder-32B / guided (noise-implicit),2,0.2,1,20,20,True,0,0.0,0.0,0.16112515805281938,20,1.0,1.17005e-06,
Qwen2.5-Coder-7B,thinking,Qwen2.5-Coder-7B / thinking (noise-adapted),2,0.2,1,20,20,True,0,0.0,0.0,0.16112515805281938,0,0.0,1.27191580185,
Qwen2.5-Coder-32B,vectorization,Qwen2.5-Coder-32B / vectorization (noise-implicit),2,0.2,1,20,20,True,1,0.05,0.008881448800795402,0.23613119344674205,20,1.0,3.238e-07,19191.0
Qwen2.5-Coder-7B,vectorization,Qwen2.5-Coder-7B / vectorization (noise-adapted),2,0.2,1,20,20,True,0,0.0,0.0,0.16112515805281938,8,0.4,0.01469399905,
Qwen2.5-Coder-7B,vectorization,Qwen2.5-Coder-7B / vectorization (noise-implicit),2,0.2,1,20,20,True,0,0.0,0.0,0.16112515805281938,20,1.0,5.6163e-06,
Qwen2.5-Coder-32B,vectorization,Qwen2.5-Coder-32B / vectorization (noise-adapted),2,0.2,1,20,20,True,0,0.0,0.0,0.16112515805281938,19,0.95,0.00149979595,
Qwen2.5-Coder-7B,guided,Qwen2.5-Coder-7B / guided (noise-implicit),2,0.2,1,20,20,True,20,1.0,0.8388748419471806,1.0,20,1.0,0.0,11367.0
Qwen2.5-Coder-32B,guided,Qwen2.5-Coder-32B / guided (noise-adapted),2,0.2,1,20,20,True,16,0.8,0.5839825677481064,0.919342337420202,20,1.0,0.0,6848.5
Qwen2.5-Coder-7B,baseline,Qwen2.5-Coder-7B / baseline (noise-adapted),2,0.2,1,20,20,True,0,0.0,0.0,0.16112515805281938,14,0.7,5.88655e-06,
Qwen2.5-Coder-14B,thinking,Qwen2.5-Coder-14B / thinking (noise-implicit),2,0.2,1,20,20,True,0,0.0,0.0,0.16112515805281938,12,0.6,0.00718183555,
Qwen2.5-Coder-14B,baseline,Qwen2.5-Coder-14B / baseline (noise-implicit),2,0.2,1,20,20,True,0,0.0,0.0,0.16112515805281938,4,0.2,0.07842828005,
Qwen2.5-Coder-14B,baseline,Qwen2.5-Coder-14B / baseline (noise-adapted),2,0.2,1,20,20,True,2,0.1,0.027866481213768224,0.3010336452284873,20,1.0,5.15e-08,19471.0
Qwen2.5-Coder-14B,vectorization,Qwen2.5-Coder-14B / vectorization (noise-adapted),2,0.2,1,20,20,True,20,1.0,0.8388748419471806,1.0,20,1.0,0.0,3202.0
Qwen2.5-Coder-7B,baseline,Qwen2.5-Coder-7B / baseline (noise-implicit),2,0.2,1,20,20,True,0,0.0,0.0,0.16112515805281938,20,1.0,1.6515e-07,
Qwen2.5-Coder-7B,thinking,Qwen2.5-Coder-7B / thinking (noise-implicit),2,0.2,1,20,20,True,0,0.0,0.0,0.16112515805281938,1,0.05,0.208771029,
Qwen2.5-Coder-32B,baseline,Qwen2.5-Coder-32B / baseline (noise-adapted),2,0.2,1,20,20,True,0,0.0,0.0,0.16112515805281938,16,0.8,0.0036807525,
Qwen2.5-Coder-32B,thinking,Qwen2.5-Coder-32B / thinking (noise-adapted),2,0.2,1,20,20,True,0,0.0,0.0,0.16112515805281938,4,0.2,0.0506315049,
Qwen2.5-Coder-14B,guided,Qwen2.5-Coder-14B / guided (noise-implicit),2,0.2,1,20,20,True,14,0.7,0.4810271816464765,0.8545227551323956,20,1.0,3e-10,637.0
Qwen2.5-Coder-14B,guided,Qwen2.5-Coder-14B / guided (noise-adapted),2,0.2,1,20,20,True,20,1.0,0.8388748419471806,1.0,20,1.0,0.0,2666.5
Qwen2.5-Coder-14B,thinking,Qwen2.5-Coder-14B / thinking (noise-adapted),2,0.2,15,20,20,True,1,0.05,0.008881448800795402,0.23613119344674205,5,0.25,0.71619278475,19330.0
Qwen2.5-Coder-32B,thinking,Qwen2.5-Coder-32B / thinking (noise-implicit),2,0.2,15,20,20,True,0,0.0,0.0,0.16112515805281938,15,0.75,0.0049755931,
Qwen2.5-Coder-32B,baseline,Qwen2.5-Coder-32B / baseline (noise-implicit),2,0.2,15,20,20,True,0,0.0,0.0,0.16112515805281938,17,0.85,0.00042788595,
Qwen2.5-Coder-14B,vectorization,Qwen2.5-Coder-14B / vectorization (noise-implicit),2,0.2,15,20,20,True,0,0.0,0.0,0.16112515805281938,3,0.15,0.04203582765,
Qwen2.5-Coder-7B,guided,Qwen2.5-Coder-7B / guided (noise-adapted),2,0.2,15,20,20,True,0,0.0,0.0,0.16112515805281938,0,0.0,2.6511422086,
Qwen2.5-Coder-32B,guided,Qwen2.5-Coder-32B / guided (noise-implicit),2,0.2,15,20,20,True,0,0.0,0.0,0.16112515805281938,3,0.15,0.06029660235,
Qwen2.5-Coder-7B,thinking,Qwen2.5-Coder-7B / thinking (noise-adapted),2,0.2,15,20,20,True,0,0.0,0.0,0.16112515805281938,4,0.2,0.17505925995,
Qwen2.5-Coder-32B,vectorization,Qwen2.5-Coder-32B / vectorization (noise-implicit),2,0.2,15,20,20,True,0,0.0,0.0,0.16112515805281938,0,0.0,1.0393729195499999,
Qwen2.5-Coder-7B,vectorization,Qwen2.5-Coder-7B / vectorization (noise-adapted),2,0.2,15,20,20,True,0,0.0,0.0,0.16112515805281938,0,0.0,7.330299803000001,
Qwen2.5-Coder-7B,vectorization,Qwen2.5-Coder-7B / vectorization (noise-implicit),2,0.2,15,20,20,True,0,0.0,0.0,0.16112515805281938,2,0.1,3.98003986375,
Qwen2.5-Coder-32B,vectorization,Qwen2.5-Coder-32B / vectorization (noise-adapted),2,0.2,15,20,20,True,0,0.0,0.0,0.16112515805281938,0,0.0,0.69473698205,
Qwen2.5-Coder-7B,guided,Qwen2.5-Coder-7B / guided (noise-implicit),2,0.2,15,20,20,True,0,0.0,0.0,0.16112515805281938,0,0.0,0.82564086935,
Qwen2.5-Coder-32B,guided,Qwen2.5-Coder-32B / guided (noise-adapted),2,0.2,15,20,20,True,14,0.7,0.4810271816464765,0.8545227551323956,17,0.85,0.0,12731.0
Qwen2.5-Coder-7B,baseline,Qwen2.5-Coder-7B / baseline (noise-adapted),2,0.2,15,20,20,True,5,0.25,0.11186170140766566,0.46870087761874407,14,0.7,1.955925e-05,13048.0
Qwen2.5-Coder-14B,thinking,Qwen2.5-Coder-14B / thinking (noise-implicit),2,0.2,15,20,20,True,0,0.0,0.0,0.16112515805281938,0,0.0,78.85476124425,
Qwen2.5-Coder-14B,baseline,Qwen2.5-Coder-14B / baseline (noise-implicit),2,0.2,15,20,20,True,0,0.0,0.0,0.16112515805281938,0,0.0,0.6502248836,
Qwen2.5-Coder-14B,baseline,Qwen2.5-Coder-14B / baseline (noise-adapted),2,0.2,15,20,20,True,0,0.0,0.0,0.16112515805281938,6,0.3,0.99661709695,
Qwen2.5-Coder-14B,vectorization,Qwen2.5-Coder-14B / vectorization (noise-adapted),2,0.2,15,20,20,True,0,0.0,0.0,0.16112515805281938,3,0.15,1.00954535915,
Qwen2.5-Coder-7B,baseline,Qwen2.5-Coder-7B / baseline (noise-implicit),2,0.2,15,20,20,True,0,0.0,0.0,0.16112515805281938,0,0.0,7.97518283935,
Qwen2.5-Coder-7B,thinking,Qwen2.5-Coder-7B / thinking (noise-implicit),2,0.2,15,20,20,True,0,0.0,0.0,0.16112515805281938,1,0.05,2.3581176594,
Qwen2.5-Coder-32B,baseline,Qwen2.5-Coder-32B / baseline (noise-adapted),2,0.2,15,20,20,True,0,0.0,0.0,0.16112515805281938,0,0.0,1.24897442655,
Qwen2.5-Coder-32B,thinking,Qwen2.5-Coder-32B / thinking (noise-adapted),2,0.2,15,20,20,True,0,0.0,0.0,0.16112515805281938,13,0.65,0.0017499318,
Qwen2.5-Coder-14B,guided,Qwen2.5-Coder-14B / guided (noise-implicit),2,0.2,15,2,20,False,0,0.0,0.0,0.6576197724933469,0,0.0,63.08520785055,
Qwen2.5-Coder-14B,guided,Qwen2.5-Coder-14B / guided (noise-adapted),2,0.2,15,20,20,True,0,0.0,0.0,0.16112515805281938,0,0.0,0.5285562833999999,
Qwen2.5-Coder-14B,thinking,Qwen2.5-Coder-14B / thinking (noise-adapted),2,0.2,21,20,20,True,0,0.0,0.0,0.16112515805281938,3,0.15,1.6951756278499999,
Qwen2.5-Coder-32B,thinking,Qwen2.5-Coder-32B / thinking (noise-implicit),2,0.2,21,20,20,True,3,0.15,0.052368745896216595,0.36041886474075696,20,1.0,2.953e-07,987.0
Qwen2.5-Coder-32B,baseline,Qwen2.5-Coder-32B / baseline (noise-implicit),2,0.2,21,20,20,True,0,0.0,0.0,0.16112515805281938,20,1.0,5.8873e-06,
Qwen2.5-Coder-14B,vectorization,Qwen2.5-Coder-14B / vectorization (noise-implicit),2,0.2,21,20,20,True,16,0.8,0.5839825677481064,0.919342337420202,16,0.8,0.0,1006.0
Qwen2.5-Coder-7B,guided,Qwen2.5-Coder-7B / guided (noise-adapted),2,0.2,21,20,20,True,0,0.0,0.0,0.16112515805281938,6,0.3,0.25288698765,
Qwen2.5-Coder-32B,guided,Qwen2.5-Coder-32B / guided (noise-implicit),2,0.2,21,20,20,True,19,0.95,0.763868806553258,0.9911185511992047,19,0.95,0.0,679.0
Qwen2.5-Coder-7B,thinking,Qwen2.5-Coder-7B / thinking (noise-adapted),2,0.2,21,20,20,True,0,0.0,0.0,0.16112515805281938,20,1.0,0.00023189275,
Qwen2.5-Coder-32B,vectorization,Qwen2.5-Coder-32B / vectorization (noise-implicit),2,0.2,21,20,20,True,20,1.0,0.8388748419471806,1.0,20,1.0,0.0,5098.0
Qwen2.5-Coder-7B,vectorization,Qwen2.5-Coder-7B / vectorization (noise-adapted),2,0.2,21,20,20,True,17,0.85,0.6395811352592431,0.9476312541037835,17,0.85,1.25e-09,8269.0
Qwen2.5-Coder-7B,vectorization,Qwen2.5-Coder-7B / vectorization (noise-implicit),2,0.2,21,20,20,True,9,0.45,0.2581978582556243,0.6579146575496577,18,0.9,1.13e-08,16401.0
Qwen2.5-Coder-32B,vectorization,Qwen2.5-Coder-32B / vectorization (noise-adapted),2,0.2,21,20,20,True,2,0.1,0.027866481213768224,0.3010336452284873,18,0.9,5.3002000000000005e-06,11851.0
Qwen2.5-Coder-7B,guided,Qwen2.5-Coder-7B / guided (noise-implicit),2,0.2,21,20,20,True,0,0.0,0.0,0.16112515805281938,20,1.0,1.0932349999999999e-05,
Qwen2.5-Coder-32B,guided,Qwen2.5-Coder-32B / guided (noise-adapted),2,0.2,21,20,20,True,15,0.75,0.531299122381256,0.8881382985923343,16,0.8,0.0,9596.0
Qwen2.5-Coder-7B,baseline,Qwen2.5-Coder-7B / baseline (noise-adapted),2,0.2,21,20,20,True,4,0.2,0.08065766257979806,0.41601743225189364,4,0.2,2.0235146792,1522.0
Qwen2.5-Coder-14B,thinking,Qwen2.5-Coder-14B / thinking (noise-implicit),2,0.2,21,20,20,True,20,1.0,0.8388748419471806,1.0,20,1.0,0.0,2435.5
Qwen2.5-Coder-14B,baseline,Qwen2.5-Coder-14B / baseline (noise-implicit),2,0.2,21,20,20,True,0,0.0,0.0,0.16112515805281938,0,0.0,1.6675825111,
Qwen2.5-Coder-14B,baseline,Qwen2.5-Coder-14B / baseline (noise-adapted),2,0.2,21,20,20,True,1,0.05,0.008881448800795402,0.23613119344674205,19,0.95,8.3055e-07,5611.0
Qwen2.5-Coder-14B,vectorization,Qwen2.5-Coder-14B / vectorization (noise-adapted),2,0.2,21,20,20,True,1,0.05,0.008881448800795402,0.23613119344674205,19,0.95,2.044e-07,10851.0
Qwen2.5-Coder-7B,baseline,Qwen2.5-Coder-7B / baseline (noise-implicit),2,0.2,21,20,20,True,5,0.25,0.11186170140766566,0.46870087761874407,12,0.6,3.395e-07,8805.0
Qwen2.5-Coder-7B,thinking,Qwen2.5-Coder-7B / thinking (noise-implicit),2,0.2,21,20,20,True,17,0.85,0.6395811352592431,0.9476312541037835,17,0.85,0.0,1068.0
Qwen2.5-Coder-32B,baseline,Qwen2.5-Coder-32B / baseline (noise-adapted),2,0.2,21,20,20,True,0,0.0,0.0,0.16112515805281938,9,0.45,0.58654235605,
Qwen2.5-Coder-32B,thinking,Qwen2.5-Coder-32B / thinking (noise-adapted),2,0.2,21,20,20,True,6,0.3,0.1454772448676043,0.5189728183535235,19,0.95,2.845e-08,10520.0
Qwen2.5-Coder-14B,guided,Qwen2.5-Coder-14B / guided (noise-implicit),2,0.2,21,2,20,False,0,0.0,0.0,0.6576197724933469,1,0.5,0.10489617705,
Qwen2.5-Coder-14B,guided,Qwen2.5-Coder-14B / guided (noise-adapted),2,0.2,21,20,20,True,0,0.0,0.0,0.16112515805281938,0,0.0,1.94151457465,
Qwen2.5-Coder-14B,thinking,Qwen2.5-Coder-14B / thinking (noise-adapted),2,0.2,11,20,20,True,0,0.0,0.0,0.16112515805281938,0,0.0,2690.2576052797003,
Qwen2.5-Coder-32B,thinking,Qwen2.5-Coder-32B / thinking (noise-implicit),2,0.2,11,20,20,True,0,0.0,0.0,0.16112515805281938,0,0.0,9.821878066,
Qwen2.5-Coder-32B,baseline,Qwen2.5-Coder-32B / baseline (noise-implicit),2,0.2,11,20,20,True,0,0.0,0.0,0.16112515805281938,19,0.95,6.970535e-05,
Qwen2.5-Coder-14B,vectorization,Qwen2.5-Coder-14B / vectorization (noise-implicit),2,0.2,11,20,20,True,13,0.65,0.4328542766852363,0.8188081758989179,20,1.0,7.500000000000001e-09,19176.0
Qwen2.5-Coder-7B,guided,Qwen2.5-Coder-7B / guided (noise-adapted),2,0.2,11,20,20,True,0,0.0,0.0,0.16112515805281938,0,0.0,3.06080389825,
Qwen2.5-Coder-32B,guided,Qwen2.5-Coder-32B / guided (noise-implicit),2,0.2,11,20,20,True,0,0.0,0.0,0.16112515805281938,11,0.55,0.0055792149499999995,
Qwen2.5-Coder-7B,thinking,Qwen2.5-Coder-7B / thinking (noise-adapted),2,0.2,11,20,20,True,0,0.0,0.0,0.16112515805281938,0,0.0,7515184.067781093,
Qwen2.5-Coder-32B,vectorization,Qwen2.5-Coder-32B / vectorization (noise-implicit),2,0.2,11,20,20,True,20,1.0,0.8388748419471806,1.0,20,1.0,0.0,6180.0
Qwen2.5-Coder-7B,vectorization,Qwen2.5-Coder-7B / vectorization (noise-adapted),2,0.2,11,20,20,True,0,0.0,0.0,0.16112515805281938,0,0.0,3.1302787413499997,
Qwen2.5-Coder-7B,vectorization,Qwen2.5-Coder-7B / vectorization (noise-implicit),2,0.2,11,20,20,True,0,0.0,0.0,0.16112515805281938,2,0.1,0.040142697399999996,
Qwen2.5-Coder-32B,vectorization,Qwen2.5-Coder-32B / vectorization (noise-adapted),2,0.2,11,20,20,True,0,0.0,0.0,0.16112515805281938,2,0.1,0.0486069271,
Qwen2.5-Coder-7B,guided,Qwen2.5-Coder-7B / guided (noise-implicit),2,0.2,11,20,20,True,0,0.0,0.0,0.16112515805281938,0,0.0,2.67083677465,
Qwen2.5-Coder-32B,guided,Qwen2.5-Coder-32B / guided (noise-adapted),2,0.2,11,20,20,True,0,0.0,0.0,0.16112515805281938,0,0.0,0.6268563492,
Qwen2.5-Coder-7B,baseline,Qwen2.5-Coder-7B / baseline (noise-adapted),2,0.2,11,20,20,True,0,0.0,0.0,0.16112515805281938,3,0.15,1.6246449433999999,
Qwen2.5-Coder-14B,thinking,Qwen2.5-Coder-14B / thinking (noise-implicit),2,0.2,11,20,20,True,0,0.0,0.0,0.16112515805281938,0,0.0,0.9102104579,
Qwen2.5-Coder-14B,baseline,Qwen2.5-Coder-14B / baseline (noise-implicit),2,0.2,11,20,20,True,20,1.0,0.8388748419471806,1.0,20,1.0,0.0,10498.5
Qwen2.5-Coder-14B,baseline,Qwen2.5-Coder-14B / baseline (noise-adapted),2,0.2,11,20,20,True,0,0.0,0.0,0.16112515805281938,0,0.0,359.77099589299996,
Qwen2.5-Coder-14B,vectorization,Qwen2.5-Coder-14B / vectorization (noise-adapted),2,0.2,11,20,20,True,0,0.0,0.0,0.16112515805281938,0,0.0,9.488216396399999,
Qwen2.5-Coder-7B,baseline,Qwen2.5-Coder-7B / baseline (noise-implicit),2,0.2,11,20,20,True,0,0.0,0.0,0.16112515805281938,0,0.0,1.3679675819,
Qwen2.5-Coder-7B,thinking,Qwen2.5-Coder-7B / thinking (noise-implicit),2,0.2,11,20,20,True,0,0.0,0.0,0.16112515805281938,0,0.0,5.1594895025,
Qwen2.5-Coder-32B,baseline,Qwen2.5-Coder-32B / baseline (noise-adapted),2,0.2,11,20,20,True,0,0.0,0.0,0.16112515805281938,1,0.05,5.44688027765,
Qwen2.5-Coder-32B,thinking,Qwen2.5-Coder-32B / thinking (noise-adapted),2,0.2,11,20,20,True,0,0.0,0.0,0.16112515805281938,0,0.0,5.98750626635,
Qwen2.5-Coder-14B,guided,Qwen2.5-Coder-14B / guided (noise-implicit),2,0.2,11,20,20,True,0,0.0,0.0,0.16112515805281938,20,1.0,0.0001847958,
Qwen2.5-Coder-14B,guided,Qwen2.5-Coder-14B / guided (noise-adapted),2,0.2,11,20,20,True,0,0.0,0.0,0.16112515805281938,0,0.0,39.0770179372,
Qwen2.5-Coder-32B,thinking,Qwen2.5-Coder-32B / thinking (noise-implicit),2,0.0,8,20,20,True,0,0.0,0.0,0.16112515805281938,20,1.0,1.37069e-05,
Qwen2.5-Coder-32B,baseline,Qwen2.5-Coder-32B / baseline (noise-implicit),2,0.0,8,20,20,True,0,0.0,0.0,0.16112515805281938,15,0.75,0.006683209149999999,
Qwen2.5-Coder-14B,vectorization,Qwen2.5-Coder-14B / vectorization (noise-implicit),2,0.0,8,20,20,True,20,1.0,0.8388748419471806,1.0,20,1.0,0.0,6519.0
Qwen2.5-Coder-32B,vectorization,Qwen2.5-Coder-32B / vectorization,2,0.0,8,20,20,True,20,1.0,0.8388748419471806,1.0,20,1.0,0.0,2462.0
Qwen2.5-Coder-7B,baseline,Qwen2.5-Coder-7B / baseline,2,0.0,8,20,20,True,0,0.0,0.0,0.16112515805281938,0,0.0,794.1871402283,
Qwen2.5-Coder-32B,guided,Qwen2.5-Coder-32B / guided (noise-implicit),2,0.0,8,20,20,True,0,0.0,0.0,0.16112515805281938,19,0.95,0.0001557512,
Qwen2.5-Coder-32B,vectorization,Qwen2.5-Coder-32B / vectorization (noise-implicit),2,0.0,8,20,20,True,0,0.0,0.0,0.16112515805281938,12,0.6,0.0077359538000000005,
Qwen2.5-Coder-32B,thinking,Qwen2.5-Coder-32B / thinking,2,0.0,8,20,20,True,0,0.0,0.0,0.16112515805281938,20,1.0,9.499999999999999e-08,
Qwen2.5-Coder-14B,thinking,Qwen2.5-Coder-14B / thinking,2,0.0,8,20,20,True,10,0.5,0.29929800819821234,0.7007019918017876,20,1.0,9.750000000000001e-09,18678.5
Qwen2.5-Coder-14B,thinking,Qwen2.5-Coder-14B / thinking (noise-implicit),2,0.0,8,20,20,True,0,0.0,0.0,0.16112515805281938,7,0.35,0.028119479949999998,
Qwen2.5-Coder-14B,baseline,Qwen2.5-Coder-14B / baseline (noise-implicit),2,0.0,8,20,20,True,0,0.0,0.0,0.16112515805281938,0,0.0,771.6035720084001,
Qwen2.5-Coder-7B,guided,Qwen2.5-Coder-7B / guided,2,0.0,8,20,20,True,0,0.0,0.0,0.16112515805281938,20,1.0,0.0005245778,
Qwen2.5-Coder-14B,baseline,Qwen2.5-Coder-14B / baseline,2,0.0,8,20,20,True,5,0.25,0.11186170140766566,0.46870087761874407,20,1.0,1.61e-08,15220.0
Qwen2.5-Coder-7B,vectorization,Qwen2.5-Coder-7B / vectorization,2,0.0,8,20,20,True,0,0.0,0.0,0.16112515805281938,13,0.65,3.2616000000000002e-06,
Qwen2.5-Coder-14B,vectorization,Qwen2.5-Coder-14B / vectorization,2,0.0,8,20,20,True,7,0.35,0.1811918241010821,0.5671457233147637,20,1.0,3.0695e-07,5190.0
Qwen2.5-Coder-14B,guided,Qwen2.5-Coder-14B / guided (noise-implicit),2,0.0,8,20,20,True,1,0.05,0.008881448800795402,0.23613119344674205,20,1.0,8.56e-08,19928.0
Qwen2.5-Coder-32B,baseline,Qwen2.5-Coder-32B / baseline,2,0.0,8,20,20,True,20,1.0,0.8388748419471806,1.0,20,1.0,0.0,5320.5
Qwen2.5-Coder-7B,thinking,Qwen2.5-Coder-7B / thinking,2,0.0,8,20,20,True,20,1.0,0.8388748419471806,1.0,20,1.0,0.0,13238.5
Qwen2.5-Coder-32B,guided,Qwen2.5-Coder-32B / guided,2,0.0,8,20,20,True,20,1.0,0.8388748419471806,1.0,20,1.0,1e-10,15668.0
Qwen2.5-Coder-14B,guided,Qwen2.5-Coder-14B / guided,2,0.0,8,20,20,True,0,0.0,0.0,0.16112515805281938,20,1.0,4.1674999999999997e-07,
Qwen2.5-Coder-32B,thinking,Qwen2.5-Coder-32B / thinking (noise-implicit),2,0.0,1,20,20,True,20,1.0,0.8388748419471806,1.0,20,1.0,0.0,11873.0
Qwen2.5-Coder-32B,baseline,Qwen2.5-Coder-32B / baseline (noise-implicit),2,0.0,1,20,20,True,0,0.0,0.0,0.16112515805281938,20,1.0,3.516e-06,
Qwen2.5-Coder-14B,vectorization,Qwen2.5-Coder-14B / vectorization (noise-implicit),2,0.0,1,20,20,True,13,0.65,0.4328542766852363,0.8188081758989179,20,1.0,6.399999999999999e-09,19296.0
Qwen2.5-Coder-32B,vectorization,Qwen2.5-Coder-32B / vectorization,2,0.0,1,20,20,True,20,1.0,0.8388748419471806,1.0,20,1.0,0.0,5759.0
Qwen2.5-Coder-7B,baseline,Qwen2.5-Coder-7B / baseline,2,0.0,1,20,20,True,0,0.0,0.0,0.16112515805281938,20,1.0,1.09337e-05,
Qwen2.5-Coder-32B,guided,Qwen2.5-Coder-32B / guided (noise-implicit),2,0.0,1,20,20,True,1,0.05,0.008881448800795402,0.23613119344674205,20,1.0,4.919e-07,18141.0
Qwen2.5-Coder-32B,vectorization,Qwen2.5-Coder-32B / vectorization (noise-implicit),2,0.0,1,20,20,True,20,1.0,0.8388748419471806,1.0,20,1.0,0.0,5004.0
Qwen2.5-Coder-32B,thinking,Qwen2.5-Coder-32B / thinking,2,0.0,1,20,20,True,20,1.0,0.8388748419471806,1.0,20,1.0,0.0,1309.0
Qwen2.5-Coder-14B,thinking,Qwen2.5-Coder-14B / thinking,2,0.0,1,20,20,True,20,1.0,0.8388748419471806,1.0,20,1.0,0.0,559.5
Qwen2.5-Coder-14B,thinking,Qwen2.5-Coder-14B / thinking (noise-implicit),2,0.0,1,20,20,True,1,0.05,0.008881448800795402,0.23613119344674205,20,1.0,3.81805e-06,11967.0
Qwen2.5-Coder-14B,baseline,Qwen2.5-Coder-14B / baseline (noise-implicit),2,0.0,1,20,20,True,20,1.0,0.8388748419471806,1.0,20,1.0,0.0,7077.0
Qwen2.5-Coder-7B,guided,Qwen2.5-Coder-7B / guided,2,0.0,1,20,20,True,0,0.0,0.0,0.16112515805281938,20,1.0,1.5425999999999999e-06,
Qwen2.5-Coder-14B,baseline,Qwen2.5-Coder-14B / baseline,2,0.0,1,20,20,True,2,0.1,0.027866481213768224,0.3010336452284873,20,1.0,4.8475e-07,19646.0
Qwen2.5-Coder-7B,vectorization,Qwen2.5-Coder-7B / vectorization,2,0.0,1,20,20,True,20,1.0,0.8388748419471806,1.0,20,1.0,2.5e-09,15733.5
Qwen2.5-Coder-14B,vectorization,Qwen2.5-Coder-14B / vectorization,2,0.0,1,20,20,True,20,1.0,0.8388748419471806,1.0,20,1.0,0.0,2607.0
Qwen2.5-Coder-14B,guided,Qwen2.5-Coder-14B / guided (noise-implicit),2,0.0,1,20,20,True,20,1.0,0.8388748419471806,1.0,20,1.0,0.0,6197.0
Qwen2.5-Coder-32B,baseline,Qwen2.5-Coder-32B / baseline,2,0.0,1,20,20,True,0,0.0,0.0,0.16112515805281938,0,0.0,0.592612344,
Qwen2.5-Coder-7B,thinking,Qwen2.5-Coder-7B / thinking,2,0.0,1,20,20,True,0,0.0,0.0,0.16112515805281938,11,0.55,0.007966814400000001,
Qwen2.5-Coder-3B,vectorization,Qwen2.5-Coder-3B / vectorization,2,0.0,1,20,20,True,10,0.5,0.29929800819821234,0.7007019918017876,20,1.0,1.0850000000000001e-08,9177.5
Qwen2.5-Coder-32B,guided,Qwen2.5-Coder-32B / guided,2,0.0,1,20,20,True,0,0.0,0.0,0.16112515805281938,20,1.0,0.0023720414,
Qwen2.5-Coder-14B,guided,Qwen2.5-Coder-14B / guided,2,0.0,1,20,20,True,2,0.1,0.027866481213768224,0.3010336452284873,5,0.25,1.03296958955,879.5
Qwen2.5-Coder-32B,thinking,Qwen2.5-Coder-32B / thinking (noise-implicit),2,0.0,15,20,20,True,0,0.0,0.0,0.16112515805281938,3,0.15,1.9899316725,
Qwen2.5-Coder-32B,baseline,Qwen2.5-Coder-32B / baseline (noise-implicit),2,0.0,15,20,20,True,0,0.0,0.0,0.16112515805281938,2,0.1,0.14467627630000002,
Qwen2.5-Coder-14B,vectorization,Qwen2.5-Coder-14B / vectorization (noise-implicit),2,0.0,15,20,20,True,0,0.0,0.0,0.16112515805281938,20,1.0,0.0013527517,
Qwen2.5-Coder-32B,vectorization,Qwen2.5-Coder-32B / vectorization,2,0.0,15,20,20,True,20,1.0,0.8388748419471806,1.0,20,1.0,0.0,10475.0
Qwen2.5-Coder-7B,baseline,Qwen2.5-Coder-7B / baseline,2,0.0,15,20,20,True,0,0.0,0.0,0.16112515805281938,0,0.0,0.32452441585,
Qwen2.5-Coder-32B,guided,Qwen2.5-Coder-32B / guided (noise-implicit),2,0.0,15,20,20,True,17,0.85,0.6395811352592431,0.9476312541037835,17,0.85,0.0,1882.0
Qwen2.5-Coder-32B,vectorization,Qwen2.5-Coder-32B / vectorization (noise-implicit),2,0.0,15,20,20,True,0,0.0,0.0,0.16112515805281938,10,0.5,0.0090299314,
Qwen2.5-Coder-32B,thinking,Qwen2.5-Coder-32B / thinking,2,0.0,15,20,20,True,20,1.0,0.8388748419471806,1.0,20,1.0,0.0,7458.5
Qwen2.5-Coder-14B,thinking,Qwen2.5-Coder-14B / thinking,2,0.0,15,20,20,True,19,0.95,0.763868806553258,0.9911185511992047,19,0.95,0.0,5179.0
Qwen2.5-Coder-14B,thinking,Qwen2.5-Coder-14B / thinking (noise-implicit),2,0.0,15,20,20,True,0,0.0,0.0,0.16112515805281938,0,0.0,3.57382008075,
Qwen2.5-Coder-14B,baseline,Qwen2.5-Coder-14B / baseline (noise-implicit),2,0.0,15,20,20,True,0,0.0,0.0,0.16112515805281938,0,0.0,8.9438759594,
Qwen2.5-Coder-3B,thinking,Qwen2.5-Coder-3B / thinking,2,0.0,15,20,20,True,0,0.0,0.0,0.16112515805281938,1,0.05,4.97481428895,
Qwen2.5-Coder-7B,guided,Qwen2.5-Coder-7B / guided,2,0.0,15,20,20,True,0,0.0,0.0,0.16112515805281938,0,0.0,0.4604719758,
Qwen2.5-Coder-14B,baseline,Qwen2.5-Coder-14B / baseline,2,0.0,15,20,20,True,0,0.0,0.0,0.16112515805281938,1,0.05,1.00284661415,
Qwen2.5-Coder-7B,vectorization,Qwen2.5-Coder-7B / vectorization,2,0.0,15,20,20,True,19,0.95,0.763868806553258,0.9911185511992047,20,1.0,0.0,5460.0
Qwen2.5-Coder-14B,vectorization,Qwen2.5-Coder-14B / vectorization,2,0.0,15,20,20,True,20,1.0,0.8388748419471806,1.0,20,1.0,0.0,6373.5
Qwen2.5-Coder-14B,guided,Qwen2.5-Coder-14B / guided (noise-implicit),2,0.0,15,20,20,True,0,0.0,0.0,0.16112515805281938,13,0.65,0.00680449625,
Qwen2.5-Coder-32B,baseline,Qwen2.5-Coder-32B / baseline,2,0.0,15,20,20,True,14,0.7,0.4810271816464765,0.8545227551323956,20,1.0,1e-10,16789.0
Qwen2.5-Coder-7B,thinking,Qwen2.5-Coder-7B / thinking,2,0.0,15,20,20,True,0,0.0,0.0,0.16112515805281938,12,0.6,0.0025432387,
Qwen2.5-Coder-3B,vectorization,Qwen2.5-Coder-3B / vectorization,2,0.0,15,15,20,False,0,0.0,0.0,0.20388330103584862,0,0.0,2.0255016471,
Qwen2.5-Coder-32B,guided,Qwen2.5-Coder-32B / guided,2,0.0,15,20,20,True,0,0.0,0.0,0.16112515805281938,12,0.6,0.00732797765,
Qwen2.5-Coder-14B,guided,Qwen2.5-Coder-14B / guided,2,0.0,15,20,20,True,7,0.35,0.1811918241010821,0.5671457233147637,18,0.9,0.00016233505000000001,4948.0
Qwen2.5-Coder-14B,vectorization,Qwen2.5-Coder-14B / vectorization (noise-implicit),2,0.0,21,20,20,True,15,0.75,0.531299122381256,0.8881382985923343,15,0.75,1e-10,2142.0
Qwen2.5-Coder-32B,vectorization,Qwen2.5-Coder-32B / vectorization,2,0.0,21,20,20,True,2,0.1,0.027866481213768224,0.3010336452284873,15,0.75,1.53545e-06,9646.0
Qwen2.5-Coder-7B,baseline,Qwen2.5-Coder-7B / baseline,2,0.0,21,20,20,True,5,0.25,0.11186170140766566,0.46870087761874407,5,0.25,1.2453723907,638.0
Qwen2.5-Coder-32B,thinking,Qwen2.5-Coder-32B / thinking,2,0.0,21,20,20,True,11,0.55,0.3420853424503424,0.7418021417443758,20,1.0,4.1e-09,16287.0
Qwen2.5-Coder-3B,guided,Qwen2.5-Coder-3B / guided,2,0.0,21,20,20,True,2,0.1,0.027866481213768224,0.3010336452284873,20,1.0,5.602e-07,16373.0
Qwen2.5-Coder-14B,thinking,Qwen2.5-Coder-14B / thinking,2,0.0,21,20,20,True,1,0.05,0.008881448800795402,0.23613119344674205,8,0.4,0.48690899649999997,229.0
Qwen2.5-Coder-14B,thinking,Qwen2.5-Coder-14B / thinking (noise-implicit),2,0.0,21,20,20,True,0,0.0,0.0,0.16112515805281938,5,0.25,0.03372813365,
Qwen2.5-Coder-14B,baseline,Qwen2.5-Coder-14B / baseline (noise-implicit),2,0.0,21,20,20,True,20,1.0,0.8388748419471806,1.0,20,1.0,0.0,4592.5
Qwen2.5-Coder-3B,thinking,Qwen2.5-Coder-3B / thinking,2,0.0,21,20,20,True,0,0.0,0.0,0.16112515805281938,2,0.1,1.9023166084,
Qwen2.5-Coder-7B,guided,Qwen2.5-Coder-7B / guided,2,0.0,21,20,20,True,20,1.0,0.8388748419471806,1.0,20,1.0,0.0,1542.5
Qwen2.5-Coder-14B,baseline,Qwen2.5-Coder-14B / baseline,2,0.0,21,20,20,True,3,0.15,0.052368745896216595,0.36041886474075696,20,1.0,1.723e-07,11507.0
Qwen2.5-Coder-7B,vectorization,Qwen2.5-Coder-7B / vectorization,2,0.0,21,20,20,True,11,0.55,0.3420853424503424,0.7418021417443758,17,0.85,8.2e-09,2084.0
Qwen2.5-Coder-14B,vectorization,Qwen2.5-Coder-14B / vectorization,2,0.0,21,20,20,True,16,0.8,0.5839825677481064,0.919342337420202,16,0.8,0.0,2720.0
Qwen2.5-Coder-14B,guided,Qwen2.5-Coder-14B / guided (noise-implicit),2,0.0,21,20,20,True,13,0.65,0.4328542766852363,0.8188081758989179,13,0.65,0.0,3381.0
Qwen2.5-Coder-32B,baseline,Qwen2.5-Coder-32B / baseline,2,0.0,21,20,20,True,1,0.05,0.008881448800795402,0.23613119344674205,10,0.5,0.3459297481,12358.0
Qwen2.5-Coder-7B,thinking,Qwen2.5-Coder-7B / thinking,2,0.0,21,20,20,True,0,0.0,0.0,0.16112515805281938,2,0.1,0.3010442743,
Qwen2.5-Coder-32B,guided,Qwen2.5-Coder-32B / guided,2,0.0,21,20,20,True,1,0.05,0.008881448800795402,0.23613119344674205,20,1.0,1.604785e-05,2042.0
Qwen2.5-Coder-14B,guided,Qwen2.5-Coder-14B / guided,2,0.0,21,20,20,True,2,0.1,0.027866481213768224,0.3010336452284873,17,0.85,1.277e-07,7014.5
Qwen2.5-Coder-32B,thinking,Qwen2.5-Coder-32B / thinking (noise-implicit),2,0.0,11,20,20,True,0,0.0,0.0,0.16112515805281938,0,0.0,0.8553132431,
Qwen2.5-Coder-32B,baseline,Qwen2.5-Coder-32B / baseline (noise-implicit),2,0.0,11,20,20,True,0,0.0,0.0,0.16112515805281938,1,0.05,0.51063831515,
Qwen2.5-Coder-14B,vectorization,Qwen2.5-Coder-14B / vectorization (noise-implicit),2,0.0,11,20,20,True,0,0.0,0.0,0.16112515805281938,3,0.15,0.4900085362,
Qwen2.5-Coder-32B,vectorization,Qwen2.5-Coder-32B / vectorization,2,0.0,11,20,20,True,20,1.0,0.8388748419471806,1.0,20,1.0,0.0,2892.0
Qwen2.5-Coder-7B,baseline,Qwen2.5-Coder-7B / baseline,2,0.0,11,20,20,True,0,0.0,0.0,0.16112515805281938,0,0.0,12.064238888599998,
Qwen2.5-Coder-32B,guided,Qwen2.5-Coder-32B / guided (noise-implicit),2,0.0,11,20,20,True,0,0.0,0.0,0.16112515805281938,2,0.1,0.6866007792,
Qwen2.5-Coder-32B,vectorization,Qwen2.5-Coder-32B / vectorization (noise-implicit),2,0.0,11,20,20,True,0,0.0,0.0,0.16112515805281938,19,0.95,4.94005e-06,
Qwen2.5-Coder-32B,thinking,Qwen2.5-Coder-32B / thinking,2,0.0,11,20,20,True,0,0.0,0.0,0.16112515805281938,9,0.45,0.012359191700000001,
Qwen2.5-Coder-14B,thinking,Qwen2.5-Coder-14B / thinking,2,0.0,11,20,20,True,0,0.0,0.0,0.16112515805281938,2,0.1,2.1667897119,
Qwen2.5-Coder-14B,thinking,Qwen2.5-Coder-14B / thinking (noise-implicit),2,0.0,11,20,20,True,0,0.0,0.0,0.16112515805281938,0,0.0,0.69609210755,
Qwen2.5-Coder-14B,baseline,Qwen2.5-Coder-14B / baseline (noise-implicit),2,0.0,11,20,20,True,18,0.9,0.6989663547715128,0.9721335187862319,18,0.9,0.0,3243.0
Qwen2.5-Coder-7B,guided,Qwen2.5-Coder-7B / guided,2,0.0,11,20,20,True,0,0.0,0.0,0.16112515805281938,9,0.45,0.012593763899999999,
Qwen2.5-Coder-14B,baseline,Qwen2.5-Coder-14B / baseline,2,0.0,11,20,20,True,0,0.0,0.0,0.16112515805281938,11,0.55,0.00946552165,
Qwen2.5-Coder-7B,vectorization,Qwen2.5-Coder-7B / vectorization,2,0.0,11,20,20,True,0,0.0,0.0,0.16112515805281938,7,0.35,0.06080859095,
Qwen2.5-Coder-14B,vectorization,Qwen2.5-Coder-14B / vectorization,2,0.0,11,20,20,True,0,0.0,0.0,0.16112515805281938,0,0.0,4.19660863065,
Qwen2.5-Coder-14B,guided,Qwen2.5-Coder-14B / guided (noise-implicit),2,0.0,11,20,20,True,0,0.0,0.0,0.16112515805281938,1,0.05,0.95629212155,
Qwen2.5-Coder-32B,baseline,Qwen2.5-Coder-32B / baseline,2,0.0,11,20,20,True,0,0.0,0.0,0.16112515805281938,9,0.45,0.0307172951,
Qwen2.5-Coder-7B,thinking,Qwen2.5-Coder-7B / thinking,2,0.0,11,14,20,False,0,0.0,1.3877787807814457e-17,0.2153108027376358,8,0.5714285714285714,0.008073140749999999,
Qwen2.5-Coder-3B,vectorization,Qwen2.5-Coder-3B / vectorization,2,0.0,11,20,20,True,0,0.0,0.0,0.16112515805281938,0,0.0,22.4887813717,
Qwen2.5-Coder-32B,guided,Qwen2.5-Coder-32B / guided,2,0.0,11,20,20,True,20,1.0,0.8388748419471806,1.0,20,1.0,0.0,7586.5
Qwen2.5-Coder-14B,guided,Qwen2.5-Coder-14B / guided,2,0.0,11,20,20,True,0,0.0,0.0,0.16112515805281938,5,0.25,0.75904282085,
Qwen2.5-Coder-14B,thinking,Qwen2.5-Coder-14B / thinking (noise-adapted),2,0.1,8,20,20,True,0,0.0,0.0,0.16112515805281938,17,0.85,0.00280372455,
Qwen2.5-Coder-32B,thinking,Qwen2.5-Coder-32B / thinking (noise-implicit),2,0.1,8,20,20,True,0,0.0,0.0,0.16112515805281938,10,0.5,0.00886657035,
Qwen2.5-Coder-32B,baseline,Qwen2.5-Coder-32B / baseline (noise-implicit),2,0.1,8,20,20,True,0,0.0,0.0,0.16112515805281938,11,0.55,0.0087435012,
Qwen2.5-Coder-14B,vectorization,Qwen2.5-Coder-14B / vectorization (noise-implicit),2,0.1,8,20,20,True,0,0.0,0.0,0.16112515805281938,20,1.0,0.00027237425,
Qwen2.5-Coder-7B,guided,Qwen2.5-Coder-7B / guided (noise-adapted),2,0.1,8,20,20,True,0,0.0,0.0,0.16112515805281938,0,0.0,0.52833746135,
Qwen2.5-Coder-32B,guided,Qwen2.5-Coder-32B / guided (noise-implicit),2,0.1,8,20,20,True,0,0.0,0.0,0.16112515805281938,17,0.85,0.00292874755,
Qwen2.5-Coder-7B,thinking,Qwen2.5-Coder-7B / thinking (noise-adapted),2,0.1,8,20,20,True,0,0.0,0.0,0.16112515805281938,1,0.05,1.5529773169999999,
Qwen2.5-Coder-32B,vectorization,Qwen2.5-Coder-32B / vectorization (noise-implicit),2,0.1,8,20,20,True,20,1.0,0.8388748419471806,1.0,20,1.0,0.0,8754.0
Qwen2.5-Coder-7B,vectorization,Qwen2.5-Coder-7B / vectorization (noise-adapted),2,0.1,8,20,20,True,0,0.0,0.0,0.16112515805281938,5,0.25,0.0139301431,
Qwen2.5-Coder-7B,vectorization,Qwen2.5-Coder-7B / vectorization (noise-implicit),2,0.1,8,20,20,True,0,0.0,0.0,0.16112515805281938,1,0.05,0.874936767,
Qwen2.5-Coder-32B,vectorization,Qwen2.5-Coder-32B / vectorization (noise-adapted),2,0.1,8,20,20,True,0,0.0,0.0,0.16112515805281938,20,1.0,0.0003595321,
Qwen2.5-Coder-7B,guided,Qwen2.5-Coder-7B / guided (noise-implicit),2,0.1,8,20,20,True,0,0.0,0.0,0.16112515805281938,8,0.4,0.0206725899,
Qwen2.5-Coder-32B,guided,Qwen2.5-Coder-32B / guided (noise-adapted),2,0.1,8,20,20,True,0,0.0,0.0,0.16112515805281938,17,0.85,0.00034932210000000003,
Qwen2.5-Coder-7B,baseline,Qwen2.5-Coder-7B / baseline (noise-adapted),2,0.1,8,2,20,False,0,0.0,0.0,0.6576197724933469,0,0.0,6.433483792950001,
Qwen2.5-Coder-14B,thinking,Qwen2.5-Coder-14B / thinking (noise-implicit),2,0.1,8,20,20,True,0,0.0,0.0,0.16112515805281938,0,0.0,0.0632579388,
Qwen2.5-Coder-14B,baseline,Qwen2.5-Coder-14B / baseline (noise-implicit),2,0.1,8,20,20,True,20,1.0,0.8388748419471806,1.0,20,1.0,0.0,3274.5
Qwen2.5-Coder-14B,baseline,Qwen2.5-Coder-14B / baseline (noise-adapted),2,0.1,8,20,20,True,0,0.0,0.0,0.16112515805281938,20,1.0,0.0006947292999999999,
Qwen2.5-Coder-14B,vectorization,Qwen2.5-Coder-14B / vectorization (noise-adapted),2,0.1,8,20,20,True,1,0.05,0.008881448800795402,0.23613119344674205,20,1.0,3.5390999999999997e-06,19007.0
Qwen2.5-Coder-7B,baseline,Qwen2.5-Coder-7B / baseline (noise-implicit),2,0.1,8,20,20,True,0,0.0,0.0,0.16112515805281938,2,0.1,0.09403786055,
Qwen2.5-Coder-7B,thinking,Qwen2.5-Coder-7B / thinking (noise-implicit),2,0.1,8,20,20,True,0,0.0,0.0,0.16112515805281938,5,0.25,0.021102407599999998,
Qwen2.5-Coder-32B,baseline,Qwen2.5-Coder-32B / baseline (noise-adapted),2,0.1,8,20,20,True,0,0.0,0.0,0.16112515805281938,9,0.45,0.01456928825,
Qwen2.5-Coder-32B,thinking,Qwen2.5-Coder-32B / thinking (noise-adapted),2,0.1,8,20,20,True,0,0.0,0.0,0.16112515805281938,9,0.45,0.0129700588,
Qwen2.5-Coder-14B,guided,Qwen2.5-Coder-14B / guided (noise-implicit),2,0.1,8,20,20,True,0,0.0,0.0,0.16112515805281938,7,0.35,0.02641412785,
Qwen2.5-Coder-14B,guided,Qwen2.5-Coder-14B / guided (noise-adapted),2,0.1,8,20,20,True,20,1.0,0.8388748419471806,1.0,20,1.0,0.0,3928.5
Qwen2.5-Coder-14B,thinking,Qwen2.5-Coder-14B / thinking (noise-adapted),2,0.1,1,20,20,True,1,0.05,0.008881448800795402,0.23613119344674205,20,1.0,1.8895e-07,18911.0
Qwen2.5-Coder-32B,thinking,Qwen2.5-Coder-32B / thinking (noise-implicit),2,0.1,1,20,20,True,20,1.0,0.8388748419471806,1.0,20,1.0,0.0,818.5
Qwen2.5-Coder-32B,baseline,Qwen2.5-Coder-32B / baseline (noise-implicit),2,0.1,1,20,20,True,20,1.0,0.8388748419471806,1.0,20,1.0,0.0,1124.0
Qwen2.5-Coder-14B,vectorization,Qwen2.5-Coder-14B / vectorization (noise-implicit),2,0.1,1,20,20,True,20,1.0,0.8388748419471806,1.0,20,1.0,0.0,7692.5
Qwen2.5-Coder-7B,guided,Qwen2.5-Coder-7B / guided (noise-adapted),2,0.1,1,20,20,True,0,0.0,0.0,0.16112515805281938,2,0.1,0.07976800565,
Qwen2.5-Coder-32B,guided,Qwen2.5-Coder-32B / guided (noise-implicit),2,0.1,1,20,20,True,0,0.0,0.0,0.16112515805281938,20,1.0,5.922845e-05,
Qwen2.5-Coder-7B,thinking,Qwen2.5-Coder-7B / thinking (noise-adapted),2,0.1,1,20,20,True,0,0.0,0.0,0.16112515805281938,2,0.1,0.36801841525,
Qwen2.5-Coder-32B,vectorization,Qwen2.5-Coder-32B / vectorization (noise-implicit),2,0.1,1,20,20,True,20,1.0,0.8388748419471806,1.0,20,1.0,0.0,862.5
Qwen2.5-Coder-7B,vectorization,Qwen2.5-Coder-7B / vectorization (noise-adapted),2,0.1,1,20,20,True,0,0.0,0.0,0.16112515805281938,1,0.05,0.14729698735000002,
Qwen2.5-Coder-7B,vectorization,Qwen2.5-Coder-7B / vectorization (noise-implicit),2,0.1,1,20,20,True,20,1.0,0.8388748419471806,1.0,20,1.0,0.0,1289.5
Qwen2.5-Coder-32B,vectorization,Qwen2.5-Coder-32B / vectorization (noise-adapted),2,0.1,1,20,20,True,0,0.0,0.0,0.16112515805281938,20,1.0,0.00010268215,
Qwen2.5-Coder-7B,guided,Qwen2.5-Coder-7B / guided (noise-implicit),2,0.1,1,20,20,True,20,1.0,0.8388748419471806,1.0,20,1.0,0.0,6950.0
Qwen2.5-Coder-32B,guided,Qwen2.5-Coder-32B / guided (noise-adapted),2,0.1,1,20,20,True,0,0.0,0.0,0.16112515805281938,20,1.0,2.0309499999999996e-06,
Qwen2.5-Coder-7B,baseline,Qwen2.5-Coder-7B / baseline (noise-adapted),2,0.1,1,20,20,True,0,0.0,0.0,0.16112515805281938,18,0.9,0.0030551661000000003,
Qwen2.5-Coder-14B,thinking,Qwen2.5-Coder-14B / thinking (noise-implicit),2,0.1,1,20,20,True,20,1.0,0.8388748419471806,1.0,20,1.0,0.0,2447.5
Qwen2.5-Coder-14B,baseline,Qwen2.5-Coder-14B / baseline (noise-implicit),2,0.1,1,20,20,True,20,1.0,0.8388748419471806,1.0,20,1.0,0.0,2417.5
Qwen2.5-Coder-14B,baseline,Qwen2.5-Coder-14B / baseline (noise-adapted),2,0.1,1,20,20,True,0,0.0,0.0,0.16112515805281938,6,0.3,0.0817550403,
Qwen2.5-Coder-14B,vectorization,Qwen2.5-Coder-14B / vectorization (noise-adapted),2,0.1,1,20,20,True,0,0.0,0.0,0.16112515805281938,20,1.0,0.00058662725,
Qwen2.5-Coder-7B,baseline,Qwen2.5-Coder-7B / baseline (noise-implicit),2,0.1,1,20,20,True,20,1.0,0.8388748419471806,1.0,20,1.0,0.0,2313.0
Qwen2.5-Coder-7B,thinking,Qwen2.5-Coder-7B / thinking (noise-implicit),2,0.1,1,20,20,True,0,0.0,0.0,0.16112515805281938,1,0.05,0.4419784081,
Qwen2.5-Coder-32B,baseline,Qwen2.5-Coder-32B / baseline (noise-adapted),2,0.1,1,20,20,True,20,1.0,0.8388748419471806,1.0,20,1.0,0.0,13993.5
Qwen2.5-Coder-32B,thinking,Qwen2.5-Coder-32B / thinking (noise-adapted),2,0.1,1,20,20,True,0,0.0,0.0,0.16112515805281938,20,1.0,6.9566500000000006e-06,
Qwen2.5-Coder-14B,guided,Qwen2.5-Coder-14B / guided (noise-implicit),2,0.1,1,20,20,True,0,0.0,0.0,0.16112515805281938,2,0.1,5.57688012775,
Qwen2.5-Coder-14B,guided,Qwen2.5-Coder-14B / guided (noise-adapted),2,0.1,1,20,20,True,0,0.0,0.0,0.16112515805281938,20,1.0,1.21935e-06,
Qwen2.5-Coder-14B,thinking,Qwen2.5-Coder-14B / thinking (noise-adapted),2,0.1,15,20,20,True,0,0.0,0.0,0.16112515805281938,1,0.05,0.2383284132,
Qwen2.5-Coder-32B,thinking,Qwen2.5-Coder-32B / thinking (noise-implicit),2,0.1,15,20,20,True,0,0.0,0.0,0.16112515805281938,0,0.0,2.5880982471,
Qwen2.5-Coder-32B,baseline,Qwen2.5-Coder-32B / baseline (noise-implicit),2,0.1,15,20,20,True,0,0.0,0.0,0.16112515805281938,0,0.0,1.316941738,
Qwen2.5-Coder-14B,vectorization,Qwen2.5-Coder-14B / vectorization (noise-implicit),2,0.1,15,20,20,True,20,1.0,0.8388748419471806,1.0,20,1.0,0.0,5564.0
Qwen2.5-Coder-7B,guided,Qwen2.5-Coder-7B / guided (noise-adapted),2,0.1,15,20,20,True,0,0.0,0.0,0.16112515805281938,0,0.0,0.09191679275,
Qwen2.5-Coder-32B,guided,Qwen2.5-Coder-32B / guided (noise-implicit),2,0.1,15,20,20,True,19,0.95,0.763868806553258,0.9911185511992047,20,1.0,0.0,12551.0
Qwen2.5-Coder-7B,thinking,Qwen2.5-Coder-7B / thinking (noise-adapted),2,0.1,15,20,20,True,0,0.0,0.0,0.16112515805281938,0,0.0,5.380288365149999,
Qwen2.5-Coder-32B,vectorization,Qwen2.5-Coder-32B / vectorization (noise-implicit),2,0.1,15,20,20,True,0,0.0,0.0,0.16112515805281938,1,0.05,0.5424616913,
Qwen2.5-Coder-7B,vectorization,Qwen2.5-Coder-7B / vectorization (noise-adapted),2,0.1,15,20,20,True,0,0.0,0.0,0.16112515805281938,0,0.0,8.57040624785,
Qwen2.5-Coder-7B,vectorization,Qwen2.5-Coder-7B / vectorization (noise-implicit),2,0.1,15,20,20,True,0,0.0,0.0,0.16112515805281938,1,0.05,1.0148385676,
Qwen2.5-Coder-32B,vectorization,Qwen2.5-Coder-32B / vectorization (noise-adapted),2,0.1,15,20,20,True,0,0.0,0.0,0.16112515805281938,0,0.0,0.9086170569,
Qwen2.5-Coder-7B,guided,Qwen2.5-Coder-7B / guided (noise-implicit),2,0.1,15,20,20,True,0,0.0,0.0,0.16112515805281938,0,0.0,0.8784193823499999,
Qwen2.5-Coder-32B,guided,Qwen2.5-Coder-32B / guided (noise-adapted),2,0.1,15,20,20,True,0,0.0,0.0,0.16112515805281938,12,0.6,0.00266537745,
Qwen2.5-Coder-7B,baseline,Qwen2.5-Coder-7B / baseline (noise-adapted),2,0.1,15,20,20,True,0,0.0,0.0,0.16112515805281938,7,0.35,0.9952106917,
Qwen2.5-Coder-14B,thinking,Qwen2.5-Coder-14B / thinking (noise-implicit),2,0.1,15,20,20,True,0,0.0,0.0,0.16112515805281938,1,0.05,0.1371623375,
Qwen2.5-Coder-14B,baseline,Qwen2.5-Coder-14B / baseline (noise-implicit),2,0.1,15,20,20,True,0,0.0,0.0,0.16112515805281938,0,0.0,3.1441951481,
Qwen2.5-Coder-14B,baseline,Qwen2.5-Coder-14B / baseline (noise-adapted),2,0.1,15,20,20,True,0,0.0,0.0,0.16112515805281938,0,0.0,4.4878305675,
Qwen2.5-Coder-14B,vectorization,Qwen2.5-Coder-14B / vectorization (noise-adapted),2,0.1,15,20,20,True,0,0.0,0.0,0.16112515805281938,0,0.0,1.75614424355,
Qwen2.5-Coder-7B,baseline,Qwen2.5-Coder-7B / baseline (noise-implicit),2,0.1,15,20,20,True,0,0.0,0.0,0.16112515805281938,13,0.65,0.0061745876,
Qwen2.5-Coder-7B,thinking,Qwen2.5-Coder-7B / thinking (noise-implicit),2,0.1,15,20,20,True,0,0.0,0.0,0.16112515805281938,0,0.0,4.268238104,
Qwen2.5-Coder-32B,baseline,Qwen2.5-Coder-32B / baseline (noise-adapted),2,0.1,15,20,20,True,0,0.0,0.0,0.16112515805281938,14,0.7,0.004429411899999999,
Qwen2.5-Coder-32B,thinking,Qwen2.5-Coder-32B / thinking (noise-adapted),2,0.1,15,20,20,True,0,0.0,0.0,0.16112515805281938,0,0.0,1.8892441940000002,
Qwen2.5-Coder-14B,guided,Qwen2.5-Coder-14B / guided (noise-implicit),2,0.1,15,20,20,True,0,0.0,0.0,0.16112515805281938,2,0.1,0.053088369499999996,
Qwen2.5-Coder-14B,guided,Qwen2.5-Coder-14B / guided (noise-adapted),2,0.1,15,20,20,True,0,0.0,0.0,0.16112515805281938,0,0.0,201.9848294954,
Qwen2.5-Coder-14B,thinking,Qwen2.5-Coder-14B / thinking (noise-adapted),2,0.1,21,20,20,True,0,0.0,0.0,0.16112515805281938,15,0.75,0.0008189271499999999,
Qwen2.5-Coder-32B,thinking,Qwen2.5-Coder-32B / thinking (noise-implicit),2,0.1,21,20,20,True,0,0.0,0.0,0.16112515805281938,20,1.0,0.00026501045,
Qwen2.5-Coder-32B,baseline,Qwen2.5-Coder-32B / baseline (noise-implicit),2,0.1,21,20,20,True,0,0.0,0.0,0.16112515805281938,16,0.8,1.7195349999999998e-05,
Qwen2.5-Coder-14B,vectorization,Qwen2.5-Coder-14B / vectorization (noise-implicit),2,0.1,21,20,20,True,18,0.9,0.6989663547715128,0.9721335187862319,18,0.9,0.0,1885.5
Qwen2.5-Coder-7B,guided,Qwen2.5-Coder-7B / guided (noise-adapted),2,0.1,21,20,20,True,0,0.0,0.0,0.16112515805281938,12,0.6,0.0048150229,
Qwen2.5-Coder-32B,guided,Qwen2.5-Coder-32B / guided (noise-implicit),2,0.1,21,20,20,True,20,1.0,0.8388748419471806,1.0,20,1.0,0.0,4214.0
Qwen2.5-Coder-7B,thinking,Qwen2.5-Coder-7B / thinking (noise-adapted),2,0.1,21,20,20,True,0,0.0,0.0,0.16112515805281938,1,0.05,0.48932978485,
Qwen2.5-Coder-32B,vectorization,Qwen2.5-Coder-32B / vectorization (noise-implicit),2,0.1,21,20,20,True,20,1.0,0.8388748419471806,1.0,20,1.0,0.0,4939.0
Qwen2.5-Coder-7B,vectorization,Qwen2.5-Coder-7B / vectorization (noise-adapted),2,0.1,21,20,20,True,6,0.3,0.1454772448676043,0.5189728183535235,20,1.0,7.465e-08,13695.0
Qwen2.5-Coder-7B,vectorization,Qwen2.5-Coder-7B / vectorization (noise-implicit),2,0.1,21,20,20,True,0,0.0,0.0,0.16112515805281938,6,0.3,0.044995195,
Qwen2.5-Coder-32B,vectorization,Qwen2.5-Coder-32B / vectorization (noise-adapted),2,0.1,21,20,20,True,0,0.0,0.0,0.16112515805281938,16,0.8,0.0009013069,
Qwen2.5-Coder-7B,guided,Qwen2.5-Coder-7B / guided (noise-implicit),2,0.1,21,20,20,True,0,0.0,0.0,0.16112515805281938,20,1.0,5.35485e-06,
Qwen2.5-Coder-32B,guided,Qwen2.5-Coder-32B / guided (noise-adapted),2,0.1,21,20,20,True,0,0.0,0.0,0.16112515805281938,20,1.0,5.95052e-05,
Qwen2.5-Coder-7B,baseline,Qwen2.5-Coder-7B / baseline (noise-adapted),2,0.1,21,20,20,True,1,0.05,0.008881448800795402,0.23613119344674205,1,0.05,1.93412990535,5006.0
Qwen2.5-Coder-14B,thinking,Qwen2.5-Coder-14B / thinking (noise-implicit),2,0.1,21,20,20,True,12,0.6,0.38658150076225317,0.7811934676271829,20,1.0,2.05e-09,11333.5
Qwen2.5-Coder-14B,baseline,Qwen2.5-Coder-14B / baseline (noise-implicit),2,0.1,21,20,20,True,1,0.05,0.008881448800795402,0.23613119344674205,16,0.8,7.038535e-05,17958.0
Qwen2.5-Coder-14B,baseline,Qwen2.5-Coder-14B / baseline (noise-adapted),2,0.1,21,20,20,True,1,0.05,0.008881448800795402,0.23613119344674205,2,0.1,2.05721531705,1881.0
Qwen2.5-Coder-14B,vectorization,Qwen2.5-Coder-14B / vectorization (noise-adapted),2,0.1,21,20,20,True,0,0.0,0.0,0.16112515805281938,0,0.0,2.06895667085,
Qwen2.5-Coder-7B,baseline,Qwen2.5-Coder-7B / baseline (noise-implicit),2,0.1,21,20,20,True,0,0.0,0.0,0.16112515805281938,2,0.1,0.13982346485,
Qwen2.5-Coder-7B,thinking,Qwen2.5-Coder-7B / thinking (noise-implicit),2,0.1,21,20,20,True,19,0.95,0.763868806553258,0.9911185511992047,19,0.95,0.0,612.0
Qwen2.5-Coder-32B,baseline,Qwen2.5-Coder-32B / baseline (noise-adapted),2,0.1,21,19,20,False,0,0.0,0.0,0.16817922405261626,14,0.7368421052631579,3.3748e-06,
Qwen2.5-Coder-32B,thinking,Qwen2.5-Coder-32B / thinking (noise-adapted),2,0.1,21,20,20,True,0,0.0,0.0,0.16112515805281938,8,0.4,0.0174492508,
Qwen2.5-Coder-14B,guided,Qwen2.5-Coder-14B / guided (noise-implicit),2,0.1,21,20,20,True,20,1.0,0.8388748419471806,1.0,20,1.0,0.0,775.5
Qwen2.5-Coder-14B,guided,Qwen2.5-Coder-14B / guided (noise-adapted),2,0.1,21,20,20,True,0,0.0,0.0,0.16112515805281938,13,0.65,8.983685e-05,
Qwen2.5-Coder-14B,thinking,Qwen2.5-Coder-14B / thinking (noise-adapted),2,0.1,11,20,20,True,0,0.0,0.0,0.16112515805281938,0,0.0,142109.9330697067,
Qwen2.5-Coder-32B,thinking,Qwen2.5-Coder-32B / thinking (noise-implicit),2,0.1,11,20,20,True,0,0.0,0.0,0.16112515805281938,0,0.0,3.62743120725,
Qwen2.5-Coder-32B,baseline,Qwen2.5-Coder-32B / baseline (noise-implicit),2,0.1,11,20,20,True,15,0.75,0.531299122381256,0.8881382985923343,20,1.0,3.15e-09,18394.0
Qwen2.5-Coder-14B,vectorization,Qwen2.5-Coder-14B / vectorization (noise-implicit),2,0.1,11,20,20,True,0,0.0,0.0,0.16112515805281938,5,0.25,0.06398281525,
Qwen2.5-Coder-7B,guided,Qwen2.5-Coder-7B / guided (noise-adapted),2,0.1,11,20,20,True,0,0.0,0.0,0.16112515805281938,0,0.0,514.2533909841,
Qwen2.5-Coder-32B,guided,Qwen2.5-Coder-32B / guided (noise-implicit),2,0.1,11,20,20,True,0,0.0,0.0,0.16112515805281938,0,0.0,2.7109729841999997,
Qwen2.5-Coder-7B,thinking,Qwen2.5-Coder-7B / thinking (noise-adapted),2,0.1,11,20,20,True,0,0.0,0.0,0.16112515805281938,0,0.0,717.39175590375,
Qwen2.5-Coder-32B,vectorization,Qwen2.5-Coder-32B / vectorization (noise-implicit),2,0.1,11,20,20,True,20,1.0,0.8388748419471806,1.0,20,1.0,0.0,8140.5
Qwen2.5-Coder-7B,vectorization,Qwen2.5-Coder-7B / vectorization (noise-adapted),2,0.1,11,20,20,True,0,0.0,0.0,0.16112515805281938,0,0.0,24.4484779101,
Qwen2.5-Coder-7B,vectorization,Qwen2.5-Coder-7B / vectorization (noise-implicit),2,0.1,11,20,20,True,7,0.35,0.1811918241010821,0.5671457233147637,12,0.6,0.00274875265,3846.0
Qwen2.5-Coder-32B,vectorization,Qwen2.5-Coder-32B / vectorization (noise-adapted),2,0.1,11,20,20,True,0,0.0,0.0,0.16112515805281938,0,0.0,0.8651309239,
Qwen2.5-Coder-7B,guided,Qwen2.5-Coder-7B / guided (noise-implicit),2,0.1,11,20,20,True,0,0.0,0.0,0.16112515805281938,20,1.0,8.202e-07,
Qwen2.5-Coder-32B,guided,Qwen2.5-Coder-32B / guided (noise-adapted),2,0.1,11,20,20,True,0,0.0,0.0,0.16112515805281938,0,0.0,18.057152758900003,
Qwen2.5-Coder-7B,baseline,Qwen2.5-Coder-7B / baseline (noise-adapted),2,0.1,11,20,20,True,0,0.0,0.0,0.16112515805281938,1,0.05,6.8987434062999995,
Qwen2.5-Coder-14B,thinking,Qwen2.5-Coder-14B / thinking (noise-implicit),2,0.1,11,20,20,True,0,0.0,0.0,0.16112515805281938,2,0.1,0.22013714385,
Qwen2.5-Coder-14B,baseline,Qwen2.5-Coder-14B / baseline (noise-implicit),2,0.1,11,20,20,True,0,0.0,0.0,0.16112515805281938,0,0.0,1.5276845888,
Qwen2.5-Coder-14B,baseline,Qwen2.5-Coder-14B / baseline (noise-adapted),2,0.1,11,20,20,True,0,0.0,0.0,0.16112515805281938,0,0.0,39.76678853835,
Qwen2.5-Coder-14B,vectorization,Qwen2.5-Coder-14B / vectorization (noise-adapted),2,0.1,11,20,20,True,0,0.0,0.0,0.16112515805281938,0,0.0,5.09134621005,
Qwen2.5-Coder-7B,baseline,Qwen2.5-Coder-7B / baseline (noise-implicit),2,0.1,11,20,20,True,0,0.0,0.0,0.16112515805281938,0,0.0,2.74973067975,
Qwen2.5-Coder-7B,thinking,Qwen2.5-Coder-7B / thinking (noise-implicit),2,0.1,11,20,20,True,0,0.0,0.0,0.16112515805281938,3,0.15,0.1943424883,
Qwen2.5-Coder-32B,baseline,Qwen2.5-Coder-32B / baseline (noise-adapted),2,0.1,11,20,20,True,0,0.0,0.0,0.16112515805281938,0,0.0,6.09102424905,
Qwen2.5-Coder-32B,thinking,Qwen2.5-Coder-32B / thinking (noise-adapted),2,0.1,11,20,20,True,0,0.0,0.0,0.16112515805281938,0,0.0,6.0591034631,
Qwen2.5-Coder-14B,guided,Qwen2.5-Coder-14B / guided (noise-implicit),2,0.1,11,20,20,True,0,0.0,0.0,0.16112515805281938,6,0.3,0.030654785599999998,
Qwen2.5-Coder-14B,guided,Qwen2.5-Coder-14B / guided (noise-adapted),2,0.1,11,20,20,True,0,0.0,0.0,0.16112515805281938,8,0.4,0.0248347805,
Qwen2.5-Coder-14B,thinking,Qwen2.5-Coder-14B / thinking (noise-adapted),2,0.05,8,20,20,True,7,0.35,0.1811918241010821,0.5671457233147637,8,0.4,0.0661809256,16327.0
Qwen2.5-Coder-32B,thinking,Qwen2.5-Coder-32B / thinking (noise-implicit),2,0.05,8,20,20,True,0,0.0,0.0,0.16112515805281938,18,0.9,0.00039705419999999994,
Qwen2.5-Coder-32B,baseline,Qwen2.5-Coder-32B / baseline (noise-implicit),2,0.05,8,20,20,True,20,1.0,0.8388748419471806,1.0,20,1.0,0.0,11650.0
Qwen2.5-Coder-14B,vectorization,Qwen2.5-Coder-14B / vectorization (noise-implicit),2,0.05,8,20,20,True,0,0.0,0.0,0.16112515805281938,20,1.0,3.0859e-06,
Qwen2.5-Coder-7B,guided,Qwen2.5-Coder-7B / guided (noise-adapted),2,0.05,8,20,20,True,0,0.0,0.0,0.16112515805281938,0,0.0,0.09273008285,
Qwen2.5-Coder-7B,baseline,Qwen2.5-Coder-7B / baseline,2,0.05,8,20,20,True,0,0.0,0.0,0.16112515805281938,0,0.0,0.8848904980500001,
Qwen2.5-Coder-32B,guided,Qwen2.5-Coder-32B / guided (noise-implicit),2,0.05,8,20,20,True,19,0.95,0.763868806553258,0.9911185511992047,20,1.0,0.0,1571.0
Qwen2.5-Coder-7B,thinking,Qwen2.5-Coder-7B / thinking (noise-adapted),2,0.05,8,20,20,True,0,0.0,0.0,0.16112515805281938,4,0.2,0.08519819305,
Qwen2.5-Coder-32B,vectorization,Qwen2.5-Coder-32B / vectorization (noise-implicit),2,0.05,8,20,20,True,18,0.9,0.6989663547715128,0.9721335187862319,19,0.95,0.0,6026.0
Qwen2.5-Coder-7B,vectorization,Qwen2.5-Coder-7B / vectorization (noise-adapted),2,0.05,8,20,20,True,0,0.0,0.0,0.16112515805281938,6,0.3,0.0686633002,
Qwen2.5-Coder-7B,vectorization,Qwen2.5-Coder-7B / vectorization (noise-implicit),2,0.05,8,20,20,True,20,1.0,0.8388748419471806,1.0,20,1.0,0.0,9431.5
Qwen2.5-Coder-32B,vectorization,Qwen2.5-Coder-32B / vectorization (noise-adapted),2,0.05,8,20,20,True,1,0.05,0.008881448800795402,0.23613119344674205,19,0.95,3.60011e-05,18691.0
Qwen2.5-Coder-7B,guided,Qwen2.5-Coder-7B / guided (noise-implicit),2,0.05,8,20,20,True,0,0.0,0.0,0.16112515805281938,1,0.05,0.17646444109999998,
Qwen2.5-Coder-32B,guided,Qwen2.5-Coder-32B / guided (noise-adapted),2,0.05,8,20,20,True,15,0.75,0.531299122381256,0.8881382985923343,19,0.95,0.0,7435.0
Qwen2.5-Coder-7B,baseline,Qwen2.5-Coder-7B / baseline (noise-adapted),2,0.05,8,20,20,True,0,0.0,0.0,0.16112515805281938,0,0.0,0.9875314747499999,
Qwen2.5-Coder-14B,thinking,Qwen2.5-Coder-14B / thinking,2,0.05,8,20,20,True,0,0.0,0.0,0.16112515805281938,10,0.5,0.0080036706,
Qwen2.5-Coder-14B,thinking,Qwen2.5-Coder-14B / thinking (noise-implicit),2,0.05,8,20,20,True,0,0.0,0.0,0.16112515805281938,14,0.7,0.0005047469,
Qwen2.5-Coder-14B,baseline,Qwen2.5-Coder-14B / baseline (noise-implicit),2,0.05,8,20,20,True,20,1.0,0.8388748419471806,1.0,20,1.0,0.0,3418.5
Qwen2.5-Coder-14B,baseline,Qwen2.5-Coder-14B / baseline (noise-adapted),2,0.05,8,20,20,True,0,0.0,0.0,0.16112515805281938,2,0.1,0.05522801905,
Qwen2.5-Coder-3B,thinking,Qwen2.5-Coder-3B / thinking,2,0.05,8,20,20,True,0,0.0,0.0,0.16112515805281938,18,0.9,1.0892849999999999e-05,
Qwen2.5-Coder-3B,baseline,Qwen2.5-Coder-3B / baseline,2,0.05,8,20,20,True,0,0.0,0.0,0.16112515805281938,9,0.45,0.010432814799999999,
Qwen2.5-Coder-7B,guided,Qwen2.5-Coder-7B / guided,2,0.05,8,20,20,True,0,0.0,0.0,0.16112515805281938,2,0.1,0.0883149444,
Qwen2.5-Coder-14B,vectorization,Qwen2.5-Coder-14B / vectorization (noise-adapted),2,0.05,8,20,20,True,0,0.0,0.0,0.16112515805281938,20,1.0,0.00057546625,
Qwen2.5-Coder-3B,thinking,Qwen2.5-Coder-3B / thinking (noise-adapted),2,0.05,8,20,20,True,0,0.0,0.0,0.16112515805281938,19,0.95,1.1449e-05,
Qwen2.5-Coder-7B,baseline,Qwen2.5-Coder-7B / baseline (noise-implicit),2,0.05,8,20,20,True,0,0.0,0.0,0.16112515805281938,0,0.0,4.86904108445,
Qwen2.5-Coder-7B,thinking,Qwen2.5-Coder-7B / thinking (noise-implicit),2,0.05,8,20,20,True,16,0.8,0.5839825677481064,0.919342337420202,20,1.0,2.75e-09,18396.0
Qwen2.5-Coder-32B,baseline,Qwen2.5-Coder-32B / baseline (noise-adapted),2,0.05,8,20,20,True,0,0.0,0.0,0.16112515805281938,0,0.0,0.34948517300000004,
Qwen2.5-Coder-14B,baseline,Qwen2.5-Coder-14B / baseline,2,0.05,8,20,20,True,0,0.0,0.0,0.16112515805281938,16,0.8,0.00396217,
Qwen2.5-Coder-7B,vectorization,Qwen2.5-Coder-7B / vectorization,2,0.05,8,20,20,True,0,0.0,0.0,0.16112515805281938,3,0.15,0.2974594317,
Qwen2.5-Coder-14B,vectorization,Qwen2.5-Coder-14B / vectorization,2,0.05,8,20,20,True,0,0.0,0.0,0.16112515805281938,0,0.0,0.70326818825,
Qwen2.5-Coder-32B,thinking,Qwen2.5-Coder-32B / thinking (noise-adapted),2,0.05,8,20,20,True,0,0.0,0.0,0.16112515805281938,12,0.6,0.008104281750000001,
Qwen2.5-Coder-14B,guided,Qwen2.5-Coder-14B / guided (noise-implicit),2,0.05,8,20,20,True,20,1.0,0.8388748419471806,1.0,20,1.0,0.0,3264.0
Qwen2.5-Coder-3B,baseline,Qwen2.5-Coder-3B / baseline (noise-adapted),2,0.05,8,20,20,True,0,0.0,0.0,0.16112515805281938,11,0.55,0.0086833897,
Qwen2.5-Coder-7B,thinking,Qwen2.5-Coder-7B / thinking,2,0.05,8,20,20,True,0,0.0,0.0,0.16112515805281938,6,0.3,0.0184988221,
Qwen2.5-Coder-14B,guided,Qwen2.5-Coder-14B / guided (noise-adapted),2,0.05,8,20,20,True,0,0.0,0.0,0.16112515805281938,20,1.0,1.071535e-05,
Qwen2.5-Coder-14B,guided,Qwen2.5-Coder-14B / guided,2,0.05,8,20,20,True,0,0.0,0.0,0.16112515805281938,16,0.8,0.0037935243,
Qwen2.5-Coder-14B,thinking,Qwen2.5-Coder-14B / thinking (noise-adapted),2,0.05,1,20,20,True,20,1.0,0.8388748419471806,1.0,20,1.0,0.0,7348.5
Qwen2.5-Coder-32B,thinking,Qwen2.5-Coder-32B / thinking (noise-implicit),2,0.05,1,20,20,True,18,0.9,0.6989663547715128,0.9721335187862319,20,1.0,4e-10,16666.0
Qwen2.5-Coder-32B,baseline,Qwen2.5-Coder-32B / baseline (noise-implicit),2,0.05,1,20,20,True,20,1.0,0.8388748419471806,1.0,20,1.0,0.0,10708.5
Qwen2.5-Coder-14B,vectorization,Qwen2.5-Coder-14B / vectorization (noise-implicit),2,0.05,1,20,20,True,20,1.0,0.8388748419471806,1.0,20,1.0,0.0,2328.5
Qwen2.5-Coder-7B,guided,Qwen2.5-Coder-7B / guided (noise-adapted),2,0.05,1,20,20,True,0,0.0,0.0,0.16112515805281938,8,0.4,0.015890252,
Qwen2.5-Coder-3B,guided,Qwen2.5-Coder-3B / guided (noise-adapted),2,0.05,1,20,20,True,0,0.0,0.0,0.16112515805281938,4,0.2,0.09684477024999999,
Qwen2.5-Coder-7B,baseline,Qwen2.5-Coder-7B / baseline,2,0.05,1,20,20,True,0,0.0,0.0,0.16112515805281938,20,1.0,0.0016374698,
Qwen2.5-Coder-32B,guided,Qwen2.5-Coder-32B / guided (noise-implicit),2,0.05,1,20,20,True,13,0.65,0.4328542766852363,0.8188081758989179,20,1.0,4.45e-09,17372.0
Qwen2.5-Coder-7B,thinking,Qwen2.5-Coder-7B / thinking (noise-adapted),2,0.05,1,20,20,True,0,0.0,0.0,0.16112515805281938,5,0.25,0.13867760425,
Qwen2.5-Coder-32B,vectorization,Qwen2.5-Coder-32B / vectorization (noise-implicit),2,0.05,1,20,20,True,20,1.0,0.8388748419471806,1.0,20,1.0,0.0,2312.0
Qwen2.5-Coder-7B,vectorization,Qwen2.5-Coder-7B / vectorization (noise-adapted),2,0.05,1,20,20,True,0,0.0,0.0,0.16112515805281938,17,0.85,0.00272906735,
Qwen2.5-Coder-7B,vectorization,Qwen2.5-Coder-7B / vectorization (noise-implicit),2,0.05,1,20,20,True,0,0.0,0.0,0.16112515805281938,6,0.3,0.07350384645,
Qwen2.5-Coder-32B,vectorization,Qwen2.5-Coder-32B / vectorization (noise-adapted),2,0.05,1,20,20,True,0,0.0,0.0,0.16112515805281938,20,1.0,0.000694319,
Qwen2.5-Coder-7B,guided,Qwen2.5-Coder-7B / guided (noise-implicit),2,0.05,1,20,20,True,20,1.0,0.8388748419471806,1.0,20,1.0,0.0,3492.0
Qwen2.5-Coder-32B,guided,Qwen2.5-Coder-32B / guided (noise-adapted),2,0.05,1,20,20,True,0,0.0,0.0,0.16112515805281938,20,1.0,0.00013397179999999998,
Qwen2.5-Coder-3B,guided,Qwen2.5-Coder-3B / guided,2,0.05,1,20,20,True,0,0.0,0.0,0.16112515805281938,4,0.2,0.15765526945,
Qwen2.5-Coder-7B,baseline,Qwen2.5-Coder-7B / baseline (noise-adapted),2,0.05,1,20,20,True,0,0.0,0.0,0.16112515805281938,20,1.0,0.0013352604,
Qwen2.5-Coder-14B,thinking,Qwen2.5-Coder-14B / thinking,2,0.05,1,20,20,True,0,0.0,0.0,0.16112515805281938,20,1.0,2.20058e-05,
Qwen2.5-Coder-14B,thinking,Qwen2.5-Coder-14B / thinking (noise-implicit),2,0.05,1,20,20,True,0,0.0,0.0,0.16112515805281938,20,1.0,4.4725e-07,
Qwen2.5-Coder-14B,baseline,Qwen2.5-Coder-14B / baseline (noise-implicit),2,0.05,1,20,20,True,1,0.05,0.008881448800795402,0.23613119344674205,9,0.45,0.18201698545,11275.0
Qwen2.5-Coder-14B,baseline,Qwen2.5-Coder-14B / baseline (noise-adapted),2,0.05,1,20,20,True,0,0.0,0.0,0.16112515805281938,20,1.0,9.7886e-06,
Qwen2.5-Coder-3B,thinking,Qwen2.5-Coder-3B / thinking,2,0.05,1,20,20,True,0,0.0,0.0,0.16112515805281938,1,0.05,2.267076145,
Qwen2.5-Coder-3B,baseline,Qwen2.5-Coder-3B / baseline,2,0.05,1,20,20,True,0,0.0,0.0,0.16112515805281938,18,0.9,2.5273e-06,
Qwen2.5-Coder-7B,guided,Qwen2.5-Coder-7B / guided,2,0.05,1,20,20,True,0,0.0,0.0,0.16112515805281938,11,0.55,0.00478655405,
Qwen2.5-Coder-14B,vectorization,Qwen2.5-Coder-14B / vectorization (noise-adapted),2,0.05,1,20,20,True,20,1.0,0.8388748419471806,1.0,20,1.0,0.0,8316.0
Qwen2.5-Coder-3B,thinking,Qwen2.5-Coder-3B / thinking (noise-adapted),2,0.05,1,20,20,True,0,0.0,0.0,0.16112515805281938,2,0.1,6.6502204821,
Qwen2.5-Coder-7B,baseline,Qwen2.5-Coder-7B / baseline (noise-implicit),2,0.05,1,20,20,True,0,0.0,0.0,0.16112515805281938,20,1.0,0.0015588554,
Qwen2.5-Coder-7B,thinking,Qwen2.5-Coder-7B / thinking (noise-implicit),2,0.05,1,20,20,True,0,0.0,0.0,0.16112515805281938,20,1.0,6.90655e-06,
Qwen2.5-Coder-32B,baseline,Qwen2.5-Coder-32B / baseline (noise-adapted),2,0.05,1,20,20,True,9,0.45,0.2581978582556243,0.6579146575496577,20,1.0,1.11e-08,18681.0
Qwen2.5-Coder-14B,baseline,Qwen2.5-Coder-14B / baseline,2,0.05,1,20,20,True,0,0.0,0.0,0.16112515805281938,0,0.0,4.75720545385,
Qwen2.5-Coder-7B,vectorization,Qwen2.5-Coder-7B / vectorization,2,0.05,1,20,20,True,0,0.0,0.0,0.16112515805281938,20,1.0,0.00105955795,
Qwen2.5-Coder-14B,vectorization,Qwen2.5-Coder-14B / vectorization,2,0.05,1,20,20,True,0,0.0,0.0,0.16112515805281938,3,0.15,0.2282432338,
Qwen2.5-Coder-32B,thinking,Qwen2.5-Coder-32B / thinking (noise-adapted),2,0.05,1,20,20,True,0,0.0,0.0,0.16112515805281938,20,1.0,1.2155e-07,
Qwen2.5-Coder-14B,guided,Qwen2.5-Coder-14B / guided (noise-implicit),2,0.05,1,20,20,True,19,0.95,0.763868806553258,0.9911185511992047,19,0.95,0.0,2275.0
Qwen2.5-Coder-3B,baseline,Qwen2.5-Coder-3B / baseline (noise-adapted),2,0.05,1,20,20,True,0,0.0,0.0,0.16112515805281938,19,0.95,1.7686e-06,
Qwen2.5-Coder-7B,thinking,Qwen2.5-Coder-7B / thinking,2,0.05,1,20,20,True,0,0.0,0.0,0.16112515805281938,5,0.25,0.06605713615,
Qwen2.5-Coder-14B,guided,Qwen2.5-Coder-14B / guided (noise-adapted),2,0.05,1,20,20,True,0,0.0,0.0,0.16112515805281938,20,1.0,3.265495e-05,
Qwen2.5-Coder-14B,guided,Qwen2.5-Coder-14B / guided,2,0.05,1,20,20,True,20,1.0,0.8388748419471806,1.0,20,1.0,0.0,2361.0
Qwen2.5-Coder-14B,thinking,Qwen2.5-Coder-14B / thinking (noise-adapted),2,0.05,15,20,20,True,0,0.0,0.0,0.16112515805281938,1,0.05,0.08765952525000001,
Qwen2.5-Coder-32B,thinking,Qwen2.5-Coder-32B / thinking (noise-implicit),2,0.05,15,20,20,True,20,1.0,0.8388748419471806,1.0,20,1.0,0.0,8371.0
Qwen2.5-Coder-32B,baseline,Qwen2.5-Coder-32B / baseline (noise-implicit),2,0.05,15,20,20,True,0,0.0,0.0,0.16112515805281938,1,0.05,0.11494774815,
Qwen2.5-Coder-14B,vectorization,Qwen2.5-Coder-14B / vectorization (noise-implicit),2,0.05,15,20,20,True,0,0.0,0.0,0.16112515805281938,9,0.45,0.0185383174,
Qwen2.5-Coder-7B,guided,Qwen2.5-Coder-7B / guided (noise-adapted),2,0.05,15,20,20,True,0,0.0,0.0,0.16112515805281938,0,0.0,1.2403562748999999,
Qwen2.5-Coder-7B,baseline,Qwen2.5-Coder-7B / baseline,2,0.05,15,20,20,True,0,0.0,0.0,0.16112515805281938,0,0.0,0.8827947569,
Qwen2.5-Coder-32B,guided,Qwen2.5-Coder-32B / guided (noise-implicit),2,0.05,15,20,20,True,18,0.9,0.6989663547715128,0.9721335187862319,19,0.95,0.0,12555.5
Qwen2.5-Coder-7B,thinking,Qwen2.5-Coder-7B / thinking (noise-adapted),2,0.05,15,20,20,True,0,0.0,0.0,0.16112515805281938,0,0.0,0.676746081,
Qwen2.5-Coder-32B,vectorization,Qwen2.5-Coder-32B / vectorization (noise-implicit),2,0.05,15,20,20,True,11,0.55,0.3420853424503424,0.7418021417443758,11,0.55,0.0,10703.0
Qwen2.5-Coder-7B,vectorization,Qwen2.5-Coder-7B / vectorization (noise-adapted),2,0.05,15,20,20,True,0,0.0,0.0,0.16112515805281938,0,0.0,2.0319666444499997,
Qwen2.5-Coder-7B,vectorization,Qwen2.5-Coder-7B / vectorization (noise-implicit),2,0.05,15,20,20,True,15,0.75,0.531299122381256,0.8881382985923343,17,0.85,0.0,9207.0
Qwen2.5-Coder-32B,vectorization,Qwen2.5-Coder-32B / vectorization (noise-adapted),2,0.05,15,20,20,True,0,0.0,0.0,0.16112515805281938,0,0.0,2.0473531524,
Qwen2.5-Coder-7B,guided,Qwen2.5-Coder-7B / guided (noise-implicit),2,0.05,15,20,20,True,0,0.0,0.0,0.16112515805281938,0,0.0,2.1794987956,
Qwen2.5-Coder-32B,guided,Qwen2.5-Coder-32B / guided (noise-adapted),2,0.05,15,20,20,True,0,0.0,0.0,0.16112515805281938,0,0.0,2.92349069385,
Qwen2.5-Coder-7B,baseline,Qwen2.5-Coder-7B / baseline (noise-adapted),2,0.05,15,20,20,True,0,0.0,0.0,0.16112515805281938,1,0.05,1.1938564030999999,
Qwen2.5-Coder-14B,thinking,Qwen2.5-Coder-14B / thinking,2,0.05,15,20,20,True,0,0.0,0.0,0.16112515805281938,0,0.0,0.47918511905,
Qwen2.5-Coder-14B,thinking,Qwen2.5-Coder-14B / thinking (noise-implicit),2,0.05,15,20,20,True,0,0.0,0.0,0.16112515805281938,4,0.2,0.0286129068,
Qwen2.5-Coder-14B,baseline,Qwen2.5-Coder-14B / baseline (noise-implicit),2,0.05,15,20,20,True,20,1.0,0.8388748419471806,1.0,20,1.0,0.0,9512.5
Qwen2.5-Coder-14B,baseline,Qwen2.5-Coder-14B / baseline (noise-adapted),2,0.05,15,20,20,True,0,0.0,0.0,0.16112515805281938,0,0.0,0.77813691555,
Qwen2.5-Coder-7B,guided,Qwen2.5-Coder-7B / guided,2,0.05,15,20,20,True,0,0.0,0.0,0.16112515805281938,0,0.0,1.0040738881,
Qwen2.5-Coder-14B,vectorization,Qwen2.5-Coder-14B / vectorization (noise-adapted),2,0.05,15,20,20,True,0,0.0,0.0,0.16112515805281938,0,0.0,3.5462778299,
Qwen2.5-Coder-7B,baseline,Qwen2.5-Coder-7B / baseline (noise-implicit),2,0.05,15,20,20,True,0,0.0,0.0,0.16112515805281938,0,0.0,0.677938599,
Qwen2.5-Coder-7B,thinking,Qwen2.5-Coder-7B / thinking (noise-implicit),2,0.05,15,20,20,True,0,0.0,0.0,0.16112515805281938,0,0.0,0.5983078472,
Qwen2.5-Coder-32B,baseline,Qwen2.5-Coder-32B / baseline (noise-adapted),2,0.05,15,20,20,True,0,0.0,0.0,0.16112515805281938,0,0.0,2.38221917105,
Qwen2.5-Coder-14B,baseline,Qwen2.5-Coder-14B / baseline,2,0.05,15,20,20,True,0,0.0,0.0,0.16112515805281938,0,0.0,6.61977003255,
Qwen2.5-Coder-7B,vectorization,Qwen2.5-Coder-7B / vectorization,2,0.05,15,20,20,True,0,0.0,0.0,0.16112515805281938,0,0.0,1.13108865345,
Qwen2.5-Coder-14B,vectorization,Qwen2.5-Coder-14B / vectorization,2,0.05,15,20,20,True,0,0.0,0.0,0.16112515805281938,0,0.0,5.03998585355,
Qwen2.5-Coder-32B,thinking,Qwen2.5-Coder-32B / thinking (noise-adapted),2,0.05,15,20,20,True,0,0.0,0.0,0.16112515805281938,0,0.0,1.0628210618499998,
Qwen2.5-Coder-14B,guided,Qwen2.5-Coder-14B / guided (noise-implicit),2,0.05,15,20,20,True,0,0.0,0.0,0.16112515805281938,3,0.15,0.02310518015,
Qwen2.5-Coder-7B,thinking,Qwen2.5-Coder-7B / thinking,2,0.05,15,20,20,True,0,0.0,0.0,0.16112515805281938,0,0.0,0.68007453895,
Qwen2.5-Coder-14B,guided,Qwen2.5-Coder-14B / guided (noise-adapted),2,0.05,15,20,20,True,0,0.0,0.0,0.16112515805281938,0,0.0,1.7656996092,
Qwen2.5-Coder-14B,guided,Qwen2.5-Coder-14B / guided,2,0.05,15,20,20,True,0,0.0,0.0,0.16112515805281938,5,0.25,0.99496030185,
Qwen2.5-Coder-14B,thinking,Qwen2.5-Coder-14B / thinking (noise-adapted),2,0.05,21,20,20,True,0,0.0,0.0,0.16112515805281938,12,0.6,0.0043222550499999995,
Qwen2.5-Coder-32B,thinking,Qwen2.5-Coder-32B / thinking (noise-implicit),2,0.05,21,20,20,True,0,0.0,0.0,0.16112515805281938,20,1.0,1.377085e-05,
Qwen2.5-Coder-32B,baseline,Qwen2.5-Coder-32B / baseline (noise-implicit),2,0.05,21,20,20,True,19,0.95,0.763868806553258,0.9911185511992047,20,1.0,5e-11,6624.0
Qwen2.5-Coder-14B,vectorization,Qwen2.5-Coder-14B / vectorization (noise-implicit),2,0.05,21,20,20,True,20,1.0,0.8388748419471806,1.0,20,1.0,0.0,2372.0
Qwen2.5-Coder-7B,guided,Qwen2.5-Coder-7B / guided (noise-adapted),2,0.05,21,20,20,True,0,0.0,0.0,0.16112515805281938,9,0.45,0.02424327265,
Qwen2.5-Coder-3B,guided,Qwen2.5-Coder-3B / guided (noise-adapted),2,0.05,21,20,20,True,1,0.05,0.008881448800795402,0.23613119344674205,1,0.05,2.5169096283,251.0
Qwen2.5-Coder-7B,baseline,Qwen2.5-Coder-7B / baseline,2,0.05,21,20,20,True,0,0.0,0.0,0.16112515805281938,14,0.7,0.0030098732,
Qwen2.5-Coder-32B,guided,Qwen2.5-Coder-32B / guided (noise-implicit),2,0.05,21,20,20,True,16,0.8,0.5839825677481064,0.919342337420202,19,0.95,0.0,801.5
Qwen2.5-Coder-7B,thinking,Qwen2.5-Coder-7B / thinking (noise-adapted),2,0.05,21,20,20,True,0,0.0,0.0,0.16112515805281938,0,0.0,2.01048372615,
Qwen2.5-Coder-32B,vectorization,Qwen2.5-Coder-32B / vectorization (noise-implicit),2,0.05,21,20,20,True,18,0.9,0.6989663547715128,0.9721335187862319,20,1.0,0.0,1271.5
Qwen2.5-Coder-7B,vectorization,Qwen2.5-Coder-7B / vectorization (noise-adapted),2,0.05,21,20,20,True,0,0.0,0.0,0.16112515805281938,12,0.6,0.0016227034999999998,
Qwen2.5-Coder-7B,vectorization,Qwen2.5-Coder-7B / vectorization (noise-implicit),2,0.05,21,20,20,True,14,0.7,0.4810271816464765,0.8545227551323956,16,0.8,5e-11,2967.0
Qwen2.5-Coder-32B,vectorization,Qwen2.5-Coder-32B / vectorization (noise-adapted),2,0.05,21,20,20,True,16,0.8,0.5839825677481064,0.919342337420202,19,0.95,5e-11,13541.0
Qwen2.5-Coder-7B,guided,Qwen2.5-Coder-7B / guided (noise-implicit),2,0.05,21,20,20,True,19,0.95,0.763868806553258,0.9911185511992047,20,1.0,1.2e-09,5270.0
Qwen2.5-Coder-32B,guided,Qwen2.5-Coder-32B / guided (noise-adapted),2,0.05,21,20,20,True,0,0.0,0.0,0.16112515805281938,19,0.95,5.4253100000000004e-05,
Qwen2.5-Coder-3B,guided,Qwen2.5-Coder-3B / guided,2,0.05,21,20,20,True,1,0.05,0.008881448800795402,0.23613119344674205,1,0.05,3.16980578075,375.0
Qwen2.5-Coder-7B,baseline,Qwen2.5-Coder-7B / baseline (noise-adapted),2,0.05,21,20,20,True,0,0.0,0.0,0.16112515805281938,13,0.65,0.00389122825,
Qwen2.5-Coder-14B,thinking,Qwen2.5-Coder-14B / thinking,2,0.05,21,20,20,True,11,0.55,0.3420853424503424,0.7418021417443758,11,0.55,0.0,6091.0
Qwen2.5-Coder-14B,thinking,Qwen2.5-Coder-14B / thinking (noise-implicit),2,0.05,21,20,20,True,16,0.8,0.5839825677481064,0.919342337420202,16,0.8,1e-10,3181.0
Qwen2.5-Coder-14B,baseline,Qwen2.5-Coder-14B / baseline (noise-implicit),2,0.05,21,20,20,True,13,0.65,0.4328542766852363,0.8188081758989179,20,1.0,3.6e-09,10541.0
Qwen2.5-Coder-3B,vectorization,Qwen2.5-Coder-3B / vectorization (noise-adapted),2,0.05,21,20,20,True,0,0.0,0.0,0.16112515805281938,20,1.0,2.555475e-05,
Qwen2.5-Coder-14B,baseline,Qwen2.5-Coder-14B / baseline (noise-adapted),2,0.05,21,20,20,True,7,0.35,0.1811918241010821,0.5671457233147637,13,0.65,1.3774549999999998e-05,15567.0
Qwen2.5-Coder-3B,baseline,Qwen2.5-Coder-3B / baseline,2,0.05,21,20,20,True,2,0.1,0.027866481213768224,0.3010336452284873,2,0.1,2.04366992715,6369.5
Qwen2.5-Coder-7B,guided,Qwen2.5-Coder-7B / guided,2,0.05,21,20,20,True,0,0.0,0.0,0.16112515805281938,12,0.6,0.00423350955,
Qwen2.5-Coder-14B,vectorization,Qwen2.5-Coder-14B / vectorization (noise-adapted),2,0.05,21,20,20,True,19,0.95,0.763868806553258,0.9911185511992047,20,1.0,2.5e-10,14218.0
Qwen2.5-Coder-7B,baseline,Qwen2.5-Coder-7B / baseline (noise-implicit),2,0.05,21,20,20,True,0,0.0,0.0,0.16112515805281938,6,0.3,0.061734002249999996,
Qwen2.5-Coder-7B,thinking,Qwen2.5-Coder-7B / thinking (noise-implicit),2,0.05,21,20,20,True,0,0.0,0.0,0.16112515805281938,20,1.0,7.1598500000000006e-06,
Qwen2.5-Coder-32B,baseline,Qwen2.5-Coder-32B / baseline (noise-adapted),2,0.05,21,20,20,True,0,0.0,0.0,0.16112515805281938,7,0.35,0.012832575950000001,
Qwen2.5-Coder-14B,baseline,Qwen2.5-Coder-14B / baseline,2,0.05,21,20,20,True,0,0.0,0.0,0.16112515805281938,20,1.0,6.89671e-05,
Qwen2.5-Coder-7B,vectorization,Qwen2.5-Coder-7B / vectorization,2,0.05,21,20,20,True,0,0.0,0.0,0.16112515805281938,12,0.6,0.0035384786500000003,
Qwen2.5-Coder-14B,vectorization,Qwen2.5-Coder-14B / vectorization,2,0.05,21,20,20,True,20,1.0,0.8388748419471806,1.0,20,1.0,0.0,9238.0
Qwen2.5-Coder-32B,thinking,Qwen2.5-Coder-32B / thinking (noise-adapted),2,0.05,21,20,20,True,19,0.95,0.763868806553258,0.9911185511992047,19,0.95,5e-11,7576.0
Qwen2.5-Coder-14B,guided,Qwen2.5-Coder-14B / guided (noise-implicit),2,0.05,21,20,20,True,19,0.95,0.763868806553258,0.9911185511992047,19,0.95,0.0,2197.0
Qwen2.5-Coder-3B,baseline,Qwen2.5-Coder-3B / baseline (noise-adapted),2,0.05,21,20,20,True,1,0.05,0.008881448800795402,0.23613119344674205,1,0.05,3.6659498509,3577.0
Qwen2.5-Coder-7B,thinking,Qwen2.5-Coder-7B / thinking,2,0.05,21,20,20,True,0,0.0,0.0,0.16112515805281938,1,0.05,2.01310986035,
Qwen2.5-Coder-3B,vectorization,Qwen2.5-Coder-3B / vectorization,2,0.05,21,20,20,True,0,0.0,0.0,0.16112515805281938,20,1.0,2.073125e-05,
Qwen2.5-Coder-14B,guided,Qwen2.5-Coder-14B / guided (noise-adapted),2,0.05,21,20,20,True,19,0.95,0.763868806553258,0.9911185511992047,19,0.95,0.0,1303.0
Qwen2.5-Coder-14B,guided,Qwen2.5-Coder-14B / guided,2,0.05,21,20,20,True,15,0.75,0.531299122381256,0.8881382985923343,15,0.75,0.0,4153.0
Qwen2.5-Coder-14B,thinking,Qwen2.5-Coder-14B / thinking (noise-adapted),2,0.05,11,20,20,True,0,0.0,0.0,0.16112515805281938,0,0.0,2.8086799788,
Qwen2.5-Coder-32B,thinking,Qwen2.5-Coder-32B / thinking (noise-implicit),2,0.05,11,20,20,True,0,0.0,0.0,0.16112515805281938,0,0.0,3.66753759935,
Qwen2.5-Coder-32B,baseline,Qwen2.5-Coder-32B / baseline (noise-implicit),2,0.05,11,2,20,False,0,0.0,0.0,0.6576197724933469,0,0.0,0.5844893815,
Qwen2.5-Coder-14B,vectorization,Qwen2.5-Coder-14B / vectorization (noise-implicit),2,0.05,11,20,20,True,0,0.0,0.0,0.16112515805281938,0,0.0,2589.6847676035,
Qwen2.5-Coder-7B,guided,Qwen2.5-Coder-7B / guided (noise-adapted),2,0.05,11,20,20,True,0,0.0,0.0,0.16112515805281938,0,0.0,1.7788206291,
Qwen2.5-Coder-3B,guided,Qwen2.5-Coder-3B / guided (noise-adapted),2,0.05,11,20,20,True,0,0.0,0.0,0.16112515805281938,0,0.0,96.5705923547,
Qwen2.5-Coder-7B,baseline,Qwen2.5-Coder-7B / baseline,2,0.05,11,20,20,True,0,0.0,0.0,0.16112515805281938,6,0.3,0.08247759855,
Qwen2.5-Coder-32B,guided,Qwen2.5-Coder-32B / guided (noise-implicit),2,0.05,11,20,20,True,0,0.0,0.0,0.16112515805281938,9,0.45,0.09118872615,
Qwen2.5-Coder-7B,thinking,Qwen2.5-Coder-7B / thinking (noise-adapted),2,0.05,11,20,20,True,0,0.0,0.0,0.16112515805281938,2,0.1,0.5321868181,
Qwen2.5-Coder-32B,vectorization,Qwen2.5-Coder-32B / vectorization (noise-implicit),2,0.05,11,20,20,True,0,0.0,0.0,0.16112515805281938,6,0.3,0.1218051839,
Qwen2.5-Coder-7B,vectorization,Qwen2.5-Coder-7B / vectorization (noise-adapted),2,0.05,11,20,20,True,0,0.0,0.0,0.16112515805281938,0,0.0,1.4010088538,
Qwen2.5-Coder-7B,vectorization,Qwen2.5-Coder-7B / vectorization (noise-implicit),2,0.05,11,20,20,True,0,0.0,0.0,0.16112515805281938,0,0.0,2.14496353775,
Qwen2.5-Coder-32B,vectorization,Qwen2.5-Coder-32B / vectorization (noise-adapted),2,0.05,11,20,20,True,0,0.0,0.0,0.16112515805281938,0,0.0,6.6033312850999994,
Qwen2.5-Coder-7B,guided,Qwen2.5-Coder-7B / guided (noise-implicit),2,0.05,11,20,20,True,0,0.0,0.0,0.16112515805281938,0,0.0,960.4688616172,
Qwen2.5-Coder-32B,guided,Qwen2.5-Coder-32B / guided (noise-adapted),2,0.05,11,20,20,True,0,0.0,0.0,0.16112515805281938,0,0.0,2.998348491,
Qwen2.5-Coder-3B,guided,Qwen2.5-Coder-3B / guided,2,0.05,11,20,20,True,0,0.0,0.0,0.16112515805281938,0,0.0,40.306706883649994,
Qwen2.5-Coder-7B,baseline,Qwen2.5-Coder-7B / baseline (noise-adapted),2,0.05,11,20,20,True,0,0.0,0.0,0.16112515805281938,13,0.65,0.00406945775,
Qwen2.5-Coder-14B,thinking,Qwen2.5-Coder-14B / thinking,2,0.05,11,20,20,True,0,0.0,0.0,0.16112515805281938,0,0.0,16.09039830555,
Qwen2.5-Coder-14B,thinking,Qwen2.5-Coder-14B / thinking (noise-implicit),2,0.05,11,20,20,True,0,0.0,0.0,0.16112515805281938,1,0.05,7.54039844215,
Qwen2.5-Coder-14B,baseline,Qwen2.5-Coder-14B / baseline (noise-implicit),2,0.05,11,20,20,True,0,0.0,0.0,0.16112515805281938,14,0.7,0.00419083425,
Qwen2.5-Coder-14B,baseline,Qwen2.5-Coder-14B / baseline (noise-adapted),2,0.05,11,20,20,True,0,0.0,0.0,0.16112515805281938,6,0.3,0.04498398345,
Qwen2.5-Coder-3B,baseline,Qwen2.5-Coder-3B / baseline,2,0.05,11,20,20,True,0,0.0,0.0,0.16112515805281938,0,0.0,4702850.983717744,
Qwen2.5-Coder-7B,guided,Qwen2.5-Coder-7B / guided,2,0.05,11,20,20,True,0,0.0,0.0,0.16112515805281938,0,0.0,2.06250442515,
Qwen2.5-Coder-14B,vectorization,Qwen2.5-Coder-14B / vectorization (noise-adapted),2,0.05,11,20,20,True,0,0.0,0.0,0.16112515805281938,1,0.05,3.1703570017000002,
Qwen2.5-Coder-7B,baseline,Qwen2.5-Coder-7B / baseline (noise-implicit),2,0.05,11,20,20,True,0,0.0,0.0,0.16112515805281938,0,0.0,1.6077943543,
Qwen2.5-Coder-7B,thinking,Qwen2.5-Coder-7B / thinking (noise-implicit),2,0.05,11,20,20,True,0,0.0,0.0,0.16112515805281938,3,0.15,3.6571072803,
Qwen2.5-Coder-32B,baseline,Qwen2.5-Coder-32B / baseline (noise-adapted),2,0.05,11,20,20,True,0,0.0,0.0,0.16112515805281938,0,0.0,10.9781569508,
Qwen2.5-Coder-14B,baseline,Qwen2.5-Coder-14B / baseline,2,0.05,11,20,20,True,0,0.0,0.0,0.16112515805281938,0,0.0,40.85674342305,
Qwen2.5-Coder-7B,vectorization,Qwen2.5-Coder-7B / vectorization,2,0.05,11,20,20,True,0,0.0,0.0,0.16112515805281938,0,0.0,1.6803916066499998,
Qwen2.5-Coder-14B,vectorization,Qwen2.5-Coder-14B / vectorization,2,0.05,11,20,20,True,0,0.0,0.0,0.16112515805281938,0,0.0,2.2411338251,
Qwen2.5-Coder-32B,thinking,Qwen2.5-Coder-32B / thinking (noise-adapted),2,0.05,11,20,20,True,0,0.0,0.0,0.16112515805281938,1,0.05,0.7032889200000001,
Qwen2.5-Coder-14B,guided,Qwen2.5-Coder-14B / guided (noise-implicit),2,0.05,11,20,20,True,18,0.9,0.6989663547715128,0.9721335187862319,18,0.9,0.0,1652.5
Qwen2.5-Coder-3B,baseline,Qwen2.5-Coder-3B / baseline (noise-adapted),2,0.05,11,20,20,True,0,0.0,0.0,0.16112515805281938,0,0.0,9282266.420592012,
Qwen2.5-Coder-7B,thinking,Qwen2.5-Coder-7B / thinking,2,0.05,11,20,20,True,1,0.05,0.008881448800795402,0.23613119344674205,4,0.2,0.9045452531,6356.0
Qwen2.5-Coder-14B,guided,Qwen2.5-Coder-14B / guided (noise-adapted),2,0.05,11,20,20,True,0,0.0,0.0,0.16112515805281938,0,0.0,1.0472008006,
Qwen2.5-Coder-14B,guided,Qwen2.5-Coder-14B / guided,2,0.05,11,20,20,True,0,0.0,0.0,0.16112515805281938,0,0.0,4.7214447384,
Qwen2.5-Coder-14B,thinking,Qwen2.5-Coder-14B / thinking (noise-adapted),5,0.2,8,20,20,True,0,0.0,0.0,0.16112515805281938,0,0.0,5.46181635835,
Qwen2.5-Coder-32B,thinking,Qwen2.5-Coder-32B / thinking (noise-implicit),5,0.2,8,20,20,True,0,0.0,0.0,0.16112515805281938,0,0.0,1.70494993635,
Qwen2.5-Coder-32B,baseline,Qwen2.5-Coder-32B / baseline (noise-implicit),5,0.2,8,20,20,True,0,0.0,0.0,0.16112515805281938,0,0.0,0.41089329105,
Qwen2.5-Coder-14B,vectorization,Qwen2.5-Coder-14B / vectorization (noise-implicit),5,0.2,8,20,20,True,0,0.0,0.0,0.16112515805281938,0,0.0,219.09219098775,
Qwen2.5-Coder-7B,guided,Qwen2.5-Coder-7B / guided (noise-adapted),5,0.2,8,20,20,True,0,0.0,0.0,0.16112515805281938,0,0.0,51.76142354225,
Qwen2.5-Coder-32B,guided,Qwen2.5-Coder-32B / guided (noise-implicit),5,0.2,8,20,20,True,0,0.0,0.0,0.16112515805281938,0,0.0,3.55416080355,
Qwen2.5-Coder-7B,thinking,Qwen2.5-Coder-7B / thinking (noise-adapted),5,0.2,8,20,20,True,0,0.0,0.0,0.16112515805281938,0,0.0,69.40300550365001,
Qwen2.5-Coder-32B,vectorization,Qwen2.5-Coder-32B / vectorization (noise-implicit),5,0.2,8,20,20,True,0,0.0,0.0,0.16112515805281938,0,0.0,1.93577572515,
Qwen2.5-Coder-7B,vectorization,Qwen2.5-Coder-7B / vectorization (noise-adapted),5,0.2,8,20,20,True,0,0.0,0.0,0.16112515805281938,0,0.0,45.21624238285,
Qwen2.5-Coder-7B,vectorization,Qwen2.5-Coder-7B / vectorization (noise-implicit),5,0.2,8,20,20,True,0,0.0,0.0,0.16112515805281938,0,0.0,148.04927211875,
Qwen2.5-Coder-32B,vectorization,Qwen2.5-Coder-32B / vectorization (noise-adapted),5,0.2,8,20,20,True,0,0.0,0.0,0.16112515805281938,0,0.0,8.5738789255,
Qwen2.5-Coder-7B,guided,Qwen2.5-Coder-7B / guided (noise-implicit),5,0.2,8,20,20,True,20,1.0,0.8388748419471806,1.0,20,1.0,0.0,26917.5
Qwen2.5-Coder-32B,guided,Qwen2.5-Coder-32B / guided (noise-adapted),5,0.2,8,20,20,True,0,0.0,0.0,0.16112515805281938,0,0.0,7.783434433649999,
Qwen2.5-Coder-7B,baseline,Qwen2.5-Coder-7B / baseline (noise-adapted),5,0.2,8,20,20,True,0,0.0,0.0,0.16112515805281938,0,0.0,199.2685886998,
Qwen2.5-Coder-14B,thinking,Qwen2.5-Coder-14B / thinking (noise-implicit),5,0.2,8,20,20,True,0,0.0,0.0,0.16112515805281938,0,0.0,3.91411868465,
Qwen2.5-Coder-14B,baseline,Qwen2.5-Coder-14B / baseline (noise-implicit),5,0.2,8,20,20,True,0,0.0,0.0,0.16112515805281938,0,0.0,3.73450790555,
Qwen2.5-Coder-14B,baseline,Qwen2.5-Coder-14B / baseline (noise-adapted),5,0.2,8,20,20,True,0,0.0,0.0,0.16112515805281938,4,0.2,0.03326116765,
Qwen2.5-Coder-14B,vectorization,Qwen2.5-Coder-14B / vectorization (noise-adapted),5,0.2,8,20,20,True,0,0.0,0.0,0.16112515805281938,0,0.0,1.93722694005,
Qwen2.5-Coder-7B,baseline,Qwen2.5-Coder-7B / baseline (noise-implicit),5,0.2,8,20,20,True,0,0.0,0.0,0.16112515805281938,0,0.0,696.3110221673,
Qwen2.5-Coder-7B,thinking,Qwen2.5-Coder-7B / thinking (noise-implicit),5,0.2,8,20,20,True,0,0.0,0.0,0.16112515805281938,0,0.0,10717.63226859905,
Qwen2.5-Coder-32B,baseline,Qwen2.5-Coder-32B / baseline (noise-adapted),5,0.2,8,20,20,True,0,0.0,0.0,0.16112515805281938,0,0.0,4.02861086315,
Qwen2.5-Coder-32B,thinking,Qwen2.5-Coder-32B / thinking (noise-adapted),5,0.2,8,20,20,True,0,0.0,0.0,0.16112515805281938,0,0.0,2.9775058942,
Qwen2.5-Coder-14B,guided,Qwen2.5-Coder-14B / guided (noise-implicit),5,0.2,8,2,20,False,0,0.0,0.0,0.6576197724933469,0,0.0,51055.2239801029,
Qwen2.5-Coder-14B,guided,Qwen2.5-Coder-14B / guided (noise-adapted),5,0.2,8,20,20,True,0,0.0,0.0,0.16112515805281938,0,0.0,4.80413461715,
Qwen2.5-Coder-14B,thinking,Qwen2.5-Coder-14B / thinking (noise-adapted),5,0.2,1,20,20,True,0,0.0,0.0,0.16112515805281938,0,0.0,0.07711815564999999,
Qwen2.5-Coder-32B,thinking,Qwen2.5-Coder-32B / thinking (noise-implicit),5,0.2,1,20,20,True,0,0.0,0.0,0.16112515805281938,0,0.0,2.3299014881,
Qwen2.5-Coder-32B,baseline,Qwen2.5-Coder-32B / baseline (noise-implicit),5,0.2,1,20,20,True,0,0.0,0.0,0.16112515805281938,20,1.0,0.0006010983,
Qwen2.5-Coder-14B,vectorization,Qwen2.5-Coder-14B / vectorization (noise-implicit),5,0.2,1,20,20,True,20,1.0,0.8388748419471806,1.0,20,1.0,0.0,3096.0
Qwen2.5-Coder-7B,guided,Qwen2.5-Coder-7B / guided (noise-adapted),5,0.2,1,20,20,True,0,0.0,0.0,0.16112515805281938,0,0.0,1.49662078,
Qwen2.5-Coder-32B,guided,Qwen2.5-Coder-32B / guided (noise-implicit),5,0.2,1,20,20,True,18,0.9,0.6989663547715128,0.9721335187862319,20,1.0,0.0,12551.5
Qwen2.5-Coder-7B,thinking,Qwen2.5-Coder-7B / thinking (noise-adapted),5,0.2,1,20,20,True,0,0.0,0.0,0.16112515805281938,0,0.0,2.2364608645499997,
Qwen2.5-Coder-32B,vectorization,Qwen2.5-Coder-32B / vectorization (noise-implicit),5,0.2,1,20,20,True,20,1.0,0.8388748419471806,1.0,20,1.0,0.0,8742.0
Qwen2.5-Coder-7B,vectorization,Qwen2.5-Coder-7B / vectorization (noise-adapted),5,0.2,1,20,20,True,0,0.0,0.0,0.16112515805281938,0,0.0,6.4719842306499995,
Qwen2.5-Coder-7B,vectorization,Qwen2.5-Coder-7B / vectorization (noise-implicit),5,0.2,1,20,20,True,0,0.0,0.0,0.16112515805281938,0,0.0,2.59855910945,
Qwen2.5-Coder-32B,vectorization,Qwen2.5-Coder-32B / vectorization (noise-adapted),5,0.2,1,20,20,True,20,1.0,0.8388748419471806,1.0,20,1.0,0.0,13640.0
Qwen2.5-Coder-7B,guided,Qwen2.5-Coder-7B / guided (noise-implicit),5,0.2,1,2,20,False,0,0.0,0.0,0.6576197724933469,0,0.0,5.3376225584500006,
Qwen2.5-Coder-32B,guided,Qwen2.5-Coder-32B / guided (noise-adapted),5,0.2,1,20,20,True,20,1.0,0.8388748419471806,1.0,20,1.0,0.0,22240.0
Qwen2.5-Coder-7B,baseline,Qwen2.5-Coder-7B / baseline (noise-adapted),5,0.2,1,20,20,True,0,0.0,0.0,0.16112515805281938,4,0.2,0.0158608343,
Qwen2.5-Coder-14B,thinking,Qwen2.5-Coder-14B / thinking (noise-implicit),5,0.2,1,20,20,True,0,0.0,0.0,0.16112515805281938,19,0.95,0.0045407476000000006,
Qwen2.5-Coder-14B,baseline,Qwen2.5-Coder-14B / baseline (noise-implicit),5,0.2,1,20,20,True,0,0.0,0.0,0.16112515805281938,20,1.0,7.656585e-05,
Qwen2.5-Coder-14B,baseline,Qwen2.5-Coder-14B / baseline (noise-adapted),5,0.2,1,20,20,True,6,0.3,0.1454772448676043,0.5189728183535235,6,0.3,37.30112856935,17974.5
Qwen2.5-Coder-14B,vectorization,Qwen2.5-Coder-14B / vectorization (noise-adapted),5,0.2,1,20,20,True,18,0.9,0.6989663547715128,0.9721335187862319,18,0.9,0.0,30623.0
Qwen2.5-Coder-7B,baseline,Qwen2.5-Coder-7B / baseline (noise-implicit),5,0.2,1,20,20,True,19,0.95,0.763868806553258,0.9911185511992047,20,1.0,0.0,5873.0
Qwen2.5-Coder-7B,thinking,Qwen2.5-Coder-7B / thinking (noise-implicit),5,0.2,1,20,20,True,0,0.0,0.0,0.16112515805281938,0,0.0,0.5184426334000001,
Qwen2.5-Coder-32B,baseline,Qwen2.5-Coder-32B / baseline (noise-adapted),5,0.2,1,20,20,True,0,0.0,0.0,0.16112515805281938,20,1.0,2.5348e-06,
Qwen2.5-Coder-32B,thinking,Qwen2.5-Coder-32B / thinking (noise-adapted),5,0.2,1,20,20,True,0,0.0,0.0,0.16112515805281938,10,0.5,0.0100581895,
Qwen2.5-Coder-14B,guided,Qwen2.5-Coder-14B / guided (noise-implicit),5,0.2,1,20,20,True,20,1.0,0.8388748419471806,1.0,20,1.0,0.0,8383.0
Qwen2.5-Coder-14B,guided,Qwen2.5-Coder-14B / guided (noise-adapted),5,0.2,1,20,20,True,20,1.0,0.8388748419471806,1.0,20,1.0,0.0,16908.0
Qwen2.5-Coder-14B,thinking,Qwen2.5-Coder-14B / thinking (noise-adapted),5,0.2,15,20,20,True,0,0.0,0.0,0.16112515805281938,0,0.0,85.38939950644999,
Qwen2.5-Coder-32B,thinking,Qwen2.5-Coder-32B / thinking (noise-implicit),5,0.2,15,20,20,True,0,0.0,0.0,0.16112515805281938,0,0.0,5.17538382085,
Qwen2.5-Coder-32B,baseline,Qwen2.5-Coder-32B / baseline (noise-implicit),5,0.2,15,20,20,True,0,0.0,0.0,0.16112515805281938,0,0.0,6.37985417995,
Qwen2.5-Coder-14B,vectorization,Qwen2.5-Coder-14B / vectorization (noise-implicit),5,0.2,15,20,20,True,0,0.0,0.0,0.16112515805281938,0,0.0,24.1136755212,
Qwen2.5-Coder-7B,guided,Qwen2.5-Coder-7B / guided (noise-adapted),5,0.2,15,20,20,True,0,0.0,0.0,0.16112515805281938,0,0.0,17.97860788425,
Qwen2.5-Coder-32B,guided,Qwen2.5-Coder-32B / guided (noise-implicit),5,0.2,15,20,20,True,0,0.0,0.0,0.16112515805281938,0,0.0,3.7039429240999997,
Qwen2.5-Coder-7B,thinking,Qwen2.5-Coder-7B / thinking (noise-adapted),5,0.2,15,20,20,True,0,0.0,0.0,0.16112515805281938,0,0.0,23.8658903337,
Qwen2.5-Coder-32B,vectorization,Qwen2.5-Coder-32B / vectorization (noise-implicit),5,0.2,15,20,20,True,5,0.25,0.11186170140766566,0.46870087761874407,6,0.3,1.0221705863500001,48646.0
Qwen2.5-Coder-7B,vectorization,Qwen2.5-Coder-7B / vectorization (noise-adapted),5,0.2,15,20,20,True,0,0.0,0.0,0.16112515805281938,0,0.0,28.937022039600002,
Qwen2.5-Coder-7B,vectorization,Qwen2.5-Coder-7B / vectorization (noise-implicit),5,0.2,15,20,20,True,0,0.0,0.0,0.16112515805281938,0,0.0,7.26442794605,
Qwen2.5-Coder-32B,vectorization,Qwen2.5-Coder-32B / vectorization (noise-adapted),5,0.2,15,20,20,True,0,0.0,0.0,0.16112515805281938,0,0.0,27.5963780398,
Qwen2.5-Coder-7B,guided,Qwen2.5-Coder-7B / guided (noise-implicit),5,0.2,15,20,20,True,0,0.0,0.0,0.16112515805281938,0,0.0,59.949198938349994,
Qwen2.5-Coder-32B,guided,Qwen2.5-Coder-32B / guided (noise-adapted),5,0.2,15,20,20,True,6,0.3,0.1454772448676043,0.5189728183535235,6,0.3,0.9959752016500001,31443.5
Qwen2.5-Coder-7B,baseline,Qwen2.5-Coder-7B / baseline (noise-adapted),5,0.2,15,20,20,True,0,0.0,0.0,0.16112515805281938,0,0.0,73.9870004159,
Qwen2.5-Coder-14B,thinking,Qwen2.5-Coder-14B / thinking (noise-implicit),5,0.2,15,20,20,True,0,0.0,0.0,0.16112515805281938,0,0.0,12.0087280855,
Qwen2.5-Coder-14B,baseline,Qwen2.5-Coder-14B / baseline (noise-implicit),5,0.2,15,20,20,True,0,0.0,0.0,0.16112515805281938,0,0.0,9.121392481400001,
Qwen2.5-Coder-14B,baseline,Qwen2.5-Coder-14B / baseline (noise-adapted),5,0.2,15,20,20,True,0,0.0,0.0,0.16112515805281938,0,0.0,133.22043534775,
Qwen2.5-Coder-14B,vectorization,Qwen2.5-Coder-14B / vectorization (noise-adapted),5,0.2,15,20,20,True,0,0.0,0.0,0.16112515805281938,0,0.0,2.64997719085,
Qwen2.5-Coder-7B,baseline,Qwen2.5-Coder-7B / baseline (noise-implicit),5,0.2,15,20,20,True,0,0.0,0.0,0.16112515805281938,0,0.0,5.501990793499999,
Qwen2.5-Coder-7B,thinking,Qwen2.5-Coder-7B / thinking (noise-implicit),5,0.2,15,20,20,True,0,0.0,0.0,0.16112515805281938,0,0.0,93.8412206294,
Qwen2.5-Coder-32B,baseline,Qwen2.5-Coder-32B / baseline (noise-adapted),5,0.2,15,20,20,True,0,0.0,0.0,0.16112515805281938,0,0.0,10.9129940764,
Qwen2.5-Coder-32B,thinking,Qwen2.5-Coder-32B / thinking (noise-adapted),5,0.2,15,20,20,True,0,0.0,0.0,0.16112515805281938,0,0.0,24.13372881905,
Qwen2.5-Coder-14B,guided,Qwen2.5-Coder-14B / guided (noise-implicit),5,0.2,15,20,20,True,0,0.0,0.0,0.16112515805281938,1,0.05,3.1448201711,
Qwen2.5-Coder-14B,guided,Qwen2.5-Coder-14B / guided (noise-adapted),5,0.2,15,20,20,True,0,0.0,0.0,0.16112515805281938,0,0.0,44.37590118005,
Qwen2.5-Coder-14B,thinking,Qwen2.5-Coder-14B / thinking (noise-adapted),5,0.2,21,20,20,True,0,0.0,0.0,0.16112515805281938,20,1.0,0.00083535555,
Qwen2.5-Coder-32B,thinking,Qwen2.5-Coder-32B / thinking (noise-implicit),5,0.2,21,20,20,True,0,0.0,0.0,0.16112515805281938,15,0.75,0.0001000904,
Qwen2.5-Coder-32B,baseline,Qwen2.5-Coder-32B / baseline (noise-implicit),5,0.2,21,20,20,True,0,0.0,0.0,0.16112515805281938,15,0.75,1.59915e-06,
Qwen2.5-Coder-14B,vectorization,Qwen2.5-Coder-14B / vectorization (noise-implicit),5,0.2,21,20,20,True,0,0.0,0.0,0.16112515805281938,0,0.0,1.4977995021,
Qwen2.5-Coder-7B,guided,Qwen2.5-Coder-7B / guided (noise-adapted),5,0.2,21,20,20,True,0,0.0,0.0,0.16112515805281938,4,0.2,1.309035387,
Qwen2.5-Coder-32B,guided,Qwen2.5-Coder-32B / guided (noise-implicit),5,0.2,21,20,20,True,16,0.8,0.5839825677481064,0.919342337420202,18,0.9,0.0,32363.5
Qwen2.5-Coder-7B,thinking,Qwen2.5-Coder-7B / thinking (noise-adapted),5,0.2,21,20,20,True,0,0.0,0.0,0.16112515805281938,0,0.0,2.89246947235,
Qwen2.5-Coder-32B,vectorization,Qwen2.5-Coder-32B / vectorization (noise-implicit),5,0.2,21,20,20,True,0,0.0,0.0,0.16112515805281938,9,0.45,0.9347223289,
Qwen2.5-Coder-7B,vectorization,Qwen2.5-Coder-7B / vectorization (noise-adapted),5,0.2,21,20,20,True,0,0.0,0.0,0.16112515805281938,0,0.0,3.00618895485,
Qwen2.5-Coder-7B,vectorization,Qwen2.5-Coder-7B / vectorization (noise-implicit),5,0.2,21,20,20,True,0,0.0,0.0,0.16112515805281938,0,0.0,6.48570774105,
Qwen2.5-Coder-32B,vectorization,Qwen2.5-Coder-32B / vectorization (noise-adapted),5,0.2,21,20,20,True,0,0.0,0.0,0.16112515805281938,0,0.0,1.22481358605,
Qwen2.5-Coder-7B,guided,Qwen2.5-Coder-7B / guided (noise-implicit),5,0.2,21,20,20,True,0,0.0,0.0,0.16112515805281938,13,0.65,2.08685e-06,
Qwen2.5-Coder-32B,guided,Qwen2.5-Coder-32B / guided (noise-adapted),5,0.2,21,20,20,True,0,0.0,0.0,0.16112515805281938,9,0.45,0.0128650333,
Qwen2.5-Coder-7B,baseline,Qwen2.5-Coder-7B / baseline (noise-adapted),5,0.2,21,20,20,True,0,0.0,0.0,0.16112515805281938,0,0.0,1.6079922398,
Qwen2.5-Coder-14B,thinking,Qwen2.5-Coder-14B / thinking (noise-implicit),5,0.2,21,20,20,True,0,0.0,0.0,0.16112515805281938,1,0.05,0.27070539575,
Qwen2.5-Coder-14B,baseline,Qwen2.5-Coder-14B / baseline (noise-implicit),5,0.2,21,20,20,True,0,0.0,0.0,0.16112515805281938,0,0.0,1.87025759745,
Qwen2.5-Coder-14B,baseline,Qwen2.5-Coder-14B / baseline (noise-adapted),5,0.2,21,20,20,True,0,0.0,0.0,0.16112515805281938,0,0.0,2.0608834664,
Qwen2.5-Coder-14B,vectorization,Qwen2.5-Coder-14B / vectorization (noise-adapted),5,0.2,21,20,20,True,0,0.0,0.0,0.16112515805281938,0,0.0,1.3956124026999999,
Qwen2.5-Coder-7B,baseline,Qwen2.5-Coder-7B / baseline (noise-implicit),5,0.2,21,20,20,True,0,0.0,0.0,0.16112515805281938,0,0.0,0.39397536285,
Qwen2.5-Coder-7B,thinking,Qwen2.5-Coder-7B / thinking (noise-implicit),5,0.2,21,20,20,True,0,0.0,0.0,0.16112515805281938,2,0.1,2.1567316236,
Qwen2.5-Coder-32B,baseline,Qwen2.5-Coder-32B / baseline (noise-adapted),5,0.2,21,20,20,True,0,0.0,0.0,0.16112515805281938,0,0.0,1.9462895364,
Qwen2.5-Coder-32B,thinking,Qwen2.5-Coder-32B / thinking (noise-adapted),5,0.2,21,20,20,True,0,0.0,0.0,0.16112515805281938,0,0.0,2.33876316555,
Qwen2.5-Coder-14B,guided,Qwen2.5-Coder-14B / guided (noise-implicit),5,0.2,21,20,20,True,4,0.2,0.08065766257979806,0.41601743225189364,4,0.2,1.26283714275,44336.0
Qwen2.5-Coder-14B,guided,Qwen2.5-Coder-14B / guided (noise-adapted),5,0.2,21,20,20,True,0,0.0,0.0,0.16112515805281938,0,0.0,2.0967907972499997,
Qwen2.5-Coder-14B,thinking,Qwen2.5-Coder-14B / thinking (noise-adapted),5,0.2,11,20,20,True,0,0.0,0.0,0.16112515805281938,0,0.0,13.30557907385,
Qwen2.5-Coder-32B,thinking,Qwen2.5-Coder-32B / thinking (noise-implicit),5,0.2,11,20,20,True,0,0.0,0.0,0.16112515805281938,0,0.0,12.21435201925,
Qwen2.5-Coder-32B,baseline,Qwen2.5-Coder-32B / baseline (noise-implicit),5,0.2,11,20,20,True,0,0.0,0.0,0.16112515805281938,0,0.0,4.98068522135,
Qwen2.5-Coder-14B,vectorization,Qwen2.5-Coder-14B / vectorization (noise-implicit),5,0.2,11,20,20,True,0,0.0,0.0,0.16112515805281938,0,0.0,20.88678115815,
Qwen2.5-Coder-7B,guided,Qwen2.5-Coder-7B / guided (noise-adapted),5,0.2,11,20,20,True,0,0.0,0.0,0.16112515805281938,0,0.0,19.461530177550003,
Qwen2.5-Coder-32B,guided,Qwen2.5-Coder-32B / guided (noise-implicit),5,0.2,11,20,20,True,0,0.0,0.0,0.16112515805281938,0,0.0,0.043920719750000004,
Qwen2.5-Coder-7B,thinking,Qwen2.5-Coder-7B / thinking (noise-adapted),5,0.2,11,20,20,True,0,0.0,0.0,0.16112515805281938,0,0.0,36.821390093450006,
Qwen2.5-Coder-32B,vectorization,Qwen2.5-Coder-32B / vectorization (noise-implicit),5,0.2,11,20,20,True,0,0.0,0.0,0.16112515805281938,0,0.0,2.060391557,
Qwen2.5-Coder-7B,vectorization,Qwen2.5-Coder-7B / vectorization (noise-adapted),5,0.2,11,20,20,True,0,0.0,0.0,0.16112515805281938,0,0.0,45.439107349850005,
Qwen2.5-Coder-7B,vectorization,Qwen2.5-Coder-7B / vectorization (noise-implicit),5,0.2,11,20,20,True,0,0.0,0.0,0.16112515805281938,0,0.0,8.056161889350001,
Qwen2.5-Coder-32B,vectorization,Qwen2.5-Coder-32B / vectorization (noise-adapted),5,0.2,11,20,20,True,0,0.0,0.0,0.16112515805281938,0,0.0,15.5115548174,
Qwen2.5-Coder-7B,guided,Qwen2.5-Coder-7B / guided (noise-implicit),5,0.2,11,20,20,True,20,1.0,0.8388748419471806,1.0,20,1.0,5e-11,40499.0
Qwen2.5-Coder-32B,guided,Qwen2.5-Coder-32B / guided (noise-adapted),5,0.2,11,20,20,True,0,0.0,0.0,0.16112515805281938,0,0.0,13.31416643715,
Qwen2.5-Coder-7B,baseline,Qwen2.5-Coder-7B / baseline (noise-adapted),5,0.2,11,20,20,True,0,0.0,0.0,0.16112515805281938,0,0.0,21.0273882766,
Qwen2.5-Coder-14B,thinking,Qwen2.5-Coder-14B / thinking (noise-implicit),5,0.2,11,20,20,True,0,0.0,0.0,0.16112515805281938,0,0.0,11.631715512500001,
Qwen2.5-Coder-14B,baseline,Qwen2.5-Coder-14B / baseline (noise-implicit),5,0.2,11,20,20,True,0,0.0,0.0,0.16112515805281938,0,0.0,25.37820073575,
Qwen2.5-Coder-14B,baseline,Qwen2.5-Coder-14B / baseline (noise-adapted),5,0.2,11,20,20,True,0,0.0,0.0,0.16112515805281938,0,0.0,3535.5323728578,
Qwen2.5-Coder-14B,vectorization,Qwen2.5-Coder-14B / vectorization (noise-adapted),5,0.2,11,20,20,True,0,0.0,0.0,0.16112515805281938,0,0.0,355.8156513452,
Qwen2.5-Coder-7B,baseline,Qwen2.5-Coder-7B / baseline (noise-implicit),5,0.2,11,20,20,True,0,0.0,0.0,0.16112515805281938,0,0.0,22.62033385785,
Qwen2.5-Coder-7B,thinking,Qwen2.5-Coder-7B / thinking (noise-implicit),5,0.2,11,20,20,True,0,0.0,0.0,0.16112515805281938,0,0.0,52.774942771400006,
Qwen2.5-Coder-32B,baseline,Qwen2.5-Coder-32B / baseline (noise-adapted),5,0.2,11,20,20,True,0,0.0,0.0,0.16112515805281938,0,0.0,14.541879237,
Qwen2.5-Coder-32B,thinking,Qwen2.5-Coder-32B / thinking (noise-adapted),5,0.2,11,20,20,True,0,0.0,0.0,0.16112515805281938,0,0.0,39.98291591815,
Qwen2.5-Coder-14B,guided,Qwen2.5-Coder-14B / guided (noise-implicit),5,0.2,11,20,20,True,20,1.0,0.8388748419471806,1.0,20,1.0,0.0,19345.5
Qwen2.5-Coder-14B,guided,Qwen2.5-Coder-14B / guided (noise-adapted),5,0.2,11,20,20,True,0,0.0,0.0,0.16112515805281938,0,0.0,4889.92613990635,
Qwen2.5-Coder-32B,thinking,Qwen2.5-Coder-32B / thinking (noise-implicit),5,0.0,8,20,20,True,20,1.0,0.8388748419471806,1.0,20,1.0,0.0,14280.5
Qwen2.5-Coder-32B,baseline,Qwen2.5-Coder-32B / baseline (noise-implicit),5,0.0,8,20,20,True,0,0.0,0.0,0.16112515805281938,12,0.6,0.006565049,
Qwen2.5-Coder-14B,vectorization,Qwen2.5-Coder-14B / vectorization (noise-implicit),5,0.0,8,20,20,True,0,0.0,0.0,0.16112515805281938,4,0.2,0.05023452115,
Qwen2.5-Coder-32B,vectorization,Qwen2.5-Coder-32B / vectorization,5,0.0,8,20,20,True,20,1.0,0.8388748419471806,1.0,20,1.0,0.0,16549.5
Qwen2.5-Coder-7B,baseline,Qwen2.5-Coder-7B / baseline,5,0.0,8,20,20,True,0,0.0,0.0,0.16112515805281938,0,0.0,3.20894008115,
Qwen2.5-Coder-32B,guided,Qwen2.5-Coder-32B / guided (noise-implicit),5,0.0,8,20,20,True,15,0.75,0.531299122381256,0.8881382985923343,15,0.75,0.0,20513.0
Qwen2.5-Coder-32B,vectorization,Qwen2.5-Coder-32B / vectorization (noise-implicit),5,0.0,8,20,20,True,0,0.0,0.0,0.16112515805281938,17,0.85,0.0005477029500000001,
Qwen2.5-Coder-32B,thinking,Qwen2.5-Coder-32B / thinking,5,0.0,8,20,20,True,0,0.0,0.0,0.16112515805281938,0,0.0,0.2299615428,
Qwen2.5-Coder-3B,guided,Qwen2.5-Coder-3B / guided,5,0.0,8,20,20,True,0,0.0,0.0,0.16112515805281938,0,0.0,323.0315193988,
Qwen2.5-Coder-14B,thinking,Qwen2.5-Coder-14B / thinking,5,0.0,8,20,20,True,0,0.0,0.0,0.16112515805281938,0,0.0,0.17412114029999998,
Qwen2.5-Coder-14B,thinking,Qwen2.5-Coder-14B / thinking (noise-implicit),5,0.0,8,20,20,True,0,0.0,0.0,0.16112515805281938,6,0.3,0.04159455845,
Qwen2.5-Coder-14B,baseline,Qwen2.5-Coder-14B / baseline (noise-implicit),5,0.0,8,20,20,True,20,1.0,0.8388748419471806,1.0,20,1.0,0.0,23866.5
Qwen2.5-Coder-3B,baseline,Qwen2.5-Coder-3B / baseline,5,0.0,8,20,20,True,0,0.0,0.0,0.16112515805281938,0,0.0,0.56470227455,
Qwen2.5-Coder-7B,guided,Qwen2.5-Coder-7B / guided,5,0.0,8,20,20,True,20,1.0,0.8388748419471806,1.0,20,1.0,0.0,31001.5
Qwen2.5-Coder-14B,baseline,Qwen2.5-Coder-14B / baseline,5,0.0,8,20,20,True,20,1.0,0.8388748419471806,1.0,20,1.0,0.0,33809.0
Qwen2.5-Coder-7B,vectorization,Qwen2.5-Coder-7B / vectorization,5,0.0,8,20,20,True,0,0.0,0.0,0.16112515805281938,0,0.0,0.414199011,
Qwen2.5-Coder-14B,vectorization,Qwen2.5-Coder-14B / vectorization,5,0.0,8,20,20,True,20,1.0,0.8388748419471806,1.0,20,1.0,0.0,19464.0
Qwen2.5-Coder-14B,guided,Qwen2.5-Coder-14B / guided (noise-implicit),5,0.0,8,20,20,True,0,0.0,0.0,0.16112515805281938,0,0.0,0.7362372276,
Qwen2.5-Coder-32B,baseline,Qwen2.5-Coder-32B / baseline,5,0.0,8,20,20,True,0,0.0,0.0,0.16112515805281938,2,0.1,0.09210060610000001,
Qwen2.5-Coder-7B,thinking,Qwen2.5-Coder-7B / thinking,5,0.0,8,20,20,True,0,0.0,0.0,0.16112515805281938,1,0.05,0.09269753365,
Qwen2.5-Coder-3B,vectorization,Qwen2.5-Coder-3B / vectorization,5,0.0,8,2,20,False,0,0.0,0.0,0.6576197724933469,0,0.0,0.1092519373,
Qwen2.5-Coder-32B,guided,Qwen2.5-Coder-32B / guided,5,0.0,8,20,20,True,0,0.0,0.0,0.16112515805281938,0,0.0,0.2301690452,
Qwen2.5-Coder-14B,guided,Qwen2.5-Coder-14B / guided,5,0.0,8,20,20,True,20,1.0,0.8388748419471806,1.0,20,1.0,0.0,14258.5
Qwen2.5-Coder-32B,thinking,Qwen2.5-Coder-32B / thinking (noise-implicit),5,0.0,1,20,20,True,20,1.0,0.8388748419471806,1.0,20,1.0,0.0,16423.5
Qwen2.5-Coder-32B,baseline,Qwen2.5-Coder-32B / baseline (noise-implicit),5,0.0,1,20,20,True,0,0.0,0.0,0.16112515805281938,20,1.0,2.774735e-05,
Qwen2.5-Coder-14B,vectorization,Qwen2.5-Coder-14B / vectorization (noise-implicit),5,0.0,1,20,20,True,0,0.0,0.0,0.16112515805281938,20,1.0,0.0007006834,
Qwen2.5-Coder-32B,vectorization,Qwen2.5-Coder-32B / vectorization,5,0.0,1,20,20,True,20,1.0,0.8388748419471806,1.0,20,1.0,0.0,5031.5
Qwen2.5-Coder-7B,baseline,Qwen2.5-Coder-7B / baseline,5,0.0,1,20,20,True,20,1.0,0.8388748419471806,1.0,20,1.0,0.0,2757.0
Qwen2.5-Coder-32B,guided,Qwen2.5-Coder-32B / guided (noise-implicit),5,0.0,1,20,20,True,0,0.0,0.0,0.16112515805281938,20,1.0,0.00023170255,
Qwen2.5-Coder-32B,vectorization,Qwen2.5-Coder-32B / vectorization (noise-implicit),5,0.0,1,20,20,True,0,0.0,0.0,0.16112515805281938,1,0.05,0.1980023715,
Qwen2.5-Coder-32B,thinking,Qwen2.5-Coder-32B / thinking,5,0.0,1,20,20,True,0,0.0,0.0,0.16112515805281938,20,1.0,1.83745e-06,
Qwen2.5-Coder-14B,thinking,Qwen2.5-Coder-14B / thinking,5,0.0,1,20,20,True,20,1.0,0.8388748419471806,1.0,20,1.0,0.0,4849.0
Qwen2.5-Coder-14B,thinking,Qwen2.5-Coder-14B / thinking (noise-implicit),5,0.0,1,20,20,True,0,0.0,0.0,0.16112515805281938,20,1.0,9.844800000000001e-06,
Qwen2.5-Coder-14B,baseline,Qwen2.5-Coder-14B / baseline (noise-implicit),5,0.0,1,20,20,True,0,0.0,0.0,0.16112515805281938,20,1.0,0.0006640147999999999,
Qwen2.5-Coder-3B,baseline,Qwen2.5-Coder-3B / baseline,5,0.0,1,20,20,True,10,0.5,0.29929800819821234,0.7007019918017876,10,0.5,0.54747648,38132.0
Qwen2.5-Coder-7B,guided,Qwen2.5-Coder-7B / guided,5,0.0,1,20,20,True,20,1.0,0.8388748419471806,1.0,20,1.0,0.0,28231.0
Qwen2.5-Coder-14B,baseline,Qwen2.5-Coder-14B / baseline,5,0.0,1,20,20,True,10,0.5,0.29929800819821234,0.7007019918017876,20,1.0,1.5e-08,37471.0
Qwen2.5-Coder-7B,vectorization,Qwen2.5-Coder-7B / vectorization,5,0.0,1,20,20,True,1,0.05,0.008881448800795402,0.23613119344674205,2,0.1,1.86351999485,10131.0
Qwen2.5-Coder-14B,vectorization,Qwen2.5-Coder-14B / vectorization,5,0.0,1,20,20,True,0,0.0,0.0,0.16112515805281938,20,1.0,3.524e-07,
Qwen2.5-Coder-14B,guided,Qwen2.5-Coder-14B / guided (noise-implicit),5,0.0,1,20,20,True,0,0.0,0.0,0.16112515805281938,20,1.0,2.537575e-05,
Qwen2.5-Coder-32B,baseline,Qwen2.5-Coder-32B / baseline,5,0.0,1,20,20,True,0,0.0,0.0,0.16112515805281938,0,0.0,13.49509120055,
Qwen2.5-Coder-7B,thinking,Qwen2.5-Coder-7B / thinking,5,0.0,1,20,20,True,13,0.65,0.4328542766852363,0.8188081758989179,20,1.0,7e-10,42009.0
Qwen2.5-Coder-3B,vectorization,Qwen2.5-Coder-3B / vectorization,5,0.0,1,20,20,True,0,0.0,0.0,0.16112515805281938,0,0.0,7.6092347352,
Qwen2.5-Coder-32B,guided,Qwen2.5-Coder-32B / guided,5,0.0,1,20,20,True,0,0.0,0.0,0.16112515805281938,20,1.0,0.00062037735,
Qwen2.5-Coder-14B,guided,Qwen2.5-Coder-14B / guided,5,0.0,1,20,20,True,0,0.0,0.0,0.16112515805281938,20,1.0,1.384e-07,
Qwen2.5-Coder-14B,vectorization,Qwen2.5-Coder-14B / vectorization (noise-implicit),5,0.0,15,20,20,True,9,0.45,0.2581978582556243,0.6579146575496577,11,0.55,0.0006733294,43134.0
Qwen2.5-Coder-32B,vectorization,Qwen2.5-Coder-32B / vectorization,5,0.0,15,20,20,True,2,0.1,0.027866481213768224,0.3010336452284873,2,0.1,0.99772994685,26067.0
Qwen2.5-Coder-7B,baseline,Qwen2.5-Coder-7B / baseline,5,0.0,15,20,20,True,0,0.0,0.0,0.16112515805281938,0,0.0,4.88267106825,
Qwen2.5-Coder-32B,thinking,Qwen2.5-Coder-32B / thinking,5,0.0,15,20,20,True,0,0.0,0.0,0.16112515805281938,0,0.0,3.9800021649,
Qwen2.5-Coder-14B,thinking,Qwen2.5-Coder-14B / thinking,5,0.0,15,20,20,True,0,0.0,0.0,0.16112515805281938,0,0.0,2.9848771713,
Qwen2.5-Coder-14B,thinking,Qwen2.5-Coder-14B / thinking (noise-implicit),5,0.0,15,20,20,True,2,0.1,0.027866481213768224,0.3010336452284873,2,0.1,1.9934470442,41764.0
Qwen2.5-Coder-14B,baseline,Qwen2.5-Coder-14B / baseline (noise-implicit),5,0.0,15,20,20,True,0,0.0,0.0,0.16112515805281938,0,0.0,3.97983920455,
Qwen2.5-Coder-3B,thinking,Qwen2.5-Coder-3B / thinking,5,0.0,15,20,20,True,0,0.0,0.0,0.16112515805281938,0,0.0,17.84696181975,
Qwen2.5-Coder-3B,baseline,Qwen2.5-Coder-3B / baseline,5,0.0,15,20,20,True,0,0.0,0.0,0.16112515805281938,0,0.0,150.0661495668,
Qwen2.5-Coder-7B,guided,Qwen2.5-Coder-7B / guided,5,0.0,15,20,20,True,0,0.0,0.0,0.16112515805281938,0,0.0,5.430918705,
Qwen2.5-Coder-14B,baseline,Qwen2.5-Coder-14B / baseline,5,0.0,15,20,20,True,2,0.1,0.027866481213768224,0.3010336452284873,2,0.1,1.7224481661,47345.0
Qwen2.5-Coder-7B,vectorization,Qwen2.5-Coder-7B / vectorization,5,0.0,15,20,20,True,0,0.0,0.0,0.16112515805281938,0,0.0,15.1978777126,
Qwen2.5-Coder-14B,vectorization,Qwen2.5-Coder-14B / vectorization,5,0.0,15,20,20,True,0,0.0,0.0,0.16112515805281938,0,0.0,23.8654587029,
Qwen2.5-Coder-14B,guided,Qwen2.5-Coder-14B / guided (noise-implicit),5,0.0,15,20,20,True,0,0.0,0.0,0.16112515805281938,0,0.0,1.9908799774000001,
Qwen2.5-Coder-32B,baseline,Qwen2.5-Coder-32B / baseline,5,0.0,15,20,20,True,0,0.0,0.0,0.16112515805281938,0,0.0,42.3046226953,
Qwen2.5-Coder-7B,thinking,Qwen2.5-Coder-7B / thinking,5,0.0,15,20,20,True,0,0.0,0.0,0.16112515805281938,0,0.0,16.89252891765,
Qwen2.5-Coder-3B,vectorization,Qwen2.5-Coder-3B / vectorization,5,0.0,15,20,20,True,0,0.0,0.0,0.16112515805281938,0,0.0,22.151452868699998,
Qwen2.5-Coder-32B,guided,Qwen2.5-Coder-32B / guided,5,0.0,15,20,20,True,0,0.0,0.0,0.16112515805281938,0,0.0,8.75855293055,
Qwen2.5-Coder-14B,guided,Qwen2.5-Coder-14B / guided,5,0.0,15,20,20,True,0,0.0,0.0,0.16112515805281938,0,0.0,4.2257431494999995,
Qwen2.5-Coder-14B,vectorization,Qwen2.5-Coder-14B / vectorization (noise-implicit),5,0.0,21,20,20,True,0,0.0,0.0,0.16112515805281938,1,0.05,0.98224994845,
Qwen2.5-Coder-32B,vectorization,Qwen2.5-Coder-32B / vectorization,5,0.0,21,20,20,True,20,1.0,0.8388748419471806,1.0,20,1.0,0.0,8411.0
Qwen2.5-Coder-7B,baseline,Qwen2.5-Coder-7B / baseline,5,0.0,21,20,20,True,0,0.0,0.0,0.16112515805281938,4,0.2,6.22154955805,
Qwen2.5-Coder-32B,thinking,Qwen2.5-Coder-32B / thinking,5,0.0,21,20,20,True,0,0.0,0.0,0.16112515805281938,8,0.4,0.81092715025,
Qwen2.5-Coder-14B,thinking,Qwen2.5-Coder-14B / thinking,5,0.0,21,20,20,True,0,0.0,0.0,0.16112515805281938,5,0.25,1.26749530295,
Qwen2.5-Coder-14B,thinking,Qwen2.5-Coder-14B / thinking (noise-implicit),5,0.0,21,20,20,True,13,0.65,0.4328542766852363,0.8188081758989179,13,0.65,0.0,5700.0
Qwen2.5-Coder-14B,baseline,Qwen2.5-Coder-14B / baseline (noise-implicit),5,0.0,21,20,20,True,8,0.4,0.21880653237281708,0.6134184992377468,8,0.4,0.6918569112,29469.0
Qwen2.5-Coder-3B,thinking,Qwen2.5-Coder-3B / thinking,5,0.0,21,20,20,True,0,0.0,0.0,0.16112515805281938,0,0.0,12.5771122765,
Qwen2.5-Coder-7B,guided,Qwen2.5-Coder-7B / guided,5,0.0,21,20,20,True,18,0.9,0.6989663547715128,0.9721335187862319,18,0.9,0.0,10718.0
Qwen2.5-Coder-14B,baseline,Qwen2.5-Coder-14B / baseline,5,0.0,21,20,20,True,10,0.5,0.29929800819821234,0.7007019918017876,10,0.5,0.46499869465,7451.0
Qwen2.5-Coder-7B,vectorization,Qwen2.5-Coder-7B / vectorization,5,0.0,21,20,20,True,0,0.0,0.0,0.16112515805281938,11,0.55,0.0039043418500000005,
Qwen2.5-Coder-14B,vectorization,Qwen2.5-Coder-14B / vectorization,5,0.0,21,20,20,True,3,0.15,0.052368745896216595,0.36041886474075696,7,0.35,1.0876309369000001,21519.0
Qwen2.5-Coder-14B,guided,Qwen2.5-Coder-14B / guided (noise-implicit),5,0.0,21,20,20,True,14,0.7,0.4810271816464765,0.8545227551323956,14,0.7,0.0,14841.5
Qwen2.5-Coder-32B,baseline,Qwen2.5-Coder-32B / baseline,5,0.0,21,20,20,True,0,0.0,0.0,0.16112515805281938,7,0.35,0.6918569112,
Qwen2.5-Coder-7B,thinking,Qwen2.5-Coder-7B / thinking,5,0.0,21,20,20,True,7,0.35,0.1811918241010821,0.5671457233147637,7,0.35,1.2452693971,6090.0
Qwen2.5-Coder-3B,vectorization,Qwen2.5-Coder-3B / vectorization,5,0.0,21,20,20,True,1,0.05,0.008881448800795402,0.23613119344674205,17,0.85,4.654e-07,46688.0
Qwen2.5-Coder-32B,guided,Qwen2.5-Coder-32B / guided,5,0.0,21,20,20,True,0,0.0,0.0,0.16112515805281938,10,0.5,0.011025073,
Qwen2.5-Coder-14B,guided,Qwen2.5-Coder-14B / guided,5,0.0,21,20,20,True,0,0.0,0.0,0.16112515805281938,4,0.2,1.24550309395,
Qwen2.5-Coder-32B,thinking,Qwen2.5-Coder-32B / thinking (noise-implicit),5,0.0,11,20,20,True,0,0.0,0.0,0.16112515805281938,0,0.0,1.60442937125,
Qwen2.5-Coder-32B,baseline,Qwen2.5-Coder-32B / baseline (noise-implicit),5,0.0,11,20,20,True,0,0.0,0.0,0.16112515805281938,0,0.0,4.15328602715,
Qwen2.5-Coder-14B,vectorization,Qwen2.5-Coder-14B / vectorization (noise-implicit),5,0.0,11,20,20,True,0,0.0,0.0,0.16112515805281938,0,0.0,9.706120211750001,
Qwen2.5-Coder-32B,vectorization,Qwen2.5-Coder-32B / vectorization,5,0.0,11,20,20,True,0,0.0,0.0,0.16112515805281938,0,0.0,11.7803380495,
Qwen2.5-Coder-7B,baseline,Qwen2.5-Coder-7B / baseline,5,0.0,11,20,20,True,0,0.0,0.0,0.16112515805281938,4,0.2,0.0219217169,
Qwen2.5-Coder-32B,guided,Qwen2.5-Coder-32B / guided (noise-implicit),5,0.0,11,20,20,True,3,0.15,0.052368745896216595,0.36041886474075696,12,0.6,0.0007065565,27990.0
Qwen2.5-Coder-32B,vectorization,Qwen2.5-Coder-32B / vectorization (noise-implicit),5,0.0,11,20,20,True,0,0.0,0.0,0.16112515805281938,0,0.0,10.6974945178,
Qwen2.5-Coder-32B,thinking,Qwen2.5-Coder-32B / thinking,5,0.0,11,20,20,True,20,1.0,0.8388748419471806,1.0,20,1.0,0.0,20647.5
Qwen2.5-Coder-14B,thinking,Qwen2.5-Coder-14B / thinking,5,0.0,11,20,20,True,0,0.0,0.0,0.16112515805281938,1,0.05,0.0730649567,
Qwen2.5-Coder-14B,thinking,Qwen2.5-Coder-14B / thinking (noise-implicit),5,0.0,11,20,20,True,0,0.0,0.0,0.16112515805281938,0,0.0,6.45435331605,
Qwen2.5-Coder-14B,baseline,Qwen2.5-Coder-14B / baseline (noise-implicit),5,0.0,11,20,20,True,0,0.0,0.0,0.16112515805281938,0,0.0,6.6988746685,
Qwen2.5-Coder-3B,thinking,Qwen2.5-Coder-3B / thinking,5,0.0,11,20,20,True,0,0.0,0.0,0.16112515805281938,0,0.0,86.1735862203,
Qwen2.5-Coder-7B,guided,Qwen2.5-Coder-7B / guided,5,0.0,11,20,20,True,1,0.05,0.008881448800795402,0.23613119344674205,20,1.0,1.3555000000000002e-07,49096.0
Qwen2.5-Coder-14B,baseline,Qwen2.5-Coder-14B / baseline,5,0.0,11,20,20,True,0,0.0,0.0,0.16112515805281938,20,1.0,9.6085e-07,
Qwen2.5-Coder-7B,vectorization,Qwen2.5-Coder-7B / vectorization,5,0.0,11,20,20,True,0,0.0,0.0,0.16112515805281938,13,0.65,0.0032603791,
Qwen2.5-Coder-14B,vectorization,Qwen2.5-Coder-14B / vectorization,5,0.0,11,20,20,True,20,1.0,0.8388748419471806,1.0,20,1.0,1.55e-09,46118.0
Qwen2.5-Coder-14B,guided,Qwen2.5-Coder-14B / guided (noise-implicit),5,0.0,11,20,20,True,0,0.0,0.0,0.16112515805281938,1,0.05,0.0754269703,
Qwen2.5-Coder-32B,baseline,Qwen2.5-Coder-32B / baseline,5,0.0,11,20,20,True,0,0.0,0.0,0.16112515805281938,0,0.0,11.4215492624,
Qwen2.5-Coder-7B,thinking,Qwen2.5-Coder-7B / thinking,5,0.0,11,20,20,True,0,0.0,0.0,0.16112515805281938,0,0.0,11.75166353975,
Qwen2.5-Coder-3B,vectorization,Qwen2.5-Coder-3B / vectorization,5,0.0,11,2,20,False,0,0.0,0.0,0.6576197724933469,0,0.0,4022.6123116503004,
Qwen2.5-Coder-32B,guided,Qwen2.5-Coder-32B / guided,5,0.0,11,20,20,True,0,0.0,0.0,0.16112515805281938,0,0.0,3.4505771036499997,
Qwen2.5-Coder-14B,guided,Qwen2.5-Coder-14B / guided,5,0.0,11,20,20,True,0,0.0,0.0,0.16112515805281938,0,0.0,0.19860114965,
Qwen2.5-Coder-14B,thinking,Qwen2.5-Coder-14B / thinking (noise-adapted),5,0.1,8,20,20,True,0,0.0,0.0,0.16112515805281938,0,0.0,107.5871064489,
Qwen2.5-Coder-32B,thinking,Qwen2.5-Coder-32B / thinking (noise-implicit),5,0.1,8,20,20,True,0,0.0,0.0,0.16112515805281938,20,1.0,4.6115e-06,
Qwen2.5-Coder-32B,baseline,Qwen2.5-Coder-32B / baseline (noise-implicit),5,0.1,8,20,20,True,20,1.0,0.8388748419471806,1.0,20,1.0,0.0,29619.0
Qwen2.5-Coder-14B,vectorization,Qwen2.5-Coder-14B / vectorization (noise-implicit),5,0.1,8,20,20,True,20,1.0,0.8388748419471806,1.0,20,1.0,0.0,18530.5
Qwen2.5-Coder-7B,guided,Qwen2.5-Coder-7B / guided (noise-adapted),5,0.1,8,20,20,True,0,0.0,0.0,0.16112515805281938,0,0.0,1586.97943554505,
Qwen2.5-Coder-32B,guided,Qwen2.5-Coder-32B / guided (noise-implicit),5,0.1,8,20,20,True,0,0.0,0.0,0.16112515805281938,0,0.0,1.0067954992500001,
Qwen2.5-Coder-7B,thinking,Qwen2.5-Coder-7B / thinking (noise-adapted),5,0.1,8,20,20,True,0,0.0,0.0,0.16112515805281938,0,0.0,216.01288985144998,
Qwen2.5-Coder-32B,vectorization,Qwen2.5-Coder-32B / vectorization (noise-implicit),5,0.1,8,20,20,True,0,0.0,0.0,0.16112515805281938,0,0.0,21.438077007700002,
Qwen2.5-Coder-7B,vectorization,Qwen2.5-Coder-7B / vectorization (noise-adapted),5,0.1,8,20,20,True,0,0.0,0.0,0.16112515805281938,0,0.0,67.34580102545,
Qwen2.5-Coder-7B,vectorization,Qwen2.5-Coder-7B / vectorization (noise-implicit),5,0.1,8,20,20,True,0,0.0,0.0,0.16112515805281938,0,0.0,1.4683094780000001,
Qwen2.5-Coder-32B,vectorization,Qwen2.5-Coder-32B / vectorization (noise-adapted),5,0.1,8,20,20,True,0,0.0,0.0,0.16112515805281938,0,0.0,2.1019200237,
Qwen2.5-Coder-7B,guided,Qwen2.5-Coder-7B / guided (noise-implicit),5,0.1,8,20,20,True,20,1.0,0.8388748419471806,1.0,20,1.0,0.0,25674.0
Qwen2.5-Coder-32B,guided,Qwen2.5-Coder-32B / guided (noise-adapted),5,0.1,8,20,20,True,0,0.0,0.0,0.16112515805281938,0,0.0,2.20195680525,
Qwen2.5-Coder-7B,baseline,Qwen2.5-Coder-7B / baseline (noise-adapted),5,0.1,8,20,20,True,0,0.0,0.0,0.16112515805281938,0,0.0,83.47829426550001,
Qwen2.5-Coder-14B,thinking,Qwen2.5-Coder-14B / thinking (noise-implicit),5,0.1,8,20,20,True,0,0.0,0.0,0.16112515805281938,0,0.0,2430.3120348388497,
Qwen2.5-Coder-14B,baseline,Qwen2.5-Coder-14B / baseline (noise-implicit),5,0.1,8,20,20,True,3,0.15,0.052368745896216595,0.36041886474075696,6,0.3,2.0154004246,45766.0
Qwen2.5-Coder-14B,baseline,Qwen2.5-Coder-14B / baseline (noise-adapted),5,0.1,8,20,20,True,0,0.0,0.0,0.16112515805281938,0,0.0,5.08387172935,
Qwen2.5-Coder-14B,vectorization,Qwen2.5-Coder-14B / vectorization (noise-adapted),5,0.1,8,20,20,True,0,0.0,0.0,0.16112515805281938,0,0.0,0.61873898765,
Qwen2.5-Coder-7B,baseline,Qwen2.5-Coder-7B / baseline (noise-implicit),5,0.1,8,20,20,True,0,0.0,0.0,0.16112515805281938,0,0.0,45.6814791237,
Qwen2.5-Coder-7B,thinking,Qwen2.5-Coder-7B / thinking (noise-implicit),5,0.1,8,20,20,True,0,0.0,0.0,0.16112515805281938,0,0.0,1.5201306582,
Qwen2.5-Coder-32B,baseline,Qwen2.5-Coder-32B / baseline (noise-adapted),5,0.1,8,20,20,True,0,0.0,0.0,0.16112515805281938,0,0.0,242.85462627829997,
Qwen2.5-Coder-32B,thinking,Qwen2.5-Coder-32B / thinking (noise-adapted),5,0.1,8,20,20,True,0,0.0,0.0,0.16112515805281938,0,0.0,2.0298267865,
Qwen2.5-Coder-14B,guided,Qwen2.5-Coder-14B / guided (noise-implicit),5,0.1,8,20,20,True,0,0.0,0.0,0.16112515805281938,0,0.0,0.11490997135,
Qwen2.5-Coder-14B,guided,Qwen2.5-Coder-14B / guided (noise-adapted),5,0.1,8,20,20,True,0,0.0,0.0,0.16112515805281938,0,0.0,89.09591669955,
Qwen2.5-Coder-14B,thinking,Qwen2.5-Coder-14B / thinking (noise-adapted),5,0.1,1,20,20,True,0,0.0,0.0,0.16112515805281938,5,0.25,0.05821201395,
Qwen2.5-Coder-32B,thinking,Qwen2.5-Coder-32B / thinking (noise-implicit),5,0.1,1,20,20,True,0,0.0,0.0,0.16112515805281938,20,1.0,2.64145e-06,
Qwen2.5-Coder-32B,baseline,Qwen2.5-Coder-32B / baseline (noise-implicit),5,0.1,1,20,20,True,15,0.75,0.531299122381256,0.8881382985923343,20,1.0,0.0,30646.0
Qwen2.5-Coder-14B,vectorization,Qwen2.5-Coder-14B / vectorization (noise-implicit),5,0.1,1,20,20,True,20,1.0,0.8388748419471806,1.0,20,1.0,0.0,30643.0
Qwen2.5-Coder-7B,guided,Qwen2.5-Coder-7B / guided (noise-adapted),5,0.1,1,20,20,True,0,0.0,0.0,0.16112515805281938,0,0.0,8.10569358925,
Qwen2.5-Coder-32B,guided,Qwen2.5-Coder-32B / guided (noise-implicit),5,0.1,1,20,20,True,0,0.0,0.0,0.16112515805281938,3,0.15,0.2052692745,
Qwen2.5-Coder-7B,thinking,Qwen2.5-Coder-7B / thinking (noise-adapted),5,0.1,1,20,20,True,0,0.0,0.0,0.16112515805281938,20,1.0,0.0010383046499999999,
Qwen2.5-Coder-32B,vectorization,Qwen2.5-Coder-32B / vectorization (noise-implicit),5,0.1,1,20,20,True,9,0.45,0.2581978582556243,0.6579146575496577,20,1.0,1.3899999999999999e-08,48700.0
Qwen2.5-Coder-7B,vectorization,Qwen2.5-Coder-7B / vectorization (noise-adapted),5,0.1,1,20,20,True,0,0.0,0.0,0.16112515805281938,0,0.0,7.15121759955,
Qwen2.5-Coder-7B,vectorization,Qwen2.5-Coder-7B / vectorization (noise-implicit),5,0.1,1,20,20,True,0,0.0,0.0,0.16112515805281938,0,0.0,7.3144209595500005,
Qwen2.5-Coder-32B,vectorization,Qwen2.5-Coder-32B / vectorization (noise-adapted),5,0.1,1,20,20,True,19,0.95,0.763868806553258,0.9911185511992047,20,1.0,0.0,28651.0
Qwen2.5-Coder-7B,guided,Qwen2.5-Coder-7B / guided (noise-implicit),5,0.1,1,20,20,True,20,1.0,0.8388748419471806,1.0,20,1.0,0.0,15896.0
Qwen2.5-Coder-32B,guided,Qwen2.5-Coder-32B / guided (noise-adapted),5,0.1,1,20,20,True,0,0.0,0.0,0.16112515805281938,0,0.0,0.4947713975,
Qwen2.5-Coder-7B,baseline,Qwen2.5-Coder-7B / baseline (noise-adapted),5,0.1,1,20,20,True,0,0.0,0.0,0.16112515805281938,6,0.3,0.07045252555,
Qwen2.5-Coder-14B,thinking,Qwen2.5-Coder-14B / thinking (noise-implicit),5,0.1,1,20,20,True,0,0.0,0.0,0.16112515805281938,20,1.0,0.0003763197,
Qwen2.5-Coder-14B,baseline,Qwen2.5-Coder-14B / baseline (noise-implicit),5,0.1,1,20,20,True,0,0.0,0.0,0.16112515805281938,20,1.0,4.28204e-05,
Qwen2.5-Coder-14B,baseline,Qwen2.5-Coder-14B / baseline (noise-adapted),5,0.1,1,20,20,True,0,0.0,0.0,0.16112515805281938,0,0.0,11.07557812165,
Qwen2.5-Coder-14B,vectorization,Qwen2.5-Coder-14B / vectorization (noise-adapted),5,0.1,1,20,20,True,1,0.05,0.008881448800795402,0.23613119344674205,7,0.35,3.53250539725,47596.0
Qwen2.5-Coder-7B,baseline,Qwen2.5-Coder-7B / baseline (noise-implicit),5,0.1,1,20,20,True,0,0.0,0.0,0.16112515805281938,0,0.0,0.49163401545,
Qwen2.5-Coder-7B,thinking,Qwen2.5-Coder-7B / thinking (noise-implicit),5,0.1,1,20,20,True,0,0.0,0.0,0.16112515805281938,0,0.0,0.03746050445,
Qwen2.5-Coder-32B,baseline,Qwen2.5-Coder-32B / baseline (noise-adapted),5,0.1,1,20,20,True,2,0.1,0.027866481213768224,0.3010336452284873,20,1.0,6.965e-08,47436.0
Qwen2.5-Coder-32B,thinking,Qwen2.5-Coder-32B / thinking (noise-adapted),5,0.1,1,20,20,True,0,0.0,0.0,0.16112515805281938,0,0.0,1.5859167233,
Qwen2.5-Coder-14B,guided,Qwen2.5-Coder-14B / guided (noise-implicit),5,0.1,1,20,20,True,20,1.0,0.8388748419471806,1.0,20,1.0,0.0,5331.5
Qwen2.5-Coder-14B,guided,Qwen2.5-Coder-14B / guided (noise-adapted),5,0.1,1,20,20,True,0,0.0,0.0,0.16112515805281938,20,1.0,1.2020949999999999e-05,
Qwen2.5-Coder-14B,thinking,Qwen2.5-Coder-14B / thinking (noise-adapted),5,0.1,15,20,20,True,0,0.0,0.0,0.16112515805281938,0,0.0,8.83569555595,
Qwen2.5-Coder-32B,thinking,Qwen2.5-Coder-32B / thinking (noise-implicit),5,0.1,15,20,20,True,0,0.0,0.0,0.16112515805281938,0,0.0,24.16437402085,
Qwen2.5-Coder-32B,baseline,Qwen2.5-Coder-32B / baseline (noise-implicit),5,0.1,15,20,20,True,0,0.0,0.0,0.16112515805281938,0,0.0,3.4328887242,
Qwen2.5-Coder-14B,vectorization,Qwen2.5-Coder-14B / vectorization (noise-implicit),5,0.1,15,20,20,True,0,0.0,0.0,0.16112515805281938,0,0.0,8.473361857899999,
Qwen2.5-Coder-7B,guided,Qwen2.5-Coder-7B / guided (noise-adapted),5,0.1,15,20,20,True,0,0.0,0.0,0.16112515805281938,0,0.0,7.7391860957,
Qwen2.5-Coder-32B,guided,Qwen2.5-Coder-32B / guided (noise-implicit),5,0.1,15,20,20,True,0,0.0,0.0,0.16112515805281938,0,0.0,8.94160313285,
Qwen2.5-Coder-7B,thinking,Qwen2.5-Coder-7B / thinking (noise-adapted),5,0.1,15,20,20,True,0,0.0,0.0,0.16112515805281938,0,0.0,16.28272147095,
Qwen2.5-Coder-32B,vectorization,Qwen2.5-Coder-32B / vectorization (noise-implicit),5,0.1,15,20,20,True,0,0.0,0.0,0.16112515805281938,0,0.0,6.85321732195,
Qwen2.5-Coder-7B,vectorization,Qwen2.5-Coder-7B / vectorization (noise-adapted),5,0.1,15,20,20,True,0,0.0,0.0,0.16112515805281938,0,0.0,38.06079338635,
Qwen2.5-Coder-7B,vectorization,Qwen2.5-Coder-7B / vectorization (noise-implicit),5,0.1,15,20,20,True,0,0.0,0.0,0.16112515805281938,0,0.0,32.0910397598,
Qwen2.5-Coder-32B,vectorization,Qwen2.5-Coder-32B / vectorization (noise-adapted),5,0.1,15,20,20,True,0,0.0,0.0,0.16112515805281938,0,0.0,11.5923142133,
Qwen2.5-Coder-7B,guided,Qwen2.5-Coder-7B / guided (noise-implicit),5,0.1,15,20,20,True,0,0.0,0.0,0.16112515805281938,0,0.0,35.94070646745,
Qwen2.5-Coder-32B,guided,Qwen2.5-Coder-32B / guided (noise-adapted),5,0.1,15,20,20,True,0,0.0,0.0,0.16112515805281938,0,0.0,16.2481212266,
Qwen2.5-Coder-7B,baseline,Qwen2.5-Coder-7B / baseline (noise-adapted),5,0.1,15,20,20,True,0,0.0,0.0,0.16112515805281938,0,0.0,29.04412226195,
Qwen2.5-Coder-14B,thinking,Qwen2.5-Coder-14B / thinking (noise-implicit),5,0.1,15,20,20,True,0,0.0,0.0,0.16112515805281938,0,0.0,5.2595694562999995,
Qwen2.5-Coder-14B,baseline,Qwen2.5-Coder-14B / baseline (noise-implicit),5,0.1,15,20,20,True,0,0.0,0.0,0.16112515805281938,0,0.0,34.86072178525,
Qwen2.5-Coder-14B,baseline,Qwen2.5-Coder-14B / baseline (noise-adapted),5,0.1,15,20,20,True,0,0.0,0.0,0.16112515805281938,0,0.0,53.26612940045,
Qwen2.5-Coder-14B,vectorization,Qwen2.5-Coder-14B / vectorization (noise-adapted),5,0.1,15,20,20,True,0,0.0,0.0,0.16112515805281938,0,0.0,22.86647000075,
Qwen2.5-Coder-7B,baseline,Qwen2.5-Coder-7B / baseline (noise-implicit),5,0.1,15,20,20,True,0,0.0,0.0,0.16112515805281938,0,0.0,7.26322759735,
Qwen2.5-Coder-7B,thinking,Qwen2.5-Coder-7B / thinking (noise-implicit),5,0.1,15,20,20,True,0,0.0,0.0,0.16112515805281938,0,0.0,9.3854831333,
Qwen2.5-Coder-32B,baseline,Qwen2.5-Coder-32B / baseline (noise-adapted),5,0.1,15,20,20,True,0,0.0,0.0,0.16112515805281938,0,0.0,7.868957743799999,
Qwen2.5-Coder-32B,thinking,Qwen2.5-Coder-32B / thinking (noise-adapted),5,0.1,15,20,20,True,0,0.0,0.0,0.16112515805281938,0,0.0,13.186479178599999,
Qwen2.5-Coder-14B,guided,Qwen2.5-Coder-14B / guided (noise-implicit),5,0.1,15,2,20,False,0,0.0,0.0,0.6576197724933469,0,0.0,3.2744324409,
Qwen2.5-Coder-14B,guided,Qwen2.5-Coder-14B / guided (noise-adapted),5,0.1,15,20,20,True,0,0.0,0.0,0.16112515805281938,0,0.0,81.04311458195,
Qwen2.5-Coder-14B,thinking,Qwen2.5-Coder-14B / thinking (noise-adapted),5,0.1,21,20,20,True,0,0.0,0.0,0.16112515805281938,2,0.1,1.14818902665,
Qwen2.5-Coder-32B,thinking,Qwen2.5-Coder-32B / thinking (noise-implicit),5,0.1,21,20,20,True,0,0.0,0.0,0.16112515805281938,19,0.95,0.0001662104,
Qwen2.5-Coder-32B,baseline,Qwen2.5-Coder-32B / baseline (noise-implicit),5,0.1,21,20,20,True,0,0.0,0.0,0.16112515805281938,19,0.95,0.0022360617499999997,
Qwen2.5-Coder-14B,vectorization,Qwen2.5-Coder-14B / vectorization (noise-implicit),5,0.1,21,20,20,True,0,0.0,0.0,0.16112515805281938,2,0.1,1.47139775315,
Qwen2.5-Coder-7B,guided,Qwen2.5-Coder-7B / guided (noise-adapted),5,0.1,21,20,20,True,0,0.0,0.0,0.16112515805281938,0,0.0,1.3711411022500002,
Qwen2.5-Coder-32B,guided,Qwen2.5-Coder-32B / guided (noise-implicit),5,0.1,21,20,20,True,17,0.85,0.6395811352592431,0.9476312541037835,17,0.85,0.0,14946.0
Qwen2.5-Coder-7B,thinking,Qwen2.5-Coder-7B / thinking (noise-adapted),5,0.1,21,20,20,True,0,0.0,0.0,0.16112515805281938,0,0.0,10.1959191735,
Qwen2.5-Coder-32B,vectorization,Qwen2.5-Coder-32B / vectorization (noise-implicit),5,0.1,21,20,20,True,4,0.2,0.08065766257979806,0.41601743225189364,20,1.0,1.6319999999999998e-07,42289.5
Qwen2.5-Coder-7B,vectorization,Qwen2.5-Coder-7B / vectorization (noise-adapted),5,0.1,21,20,20,True,0,0.0,0.0,0.16112515805281938,0,0.0,3.0367963612500004,
Qwen2.5-Coder-7B,vectorization,Qwen2.5-Coder-7B / vectorization (noise-implicit),5,0.1,21,20,20,True,0,0.0,0.0,0.16112515805281938,0,0.0,6.4902841636,
Qwen2.5-Coder-32B,vectorization,Qwen2.5-Coder-32B / vectorization (noise-adapted),5,0.1,21,20,20,True,0,0.0,0.0,0.16112515805281938,2,0.1,1.56617788815,
Qwen2.5-Coder-7B,guided,Qwen2.5-Coder-7B / guided (noise-implicit),5,0.1,21,20,20,True,0,0.0,0.0,0.16112515805281938,8,0.4,0.0228599975,
Qwen2.5-Coder-32B,guided,Qwen2.5-Coder-32B / guided (noise-adapted),5,0.1,21,20,20,True,0,0.0,0.0,0.16112515805281938,0,0.0,4.0538841330499995,
Qwen2.5-Coder-7B,baseline,Qwen2.5-Coder-7B / baseline (noise-adapted),5,0.1,21,20,20,True,0,0.0,0.0,0.16112515805281938,1,0.05,6.14359991705,
Qwen2.5-Coder-14B,thinking,Qwen2.5-Coder-14B / thinking (noise-implicit),5,0.1,21,20,20,True,0,0.0,0.0,0.16112515805281938,5,0.25,1.4113499029,
Qwen2.5-Coder-14B,baseline,Qwen2.5-Coder-14B / baseline (noise-implicit),5,0.1,21,20,20,True,7,0.35,0.1811918241010821,0.5671457233147637,16,0.8,4.6120000000000003e-07,15457.0
Qwen2.5-Coder-14B,baseline,Qwen2.5-Coder-14B / baseline (noise-adapted),5,0.1,21,20,20,True,0,0.0,0.0,0.16112515805281938,0,0.0,4.0776959078,
Qwen2.5-Coder-14B,vectorization,Qwen2.5-Coder-14B / vectorization (noise-adapted),5,0.1,21,20,20,True,0,0.0,0.0,0.16112515805281938,5,0.25,0.1298285972,
Qwen2.5-Coder-7B,baseline,Qwen2.5-Coder-7B / baseline (noise-implicit),5,0.1,21,20,20,True,0,0.0,0.0,0.16112515805281938,1,0.05,25.38679007055,
Qwen2.5-Coder-7B,thinking,Qwen2.5-Coder-7B / thinking (noise-implicit),5,0.1,21,20,20,True,0,0.0,0.0,0.16112515805281938,3,0.15,1.8647898708500001,
Qwen2.5-Coder-32B,baseline,Qwen2.5-Coder-32B / baseline (noise-adapted),5,0.1,21,20,20,True,0,0.0,0.0,0.16112515805281938,0,0.0,1.27986086355,
Qwen2.5-Coder-32B,thinking,Qwen2.5-Coder-32B / thinking (noise-adapted),5,0.1,21,20,20,True,0,0.0,0.0,0.16112515805281938,6,0.3,1.58642756425,
Qwen2.5-Coder-14B,guided,Qwen2.5-Coder-14B / guided (noise-implicit),5,0.1,21,20,20,True,0,0.0,0.0,0.16112515805281938,10,0.5,0.4657437124,
Qwen2.5-Coder-14B,guided,Qwen2.5-Coder-14B / guided (noise-adapted),5,0.1,21,20,20,True,0,0.0,0.0,0.16112515805281938,3,0.15,1.2492953814,
Qwen2.5-Coder-14B,thinking,Qwen2.5-Coder-14B / thinking (noise-adapted),5,0.1,11,20,20,True,0,0.0,0.0,0.16112515805281938,0,0.0,0.608570327,
Qwen2.5-Coder-32B,thinking,Qwen2.5-Coder-32B / thinking (noise-implicit),5,0.1,11,20,20,True,0,0.0,0.0,0.16112515805281938,20,1.0,0.0004925611499999999,
Qwen2.5-Coder-32B,baseline,Qwen2.5-Coder-32B / baseline (noise-implicit),5,0.1,11,20,20,True,20,1.0,0.8388748419471806,1.0,20,1.0,0.0,24242.0
Qwen2.5-Coder-14B,vectorization,Qwen2.5-Coder-14B / vectorization (noise-implicit),5,0.1,11,20,20,True,20,1.0,0.8388748419471806,1.0,20,1.0,0.0,38500.0
Qwen2.5-Coder-7B,guided,Qwen2.5-Coder-7B / guided (noise-adapted),5,0.1,11,20,20,True,0,0.0,0.0,0.16112515805281938,0,0.0,3283.5059556139504,
Qwen2.5-Coder-32B,guided,Qwen2.5-Coder-32B / guided (noise-implicit),5,0.1,11,20,20,True,0,0.0,0.0,0.16112515805281938,0,0.0,0.24296752355,
Qwen2.5-Coder-7B,thinking,Qwen2.5-Coder-7B / thinking (noise-adapted),5,0.1,11,20,20,True,0,0.0,0.0,0.16112515805281938,0,0.0,1302.2096892561,
Qwen2.5-Coder-32B,vectorization,Qwen2.5-Coder-32B / vectorization (noise-implicit),5,0.1,11,20,20,True,0,0.0,0.0,0.16112515805281938,0,0.0,32.742124105900004,
Qwen2.5-Coder-7B,vectorization,Qwen2.5-Coder-7B / vectorization (noise-adapted),5,0.1,11,20,20,True,0,0.0,0.0,0.16112515805281938,0,0.0,34.57890926515,
Qwen2.5-Coder-7B,vectorization,Qwen2.5-Coder-7B / vectorization (noise-implicit),5,0.1,11,20,20,True,0,0.0,0.0,0.16112515805281938,0,0.0,11.118828890949999,
Qwen2.5-Coder-32B,vectorization,Qwen2.5-Coder-32B / vectorization (noise-adapted),5,0.1,11,20,20,True,0,0.0,0.0,0.16112515805281938,0,0.0,9.7595648347,
Qwen2.5-Coder-7B,guided,Qwen2.5-Coder-7B / guided (noise-implicit),5,0.1,11,20,20,True,0,0.0,0.0,0.16112515805281938,0,0.0,69.14457068844999,
Qwen2.5-Coder-32B,guided,Qwen2.5-Coder-32B / guided (noise-adapted),5,0.1,11,20,20,True,0,0.0,0.0,0.16112515805281938,0,0.0,15.4778405744,
Qwen2.5-Coder-7B,baseline,Qwen2.5-Coder-7B / baseline (noise-adapted),5,0.1,11,20,20,True,0,0.0,0.0,0.16112515805281938,0,0.0,16.00641142805,
Qwen2.5-Coder-14B,thinking,Qwen2.5-Coder-14B / thinking (noise-implicit),5,0.1,11,20,20,True,0,0.0,0.0,0.16112515805281938,0,0.0,9.08258183555,
Qwen2.5-Coder-14B,baseline,Qwen2.5-Coder-14B / baseline (noise-implicit),5,0.1,11,20,20,True,20,1.0,0.8388748419471806,1.0,20,1.0,0.0,6594.5
Qwen2.5-Coder-14B,baseline,Qwen2.5-Coder-14B / baseline (noise-adapted),5,0.1,11,20,20,True,0,0.0,0.0,0.16112515805281938,0,0.0,24.6067139245,
Qwen2.5-Coder-14B,vectorization,Qwen2.5-Coder-14B / vectorization (noise-adapted),5,0.1,11,20,20,True,0,0.0,0.0,0.16112515805281938,0,0.0,10.613202039699999,
Qwen2.5-Coder-7B,baseline,Qwen2.5-Coder-7B / baseline (noise-implicit),5,0.1,11,20,20,True,0,0.0,0.0,0.16112515805281938,0,0.0,19.14286073155,
Qwen2.5-Coder-7B,thinking,Qwen2.5-Coder-7B / thinking (noise-implicit),5,0.1,11,20,20,True,0,0.0,0.0,0.16112515805281938,0,0.0,8.7908577157,
Qwen2.5-Coder-32B,baseline,Qwen2.5-Coder-32B / baseline (noise-adapted),5,0.1,11,20,20,True,0,0.0,0.0,0.16112515805281938,20,1.0,6.67245e-06,
Qwen2.5-Coder-32B,thinking,Qwen2.5-Coder-32B / thinking (noise-adapted),5,0.1,11,20,20,True,0,0.0,0.0,0.16112515805281938,0,0.0,10.2456252694,
Qwen2.5-Coder-14B,guided,Qwen2.5-Coder-14B / guided (noise-implicit),5,0.1,11,20,20,True,0,0.0,0.0,0.16112515805281938,0,0.0,32.9420614127,
Qwen2.5-Coder-14B,guided,Qwen2.5-Coder-14B / guided (noise-adapted),5,0.1,11,20,20,True,0,0.0,0.0,0.16112515805281938,20,1.0,6.45e-08,
Qwen2.5-Coder-14B,thinking,Qwen2.5-Coder-14B / thinking (noise-adapted),5,0.05,8,20,20,True,0,0.0,0.0,0.16112515805281938,0,0.0,109.09459123375,
Qwen2.5-Coder-32B,thinking,Qwen2.5-Coder-32B / thinking (noise-implicit),5,0.05,8,20,20,True,20,1.0,0.8388748419471806,1.0,20,1.0,0.0,38502.0
Qwen2.5-Coder-32B,baseline,Qwen2.5-Coder-32B / baseline (noise-implicit),5,0.05,8,20,20,True,0,0.0,0.0,0.16112515805281938,0,0.0,10.90292341615,
Qwen2.5-Coder-14B,vectorization,Qwen2.5-Coder-14B / vectorization (noise-implicit),5,0.05,8,20,20,True,0,0.0,0.0,0.16112515805281938,20,1.0,2.776e-07,
Qwen2.5-Coder-7B,guided,Qwen2.5-Coder-7B / guided (noise-adapted),5,0.05,8,20,20,True,0,0.0,0.0,0.16112515805281938,0,0.0,943.61181996,
Qwen2.5-Coder-3B,guided,Qwen2.5-Coder-3B / guided (noise-adapted),5,0.05,8,2,20,False,0,0.0,0.0,0.6576197724933469,0,0.0,54149.90040787535,
Qwen2.5-Coder-7B,baseline,Qwen2.5-Coder-7B / baseline,5,0.05,8,20,20,True,0,0.0,0.0,0.16112515805281938,0,0.0,838.5908637647,
Qwen2.5-Coder-32B,guided,Qwen2.5-Coder-32B / guided (noise-implicit),5,0.05,8,20,20,True,0,0.0,0.0,0.16112515805281938,0,0.0,1.3732787646000002,
Qwen2.5-Coder-7B,thinking,Qwen2.5-Coder-7B / thinking (noise-adapted),5,0.05,8,20,20,True,0,0.0,0.0,0.16112515805281938,0,0.0,6.4891764025,
Qwen2.5-Coder-32B,vectorization,Qwen2.5-Coder-32B / vectorization (noise-implicit),5,0.05,8,20,20,True,0,0.0,0.0,0.16112515805281938,0,0.0,26.60545144935,
Qwen2.5-Coder-7B,vectorization,Qwen2.5-Coder-7B / vectorization (noise-adapted),5,0.05,8,20,20,True,0,0.0,0.0,0.16112515805281938,0,0.0,278.5335657071,
Qwen2.5-Coder-7B,vectorization,Qwen2.5-Coder-7B / vectorization (noise-implicit),5,0.05,8,20,20,True,0,0.0,0.0,0.16112515805281938,0,0.0,36.79709790255,
Qwen2.5-Coder-32B,vectorization,Qwen2.5-Coder-32B / vectorization (noise-adapted),5,0.05,8,20,20,True,0,0.0,0.0,0.16112515805281938,0,0.0,0.9784581328999999,
Qwen2.5-Coder-7B,guided,Qwen2.5-Coder-7B / guided (noise-implicit),5,0.05,8,15,20,False,0,0.0,0.0,0.20388330103584862,0,0.0,3408.4023306062,
Qwen2.5-Coder-32B,guided,Qwen2.5-Coder-32B / guided (noise-adapted),5,0.05,8,20,20,True,0,0.0,0.0,0.16112515805281938,0,0.0,2.70628624715,
Qwen2.5-Coder-3B,guided,Qwen2.5-Coder-3B / guided,5,0.05,8,2,20,False,0,0.0,0.0,0.6576197724933469,0,0.0,70972.2370921125,
Qwen2.5-Coder-7B,baseline,Qwen2.5-Coder-7B / baseline (noise-adapted),5,0.05,8,20,20,True,0,0.0,0.0,0.16112515805281938,0,0.0,968.29408929,
Qwen2.5-Coder-14B,thinking,Qwen2.5-Coder-14B / thinking,5,0.05,8,20,20,True,0,0.0,0.0,0.16112515805281938,0,0.0,165.97302055205,
Qwen2.5-Coder-14B,thinking,Qwen2.5-Coder-14B / thinking (noise-implicit),5,0.05,8,20,20,True,0,0.0,0.0,0.16112515805281938,0,0.0,1.8539034863000001,
Qwen2.5-Coder-14B,baseline,Qwen2.5-Coder-14B / baseline (noise-implicit),5,0.05,8,20,20,True,0,0.0,0.0,0.16112515805281938,0,0.0,4.33482345735,
Qwen2.5-Coder-3B,vectorization,Qwen2.5-Coder-3B / vectorization (noise-adapted),5,0.05,8,12,20,False,0,0.0,2.7755575615628914e-17,0.24249400665524085,0,0.0,2566.3444461762,
Qwen2.5-Coder-14B,baseline,Qwen2.5-Coder-14B / baseline (noise-adapted),5,0.05,8,20,20,True,0,0.0,0.0,0.16112515805281938,0,0.0,6.7578372093,
Qwen2.5-Coder-3B,thinking,Qwen2.5-Coder-3B / thinking,5,0.05,8,20,20,True,0,0.0,0.0,0.16112515805281938,0,0.0,33.3662784912,
Qwen2.5-Coder-3B,baseline,Qwen2.5-Coder-3B / baseline,5,0.05,8,20,20,True,0,0.0,0.0,0.16112515805281938,0,0.0,0.27903864635,
Qwen2.5-Coder-7B,guided,Qwen2.5-Coder-7B / guided,5,0.05,8,20,20,True,0,0.0,0.0,0.16112515805281938,0,0.0,2074.8871081816997,
Qwen2.5-Coder-14B,vectorization,Qwen2.5-Coder-14B / vectorization (noise-adapted),5,0.05,8,20,20,True,0,0.0,0.0,0.16112515805281938,0,0.0,0.6315338204000001,
Qwen2.5-Coder-3B,thinking,Qwen2.5-Coder-3B / thinking (noise-adapted),5,0.05,8,20,20,True,0,0.0,0.0,0.16112515805281938,0,0.0,31.67509748375,
Qwen2.5-Coder-7B,baseline,Qwen2.5-Coder-7B / baseline (noise-implicit),5,0.05,8,20,20,True,0,0.0,0.0,0.16112515805281938,0,0.0,86.70234722855,
Qwen2.5-Coder-7B,thinking,Qwen2.5-Coder-7B / thinking (noise-implicit),5,0.05,8,20,20,True,0,0.0,0.0,0.16112515805281938,0,0.0,476.94378067080004,
Qwen2.5-Coder-32B,baseline,Qwen2.5-Coder-32B / baseline (noise-adapted),5,0.05,8,20,20,True,0,0.0,0.0,0.16112515805281938,20,1.0,9.910000000000001e-08,
Qwen2.5-Coder-14B,baseline,Qwen2.5-Coder-14B / baseline,5,0.05,8,20,20,True,0,0.0,0.0,0.16112515805281938,0,0.0,591.24061812655,
Qwen2.5-Coder-7B,vectorization,Qwen2.5-Coder-7B / vectorization,5,0.05,8,20,20,True,0,0.0,0.0,0.16112515805281938,0,0.0,248.3339248876,
Qwen2.5-Coder-14B,vectorization,Qwen2.5-Coder-14B / vectorization,5,0.05,8,20,20,True,0,0.0,0.0,0.16112515805281938,0,0.0,1.4649341174,
Qwen2.5-Coder-32B,thinking,Qwen2.5-Coder-32B / thinking (noise-adapted),5,0.05,8,20,20,True,0,0.0,0.0,0.16112515805281938,0,0.0,340.6780913715,
Qwen2.5-Coder-14B,guided,Qwen2.5-Coder-14B / guided (noise-implicit),5,0.05,8,20,20,True,0,0.0,0.0,0.16112515805281938,0,0.0,31.330857926649998,
Qwen2.5-Coder-3B,baseline,Qwen2.5-Coder-3B / baseline (noise-adapted),5,0.05,8,20,20,True,0,0.0,0.0,0.16112515805281938,0,0.0,0.26659879750000004,
Qwen2.5-Coder-7B,thinking,Qwen2.5-Coder-7B / thinking,5,0.05,8,20,20,True,0,0.0,0.0,0.16112515805281938,0,0.0,21.027406182950003,
Qwen2.5-Coder-3B,vectorization,Qwen2.5-Coder-3B / vectorization,5,0.05,8,20,20,True,0,0.0,0.0,0.16112515805281938,0,0.0,1213.7198673257499,
Qwen2.5-Coder-14B,guided,Qwen2.5-Coder-14B / guided (noise-adapted),5,0.05,8,20,20,True,0,0.0,0.0,0.16112515805281938,0,0.0,0.18115968170000002,
Qwen2.5-Coder-14B,guided,Qwen2.5-Coder-14B / guided,5,0.05,8,20,20,True,0,0.0,0.0,0.16112515805281938,0,0.0,2.33003618775,
Qwen2.5-Coder-14B,thinking,Qwen2.5-Coder-14B / thinking (noise-adapted),5,0.05,1,20,20,True,0,0.0,0.0,0.16112515805281938,19,0.95,0.0055653183,
Qwen2.5-Coder-32B,thinking,Qwen2.5-Coder-32B / thinking (noise-implicit),5,0.05,1,20,20,True,0,0.0,0.0,0.16112515805281938,15,0.75,0.006806975349999999,
Qwen2.5-Coder-32B,baseline,Qwen2.5-Coder-32B / baseline (noise-implicit),5,0.05,1,20,20,True,20,1.0,0.8388748419471806,1.0,20,1.0,0.0,29893.0
Qwen2.5-Coder-14B,vectorization,Qwen2.5-Coder-14B / vectorization (noise-implicit),5,0.05,1,20,20,True,0,0.0,0.0,0.16112515805281938,20,1.0,1.74232e-05,
Qwen2.5-Coder-7B,guided,Qwen2.5-Coder-7B / guided (noise-adapted),5,0.05,1,20,20,True,0,0.0,0.0,0.16112515805281938,0,0.0,19.14403441825,
Qwen2.5-Coder-3B,guided,Qwen2.5-Coder-3B / guided (noise-adapted),5,0.05,1,2,20,False,0,0.0,0.0,0.6576197724933469,0,0.0,53.60910662595,
Qwen2.5-Coder-7B,baseline,Qwen2.5-Coder-7B / baseline,5,0.05,1,20,20,True,0,0.0,0.0,0.16112515805281938,0,0.0,5.0754279612,
Qwen2.5-Coder-32B,guided,Qwen2.5-Coder-32B / guided (noise-implicit),5,0.05,1,20,20,True,0,0.0,0.0,0.16112515805281938,0,0.0,0.2612561609,
Qwen2.5-Coder-7B,thinking,Qwen2.5-Coder-7B / thinking (noise-adapted),5,0.05,1,20,20,True,0,0.0,0.0,0.16112515805281938,0,0.0,1.30358616505,
Qwen2.5-Coder-32B,vectorization,Qwen2.5-Coder-32B / vectorization (noise-implicit),5,0.05,1,20,20,True,0,0.0,0.0,0.16112515805281938,20,1.0,0.00015080375,
Qwen2.5-Coder-7B,vectorization,Qwen2.5-Coder-7B / vectorization (noise-adapted),5,0.05,1,20,20,True,0,0.0,0.0,0.16112515805281938,5,0.25,0.0115168458,
Qwen2.5-Coder-7B,vectorization,Qwen2.5-Coder-7B / vectorization (noise-implicit),5,0.05,1,20,20,True,0,0.0,0.0,0.16112515805281938,1,0.05,0.046282847,
Qwen2.5-Coder-32B,vectorization,Qwen2.5-Coder-32B / vectorization (noise-adapted),5,0.05,1,20,20,True,1,0.05,0.008881448800795402,0.23613119344674205,20,1.0,1.3075e-07,49081.0
Qwen2.5-Coder-7B,guided,Qwen2.5-Coder-7B / guided (noise-implicit),5,0.05,1,20,20,True,20,1.0,0.8388748419471806,1.0,20,1.0,0.0,20968.5
Qwen2.5-Coder-32B,guided,Qwen2.5-Coder-32B / guided (noise-adapted),5,0.05,1,20,20,True,0,0.0,0.0,0.16112515805281938,20,1.0,2.7429350000000002e-05,
Qwen2.5-Coder-3B,guided,Qwen2.5-Coder-3B / guided,5,0.05,1,2,20,False,0,0.0,0.0,0.6576197724933469,0,0.0,82.81945908845,
Qwen2.5-Coder-7B,baseline,Qwen2.5-Coder-7B / baseline (noise-adapted),5,0.05,1,20,20,True,0,0.0,0.0,0.16112515805281938,0,0.0,5.91154138955,
Qwen2.5-Coder-14B,thinking,Qwen2.5-Coder-14B / thinking,5,0.05,1,20,20,True,0,0.0,0.0,0.16112515805281938,0,0.0,0.04570492035,
Qwen2.5-Coder-14B,thinking,Qwen2.5-Coder-14B / thinking (noise-implicit),5,0.05,1,20,20,True,0,0.0,0.0,0.16112515805281938,0,0.0,1.17149219195,
Qwen2.5-Coder-14B,baseline,Qwen2.5-Coder-14B / baseline (noise-implicit),5,0.05,1,20,20,True,0,0.0,0.0,0.16112515805281938,0,0.0,0.46974521160000005,
Qwen2.5-Coder-3B,vectorization,Qwen2.5-Coder-3B / vectorization (noise-adapted),5,0.05,1,20,20,True,0,0.0,0.0,0.16112515805281938,0,0.0,0.5804888233,
Qwen2.5-Coder-14B,baseline,Qwen2.5-Coder-14B / baseline (noise-adapted),5,0.05,1,20,20,True,0,0.0,0.0,0.16112515805281938,0,0.0,0.09051190819999999,
Qwen2.5-Coder-3B,thinking,Qwen2.5-Coder-3B / thinking,5,0.05,1,20,20,True,0,0.0,0.0,0.16112515805281938,0,0.0,10.21757685035,
Qwen2.5-Coder-3B,baseline,Qwen2.5-Coder-3B / baseline,5,0.05,1,20,20,True,0,0.0,0.0,0.16112515805281938,0,0.0,7.4491393092500005,
Qwen2.5-Coder-7B,guided,Qwen2.5-Coder-7B / guided,5,0.05,1,20,20,True,0,0.0,0.0,0.16112515805281938,0,0.0,20.6563325336,
Qwen2.5-Coder-14B,vectorization,Qwen2.5-Coder-14B / vectorization (noise-adapted),5,0.05,1,20,20,True,0,0.0,0.0,0.16112515805281938,20,1.0,0.00168826375,
Qwen2.5-Coder-3B,thinking,Qwen2.5-Coder-3B / thinking (noise-adapted),5,0.05,1,20,20,True,0,0.0,0.0,0.16112515805281938,0,0.0,11.50756310615,
Qwen2.5-Coder-7B,baseline,Qwen2.5-Coder-7B / baseline (noise-implicit),5,0.05,1,20,20,True,0,0.0,0.0,0.16112515805281938,0,0.0,0.53215740755,
Qwen2.5-Coder-7B,thinking,Qwen2.5-Coder-7B / thinking (noise-implicit),5,0.05,1,20,20,True,20,1.0,0.8388748419471806,1.0,20,1.0,0.0,19871.0
Qwen2.5-Coder-32B,baseline,Qwen2.5-Coder-32B / baseline (noise-adapted),5,0.05,1,20,20,True,20,1.0,0.8388748419471806,1.0,20,1.0,0.0,16216.0
Qwen2.5-Coder-14B,baseline,Qwen2.5-Coder-14B / baseline,5,0.05,1,20,20,True,0,0.0,0.0,0.16112515805281938,0,0.0,5.8207981999000005,
Qwen2.5-Coder-7B,vectorization,Qwen2.5-Coder-7B / vectorization,5,0.05,1,20,20,True,0,0.0,0.0,0.16112515805281938,8,0.4,0.011615544200000001,
Qwen2.5-Coder-14B,vectorization,Qwen2.5-Coder-14B / vectorization,5,0.05,1,20,20,True,0,0.0,0.0,0.16112515805281938,0,0.0,4.3069483019999995,
Qwen2.5-Coder-32B,thinking,Qwen2.5-Coder-32B / thinking (noise-adapted),5,0.05,1,20,20,True,0,0.0,0.0,0.16112515805281938,20,1.0,1.73625e-06,
Qwen2.5-Coder-14B,guided,Qwen2.5-Coder-14B / guided (noise-implicit),5,0.05,1,20,20,True,19,0.95,0.763868806553258,0.9911185511992047,19,0.95,0.0,23039.0
Qwen2.5-Coder-3B,baseline,Qwen2.5-Coder-3B / baseline (noise-adapted),5,0.05,1,20,20,True,0,0.0,0.0,0.16112515805281938,0,0.0,8.2874808881,
Qwen2.5-Coder-7B,thinking,Qwen2.5-Coder-7B / thinking,5,0.05,1,20,20,True,0,0.0,0.0,0.16112515805281938,0,0.0,1.5428231001000001,
Qwen2.5-Coder-3B,vectorization,Qwen2.5-Coder-3B / vectorization,5,0.05,1,20,20,True,0,0.0,0.0,0.16112515805281938,0,0.0,0.70302315585,
Qwen2.5-Coder-14B,guided,Qwen2.5-Coder-14B / guided (noise-adapted),5,0.05,1,20,20,True,20,1.0,0.8388748419471806,1.0,20,1.0,0.0,16193.5
Qwen2.5-Coder-14B,guided,Qwen2.5-Coder-14B / guided,5,0.05,1,20,20,True,20,1.0,0.8388748419471806,1.0,20,1.0,0.0,12259.5
Qwen2.5-Coder-14B,thinking,Qwen2.5-Coder-14B / thinking (noise-adapted),5,0.05,15,20,20,True,0,0.0,0.0,0.16112515805281938,0,0.0,49.8596058614,
Qwen2.5-Coder-32B,thinking,Qwen2.5-Coder-32B / thinking (noise-implicit),5,0.05,15,20,20,True,0,0.0,0.0,0.16112515805281938,0,0.0,5.7779108662,
Qwen2.5-Coder-32B,baseline,Qwen2.5-Coder-32B / baseline (noise-implicit),5,0.05,15,20,20,True,0,0.0,0.0,0.16112515805281938,0,0.0,69.0814737606,
Qwen2.5-Coder-14B,vectorization,Qwen2.5-Coder-14B / vectorization (noise-implicit),5,0.05,15,20,20,True,0,0.0,0.0,0.16112515805281938,0,0.0,12.122354637499999,
Qwen2.5-Coder-7B,guided,Qwen2.5-Coder-7B / guided (noise-adapted),5,0.05,15,20,20,True,0,0.0,0.0,0.16112515805281938,0,0.0,5.76228988395,
Qwen2.5-Coder-3B,guided,Qwen2.5-Coder-3B / guided (noise-adapted),5,0.05,15,20,20,True,0,0.0,0.0,0.16112515805281938,0,0.0,7.028633245,
Qwen2.5-Coder-7B,baseline,Qwen2.5-Coder-7B / baseline,5,0.05,15,20,20,True,0,0.0,0.0,0.16112515805281938,0,0.0,26.2084910059,
Qwen2.5-Coder-32B,guided,Qwen2.5-Coder-32B / guided (noise-implicit),5,0.05,15,20,20,True,0,0.0,0.0,0.16112515805281938,0,0.0,5.0164931967,
Qwen2.5-Coder-7B,thinking,Qwen2.5-Coder-7B / thinking (noise-adapted),5,0.05,15,20,20,True,0,0.0,0.0,0.16112515805281938,0,0.0,44.30745558905,
Qwen2.5-Coder-32B,vectorization,Qwen2.5-Coder-32B / vectorization (noise-implicit),5,0.05,15,20,20,True,0,0.0,0.0,0.16112515805281938,0,0.0,6.8302347798,
Qwen2.5-Coder-7B,vectorization,Qwen2.5-Coder-7B / vectorization (noise-adapted),5,0.05,15,20,20,True,0,0.0,0.0,0.16112515805281938,0,0.0,13.0749459014,
Qwen2.5-Coder-7B,vectorization,Qwen2.5-Coder-7B / vectorization (noise-implicit),5,0.05,15,20,20,True,0,0.0,0.0,0.16112515805281938,0,0.0,16.50172086875,
Qwen2.5-Coder-32B,vectorization,Qwen2.5-Coder-32B / vectorization (noise-adapted),5,0.05,15,20,20,True,0,0.0,0.0,0.16112515805281938,0,0.0,15.3220690208,
Qwen2.5-Coder-7B,guided,Qwen2.5-Coder-7B / guided (noise-implicit),5,0.05,15,20,20,True,0,0.0,0.0,0.16112515805281938,0,0.0,51.4407671947,
Qwen2.5-Coder-32B,guided,Qwen2.5-Coder-32B / guided (noise-adapted),5,0.05,15,20,20,True,0,0.0,0.0,0.16112515805281938,0,0.0,34.61318242685,
Qwen2.5-Coder-3B,guided,Qwen2.5-Coder-3B / guided,5,0.05,15,20,20,True,0,0.0,0.0,0.16112515805281938,0,0.0,9.98079658415,
Qwen2.5-Coder-7B,baseline,Qwen2.5-Coder-7B / baseline (noise-adapted),5,0.05,15,20,20,True,0,0.0,0.0,0.16112515805281938,0,0.0,25.332741140099998,
Qwen2.5-Coder-14B,thinking,Qwen2.5-Coder-14B / thinking,5,0.05,15,20,20,True,0,0.0,0.0,0.16112515805281938,0,0.0,28.284594095499997,
Qwen2.5-Coder-14B,thinking,Qwen2.5-Coder-14B / thinking (noise-implicit),5,0.05,15,20,20,True,0,0.0,0.0,0.16112515805281938,0,0.0,408.51451641235,
Qwen2.5-Coder-14B,baseline,Qwen2.5-Coder-14B / baseline (noise-implicit),5,0.05,15,20,20,True,1,0.05,0.008881448800795402,0.23613119344674205,1,0.05,1.9909910647,48501.0
Qwen2.5-Coder-14B,baseline,Qwen2.5-Coder-14B / baseline (noise-adapted),5,0.05,15,20,20,True,0,0.0,0.0,0.16112515805281938,0,0.0,54.53125923385,
Qwen2.5-Coder-3B,baseline,Qwen2.5-Coder-3B / baseline,5,0.05,15,20,20,True,0,0.0,0.0,0.16112515805281938,0,0.0,6.9745431392,
Qwen2.5-Coder-14B,vectorization,Qwen2.5-Coder-14B / vectorization (noise-adapted),5,0.05,15,20,20,True,0,0.0,0.0,0.16112515805281938,0,0.0,13.6451830196,
Qwen2.5-Coder-7B,baseline,Qwen2.5-Coder-7B / baseline (noise-implicit),5,0.05,15,20,20,True,0,0.0,0.0,0.16112515805281938,0,0.0,23.63278455955,
Qwen2.5-Coder-7B,thinking,Qwen2.5-Coder-7B / thinking (noise-implicit),5,0.05,15,20,20,True,0,0.0,0.0,0.16112515805281938,0,0.0,98.9947662436,
Qwen2.5-Coder-32B,baseline,Qwen2.5-Coder-32B / baseline (noise-adapted),5,0.05,15,20,20,True,0,0.0,0.0,0.16112515805281938,0,0.0,9.287061151100001,
Qwen2.5-Coder-14B,baseline,Qwen2.5-Coder-14B / baseline,5,0.05,15,20,20,True,0,0.0,0.0,0.16112515805281938,0,0.0,8.521706124849999,
Qwen2.5-Coder-7B,vectorization,Qwen2.5-Coder-7B / vectorization,5,0.05,15,20,20,True,0,0.0,0.0,0.16112515805281938,0,0.0,11.99409415115,
Qwen2.5-Coder-14B,vectorization,Qwen2.5-Coder-14B / vectorization,5,0.05,15,20,20,True,0,0.0,0.0,0.16112515805281938,0,0.0,38.39113231815,
Qwen2.5-Coder-32B,thinking,Qwen2.5-Coder-32B / thinking (noise-adapted),5,0.05,15,20,20,True,0,0.0,0.0,0.16112515805281938,0,0.0,21.4301672834,
Qwen2.5-Coder-14B,guided,Qwen2.5-Coder-14B / guided (noise-implicit),5,0.05,15,20,20,True,0,0.0,0.0,0.16112515805281938,0,0.0,8.69692218645,
Qwen2.5-Coder-3B,baseline,Qwen2.5-Coder-3B / baseline (noise-adapted),5,0.05,15,20,20,True,0,0.0,0.0,0.16112515805281938,0,0.0,6.4844609024499995,
Qwen2.5-Coder-7B,thinking,Qwen2.5-Coder-7B / thinking,5,0.05,15,20,20,True,0,0.0,0.0,0.16112515805281938,0,0.0,36.553964803149995,
Qwen2.5-Coder-14B,guided,Qwen2.5-Coder-14B / guided (noise-adapted),5,0.05,15,20,20,True,0,0.0,0.0,0.16112515805281938,0,0.0,81.2171738328,
Qwen2.5-Coder-14B,guided,Qwen2.5-Coder-14B / guided,5,0.05,15,20,20,True,0,0.0,0.0,0.16112515805281938,0,0.0,5.3021842186,
Qwen2.5-Coder-14B,thinking,Qwen2.5-Coder-14B / thinking (noise-adapted),5,0.05,21,20,20,True,0,0.0,0.0,0.16112515805281938,0,0.0,2.13223403805,
Qwen2.5-Coder-32B,thinking,Qwen2.5-Coder-32B / thinking (noise-implicit),5,0.05,21,20,20,True,0,0.0,0.0,0.16112515805281938,15,0.75,1.9862e-06,
Qwen2.5-Coder-32B,baseline,Qwen2.5-Coder-32B / baseline (noise-implicit),5,0.05,21,20,20,True,10,0.5,0.29929800819821234,0.7007019918017876,10,0.5,0.3459433996,16178.5
Qwen2.5-Coder-14B,vectorization,Qwen2.5-Coder-14B / vectorization (noise-implicit),5,0.05,21,20,20,True,6,0.3,0.1454772448676043,0.5189728183535235,6,0.3,1.24557521845,6548.5
Qwen2.5-Coder-7B,guided,Qwen2.5-Coder-7B / guided (noise-adapted),5,0.05,21,20,20,True,0,0.0,0.0,0.16112515805281938,0,0.0,9.709503801450001,
Qwen2.5-Coder-3B,guided,Qwen2.5-Coder-3B / guided (noise-adapted),5,0.05,21,2,20,False,0,0.0,0.0,0.6576197724933469,0,0.0,35.29051592425,
Qwen2.5-Coder-7B,baseline,Qwen2.5-Coder-7B / baseline,5,0.05,21,20,20,True,0,0.0,0.0,0.16112515805281938,6,0.3,0.93186601835,
Qwen2.5-Coder-32B,guided,Qwen2.5-Coder-32B / guided (noise-implicit),5,0.05,21,20,20,True,0,0.0,0.0,0.16112515805281938,1,0.05,0.1322587571,
Qwen2.5-Coder-7B,thinking,Qwen2.5-Coder-7B / thinking (noise-adapted),5,0.05,21,20,20,True,0,0.0,0.0,0.16112515805281938,1,0.05,2.71975388555,
Qwen2.5-Coder-32B,vectorization,Qwen2.5-Coder-32B / vectorization (noise-implicit),5,0.05,21,20,20,True,0,0.0,0.0,0.16112515805281938,3,0.15,0.96752661125,
Qwen2.5-Coder-7B,vectorization,Qwen2.5-Coder-7B / vectorization (noise-adapted),5,0.05,21,20,20,True,0,0.0,0.0,0.16112515805281938,0,0.0,1.37058159295,
Qwen2.5-Coder-7B,vectorization,Qwen2.5-Coder-7B / vectorization (noise-implicit),5,0.05,21,20,20,True,11,0.55,0.3420853424503424,0.7418021417443758,11,0.55,0.0,12880.0
Qwen2.5-Coder-32B,vectorization,Qwen2.5-Coder-32B / vectorization (noise-adapted),5,0.05,21,20,20,True,0,0.0,0.0,0.16112515805281938,1,0.05,0.9227669652499999,
Qwen2.5-Coder-7B,guided,Qwen2.5-Coder-7B / guided (noise-implicit),5,0.05,21,20,20,True,0,0.0,0.0,0.16112515805281938,0,0.0,0.73870078995,
Qwen2.5-Coder-32B,guided,Qwen2.5-Coder-32B / guided (noise-adapted),5,0.05,21,20,20,True,0,0.0,0.0,0.16112515805281938,0,0.0,14.30344013715,
Qwen2.5-Coder-3B,guided,Qwen2.5-Coder-3B / guided,5,0.05,21,2,20,False,0,0.0,0.0,0.6576197724933469,0,0.0,22.31196370205,
Qwen2.5-Coder-7B,baseline,Qwen2.5-Coder-7B / baseline (noise-adapted),5,0.05,21,20,20,True,0,0.0,0.0,0.16112515805281938,4,0.2,1.2475990650500002,
Qwen2.5-Coder-14B,thinking,Qwen2.5-Coder-14B / thinking,5,0.05,21,20,20,True,0,0.0,0.0,0.16112515805281938,0,0.0,8.04867895025,
Qwen2.5-Coder-14B,thinking,Qwen2.5-Coder-14B / thinking (noise-implicit),5,0.05,21,20,20,True,0,0.0,0.0,0.16112515805281938,0,0.0,35.0518477694,
Qwen2.5-Coder-14B,baseline,Qwen2.5-Coder-14B / baseline (noise-implicit),5,0.05,21,20,20,True,0,0.0,0.0,0.16112515805281938,0,0.0,6.18064114645,
Qwen2.5-Coder-14B,baseline,Qwen2.5-Coder-14B / baseline (noise-adapted),5,0.05,21,20,20,True,0,0.0,0.0,0.16112515805281938,1,0.05,2.8030678467500003,
Qwen2.5-Coder-3B,thinking,Qwen2.5-Coder-3B / thinking,5,0.05,21,20,20,True,0,0.0,0.0,0.16112515805281938,0,0.0,13.1767855237,
Qwen2.5-Coder-3B,baseline,Qwen2.5-Coder-3B / baseline,5,0.05,21,20,20,True,0,0.0,0.0,0.16112515805281938,0,0.0,0.9921374789,
Qwen2.5-Coder-7B,guided,Qwen2.5-Coder-7B / guided,5,0.05,21,20,20,True,0,0.0,0.0,0.16112515805281938,0,0.0,9.52296039545,
Qwen2.5-Coder-14B,vectorization,Qwen2.5-Coder-14B / vectorization (noise-adapted),5,0.05,21,20,20,True,0,0.0,0.0,0.16112515805281938,4,0.2,2.0016371028,
Qwen2.5-Coder-3B,thinking,Qwen2.5-Coder-3B / thinking (noise-adapted),5,0.05,21,20,20,True,0,0.0,0.0,0.16112515805281938,0,0.0,13.40442293125,
Qwen2.5-Coder-7B,baseline,Qwen2.5-Coder-7B / baseline (noise-implicit),5,0.05,21,20,20,True,0,0.0,0.0,0.16112515805281938,0,0.0,0.2542355801,
Qwen2.5-Coder-7B,thinking,Qwen2.5-Coder-7B / thinking (noise-implicit),5,0.05,21,20,20,True,2,0.1,0.027866481213768224,0.3010336452284873,4,0.2,1.3450699426,42876.5
Qwen2.5-Coder-32B,baseline,Qwen2.5-Coder-32B / baseline (noise-adapted),5,0.05,21,20,20,True,0,0.0,0.0,0.16112515805281938,0,0.0,2.2057399660000003,
Qwen2.5-Coder-14B,baseline,Qwen2.5-Coder-14B / baseline,5,0.05,21,20,20,True,0,0.0,0.0,0.16112515805281938,4,0.2,1.6897924731,
Qwen2.5-Coder-7B,vectorization,Qwen2.5-Coder-7B / vectorization,5,0.05,21,20,20,True,0,0.0,0.0,0.16112515805281938,0,0.0,0.98092981355,
Qwen2.5-Coder-14B,vectorization,Qwen2.5-Coder-14B / vectorization,5,0.05,21,20,20,True,0,0.0,0.0,0.16112515805281938,0,0.0,1.9884799525999999,
Qwen2.5-Coder-32B,thinking,Qwen2.5-Coder-32B / thinking (noise-adapted),5,0.05,21,20,20,True,0,0.0,0.0,0.16112515805281938,0,0.0,2.02390763375,
Qwen2.5-Coder-14B,guided,Qwen2.5-Coder-14B / guided (noise-implicit),5,0.05,21,20,20,True,0,0.0,0.0,0.16112515805281938,0,0.0,0.6354912296499999,
Qwen2.5-Coder-3B,baseline,Qwen2.5-Coder-3B / baseline (noise-adapted),5,0.05,21,20,20,True,0,0.0,0.0,0.16112515805281938,0,0.0,0.9700640683499999,
Qwen2.5-Coder-7B,thinking,Qwen2.5-Coder-7B / thinking,5,0.05,21,20,20,True,0,0.0,0.0,0.16112515805281938,0,0.0,4.44836749995,
Qwen2.5-Coder-14B,guided,Qwen2.5-Coder-14B / guided (noise-adapted),5,0.05,21,20,20,True,0,0.0,0.0,0.16112515805281938,0,0.0,3.4137276117499997,
Qwen2.5-Coder-14B,guided,Qwen2.5-Coder-14B / guided,5,0.05,21,20,20,True,0,0.0,0.0,0.16112515805281938,0,0.0,2.4008585927999997,
Qwen2.5-Coder-14B,thinking,Qwen2.5-Coder-14B / thinking (noise-adapted),5,0.05,11,20,20,True,0,0.0,0.0,0.16112515805281938,0,0.0,11.812739845100001,
Qwen2.5-Coder-32B,thinking,Qwen2.5-Coder-32B / thinking (noise-implicit),5,0.05,11,20,20,True,0,0.0,0.0,0.16112515805281938,0,0.0,23.483978950450002,
Qwen2.5-Coder-32B,baseline,Qwen2.5-Coder-32B / baseline (noise-implicit),5,0.05,11,20,20,True,0,0.0,0.0,0.16112515805281938,0,0.0,0.51026561385,
Qwen2.5-Coder-14B,vectorization,Qwen2.5-Coder-14B / vectorization (noise-implicit),5,0.05,11,20,20,True,0,0.0,0.0,0.16112515805281938,0,0.0,49.6775149266,
Qwen2.5-Coder-7B,guided,Qwen2.5-Coder-7B / guided (noise-adapted),5,0.05,11,20,20,True,0,0.0,0.0,0.16112515805281938,0,0.0,8.17061608025,
Qwen2.5-Coder-7B,baseline,Qwen2.5-Coder-7B / baseline,5,0.05,11,20,20,True,0,0.0,0.0,0.16112515805281938,0,0.0,21.064984197050002,
Qwen2.5-Coder-32B,guided,Qwen2.5-Coder-32B / guided (noise-implicit),5,0.05,11,20,20,True,0,0.0,0.0,0.16112515805281938,0,0.0,2.5225290359,
Qwen2.5-Coder-7B,thinking,Qwen2.5-Coder-7B / thinking (noise-adapted),5,0.05,11,20,20,True,0,0.0,0.0,0.16112515805281938,0,0.0,3411.7838536916997,
Qwen2.5-Coder-32B,vectorization,Qwen2.5-Coder-32B / vectorization (noise-implicit),5,0.05,11,20,20,True,0,0.0,0.0,0.16112515805281938,16,0.8,0.005608312799999999,
Qwen2.5-Coder-7B,vectorization,Qwen2.5-Coder-7B / vectorization (noise-adapted),5,0.05,11,20,20,True,0,0.0,0.0,0.16112515805281938,0,0.0,12.55219407675,
Qwen2.5-Coder-7B,vectorization,Qwen2.5-Coder-7B / vectorization (noise-implicit),5,0.05,11,20,20,True,0,0.0,0.0,0.16112515805281938,0,0.0,9.3966782533,
Qwen2.5-Coder-32B,vectorization,Qwen2.5-Coder-32B / vectorization (noise-adapted),5,0.05,11,20,20,True,0,0.0,0.0,0.16112515805281938,0,0.0,10.50994510105,
Qwen2.5-Coder-7B,guided,Qwen2.5-Coder-7B / guided (noise-implicit),5,0.05,11,20,20,True,0,0.0,0.0,0.16112515805281938,0,0.0,4.28234192745,
Qwen2.5-Coder-32B,guided,Qwen2.5-Coder-32B / guided (noise-adapted),5,0.05,11,20,20,True,0,0.0,0.0,0.16112515805281938,0,0.0,44.120153971,
Qwen2.5-Coder-7B,baseline,Qwen2.5-Coder-7B / baseline (noise-adapted),5,0.05,11,20,20,True,0,0.0,0.0,0.16112515805281938,0,0.0,21.6113266506,
Qwen2.5-Coder-14B,thinking,Qwen2.5-Coder-14B / thinking,5,0.05,11,20,20,True,0,0.0,0.0,0.16112515805281938,0,0.0,41.39643521115,
Qwen2.5-Coder-14B,thinking,Qwen2.5-Coder-14B / thinking (noise-implicit),5,0.05,11,20,20,True,20,1.0,0.8388748419471806,1.0,20,1.0,0.0,8650.0
Qwen2.5-Coder-14B,baseline,Qwen2.5-Coder-14B / baseline (noise-implicit),5,0.05,11,20,20,True,0,0.0,0.0,0.16112515805281938,0,0.0,63.28199323995,
Qwen2.5-Coder-14B,baseline,Qwen2.5-Coder-14B / baseline (noise-adapted),5,0.05,11,20,20,True,0,0.0,0.0,0.16112515805281938,0,0.0,17.725231071099998,
Qwen2.5-Coder-3B,thinking,Qwen2.5-Coder-3B / thinking,5,0.05,11,20,20,True,0,0.0,0.0,0.16112515805281938,0,0.0,10.808885416799999,
Qwen2.5-Coder-3B,baseline,Qwen2.5-Coder-3B / baseline,5,0.05,11,20,20,True,0,0.0,0.0,0.16112515805281938,0,0.0,1314676.3303408097,
Qwen2.5-Coder-7B,guided,Qwen2.5-Coder-7B / guided,5,0.05,11,20,20,True,0,0.0,0.0,0.16112515805281938,0,0.0,7.90322065275,
Qwen2.5-Coder-14B,vectorization,Qwen2.5-Coder-14B / vectorization (noise-adapted),5,0.05,11,4,20,False,0,0.0,0.0,0.4898908364545973,0,0.0,21.27008717695,
Qwen2.5-Coder-3B,thinking,Qwen2.5-Coder-3B / thinking (noise-adapted),5,0.05,11,20,20,True,0,0.0,0.0,0.16112515805281938,0,0.0,12.892247099399999,
Qwen2.5-Coder-7B,baseline,Qwen2.5-Coder-7B / baseline (noise-implicit),5,0.05,11,6,20,False,0,0.0,2.7755575615628914e-17,0.3903342879021653,0,0.0,62.15587495295,
Qwen2.5-Coder-7B,thinking,Qwen2.5-Coder-7B / thinking (noise-implicit),5,0.05,11,20,20,True,0,0.0,0.0,0.16112515805281938,0,0.0,25.352930699749997,
Qwen2.5-Coder-32B,baseline,Qwen2.5-Coder-32B / baseline (noise-adapted),5,0.05,11,20,20,True,0,0.0,0.0,0.16112515805281938,0,0.0,4.224653415000001,
Qwen2.5-Coder-14B,baseline,Qwen2.5-Coder-14B / baseline,5,0.05,11,20,20,True,0,0.0,0.0,0.16112515805281938,0,0.0,24.010811377899998,
Qwen2.5-Coder-7B,vectorization,Qwen2.5-Coder-7B / vectorization,5,0.05,11,20,20,True,0,0.0,0.0,0.16112515805281938,0,0.0,10.7249390233,
Qwen2.5-Coder-14B,vectorization,Qwen2.5-Coder-14B / vectorization,5,0.05,11,20,20,True,0,0.0,0.0,0.16112515805281938,0,0.0,22.801465240699997,
Qwen2.5-Coder-32B,thinking,Qwen2.5-Coder-32B / thinking (noise-adapted),5,0.05,11,20,20,True,0,0.0,0.0,0.16112515805281938,0,0.0,17.4878309285,
Qwen2.5-Coder-14B,guided,Qwen2.5-Coder-14B / guided (noise-implicit),5,0.05,11,20,20,True,0,0.0,0.0,0.16112515805281938,0,0.0,393.66212733565,
Qwen2.5-Coder-3B,baseline,Qwen2.5-Coder-3B / baseline (noise-adapted),5,0.05,11,20,20,True,0,0.0,0.0,0.16112515805281938,0,0.0,5314142.260016626,
Qwen2.5-Coder-7B,thinking,Qwen2.5-Coder-7B / thinking,5,0.05,11,20,20,True,0,0.0,0.0,0.16112515805281938,0,0.0,1925.37019901135,
Qwen2.5-Coder-14B,guided,Qwen2.5-Coder-14B / guided (noise-adapted),5,0.05,11,20,20,True,0,0.0,0.0,0.16112515805281938,0,0.0,4.5663191081,
Qwen2.5-Coder-14B,guided,Qwen2.5-Coder-14B / guided,5,0.05,11,20,20,True,0,0.0,0.0,0.16112515805281938,0,0.0,12.54793020245,
Qwen2.5-Coder-14B,thinking,Qwen2.5-Coder-14B / thinking (noise-adapted),3,0.2,8,20,20,True,0,0.0,0.0,0.16112515805281938,11,0.55,0.00770428115,
Qwen2.5-Coder-32B,thinking,Qwen2.5-Coder-32B / thinking (noise-implicit),3,0.2,8,20,20,True,0,0.0,0.0,0.16112515805281938,14,0.7,0.00026175834999999997,
Qwen2.5-Coder-32B,baseline,Qwen2.5-Coder-32B / baseline (noise-implicit),3,0.2,8,20,20,True,0,0.0,0.0,0.16112515805281938,0,0.0,1.7247783062,
Qwen2.5-Coder-14B,vectorization,Qwen2.5-Coder-14B / vectorization (noise-implicit),3,0.2,8,20,20,True,20,1.0,0.8388748419471806,1.0,20,1.0,0.0,15416.0
Qwen2.5-Coder-7B,guided,Qwen2.5-Coder-7B / guided (noise-adapted),3,0.2,8,20,20,True,0,0.0,0.0,0.16112515805281938,0,0.0,4.37376636655,
Qwen2.5-Coder-32B,guided,Qwen2.5-Coder-32B / guided (noise-implicit),3,0.2,8,20,20,True,0,0.0,0.0,0.16112515805281938,11,0.55,0.0044044696000000005,
Qwen2.5-Coder-7B,thinking,Qwen2.5-Coder-7B / thinking (noise-adapted),3,0.2,8,20,20,True,0,0.0,0.0,0.16112515805281938,0,0.0,12.213433805200001,
Qwen2.5-Coder-32B,vectorization,Qwen2.5-Coder-32B / vectorization (noise-implicit),3,0.2,8,20,20,True,0,0.0,0.0,0.16112515805281938,7,0.35,0.0129953378,
Qwen2.5-Coder-7B,vectorization,Qwen2.5-Coder-7B / vectorization (noise-adapted),3,0.2,8,20,20,True,0,0.0,0.0,0.16112515805281938,7,0.35,0.015074012500000001,
Qwen2.5-Coder-7B,vectorization,Qwen2.5-Coder-7B / vectorization (noise-implicit),3,0.2,8,20,20,True,0,0.0,0.0,0.16112515805281938,2,0.1,0.0727000961,
Qwen2.5-Coder-32B,vectorization,Qwen2.5-Coder-32B / vectorization (noise-adapted),3,0.2,8,20,20,True,0,0.0,0.0,0.16112515805281938,6,0.3,0.017017871349999998,
Qwen2.5-Coder-7B,guided,Qwen2.5-Coder-7B / guided (noise-implicit),3,0.2,8,20,20,True,0,0.0,0.0,0.16112515805281938,0,0.0,4.7496394706,
Qwen2.5-Coder-32B,guided,Qwen2.5-Coder-32B / guided (noise-adapted),3,0.2,8,20,20,True,0,0.0,0.0,0.16112515805281938,4,0.2,0.0540807027,
Qwen2.5-Coder-7B,baseline,Qwen2.5-Coder-7B / baseline (noise-adapted),3,0.2,8,20,20,True,0,0.0,0.0,0.16112515805281938,0,0.0,1.50550646555,
Qwen2.5-Coder-14B,thinking,Qwen2.5-Coder-14B / thinking (noise-implicit),3,0.2,8,20,20,True,0,0.0,0.0,0.16112515805281938,0,0.0,3.5187041819,
Qwen2.5-Coder-14B,baseline,Qwen2.5-Coder-14B / baseline (noise-implicit),3,0.2,8,20,20,True,0,0.0,0.0,0.16112515805281938,0,0.0,146.4276893339,
Qwen2.5-Coder-14B,baseline,Qwen2.5-Coder-14B / baseline (noise-adapted),3,0.2,8,20,20,True,12,0.6,0.38658150076225317,0.7811934676271829,17,0.85,5.5e-10,23733.5
Qwen2.5-Coder-14B,vectorization,Qwen2.5-Coder-14B / vectorization (noise-adapted),3,0.2,8,20,20,True,0,0.0,0.0,0.16112515805281938,2,0.1,0.04575524125,
Qwen2.5-Coder-7B,baseline,Qwen2.5-Coder-7B / baseline (noise-implicit),3,0.2,8,20,20,True,0,0.0,0.0,0.16112515805281938,14,0.7,0.0049197652,
Qwen2.5-Coder-7B,thinking,Qwen2.5-Coder-7B / thinking (noise-implicit),3,0.2,8,20,20,True,0,0.0,0.0,0.16112515805281938,0,0.0,26.5698835727,
Qwen2.5-Coder-32B,baseline,Qwen2.5-Coder-32B / baseline (noise-adapted),3,0.2,8,20,20,True,0,0.0,0.0,0.16112515805281938,20,1.0,4.76185e-06,
Qwen2.5-Coder-32B,thinking,Qwen2.5-Coder-32B / thinking (noise-adapted),3,0.2,8,20,20,True,0,0.0,0.0,0.16112515805281938,20,1.0,7.6120999999999995e-06,
Qwen2.5-Coder-14B,guided,Qwen2.5-Coder-14B / guided (noise-implicit),3,0.2,8,20,20,True,0,0.0,0.0,0.16112515805281938,17,0.85,0.0008211434,
Qwen2.5-Coder-14B,guided,Qwen2.5-Coder-14B / guided (noise-adapted),3,0.2,8,20,20,True,0,0.0,0.0,0.16112515805281938,1,0.05,0.22062128390000002,
Qwen2.5-Coder-14B,thinking,Qwen2.5-Coder-14B / thinking (noise-adapted),3,0.2,1,20,20,True,0,0.0,0.0,0.16112515805281938,15,0.75,2.4473000000000003e-06,
Qwen2.5-Coder-32B,thinking,Qwen2.5-Coder-32B / thinking (noise-implicit),3,0.2,1,20,20,True,0,0.0,0.0,0.16112515805281938,9,0.45,0.013671844249999999,
Qwen2.5-Coder-32B,baseline,Qwen2.5-Coder-32B / baseline (noise-implicit),3,0.2,1,20,20,True,20,1.0,0.8388748419471806,1.0,20,1.0,0.0,7963.5
Qwen2.5-Coder-14B,vectorization,Qwen2.5-Coder-14B / vectorization (noise-implicit),3,0.2,1,20,20,True,0,0.0,0.0,0.16112515805281938,12,0.6,0.0095086623,
Qwen2.5-Coder-7B,guided,Qwen2.5-Coder-7B / guided (noise-adapted),3,0.2,1,20,20,True,0,0.0,0.0,0.16112515805281938,11,0.55,0.004602125449999999,
Qwen2.5-Coder-32B,guided,Qwen2.5-Coder-32B / guided (noise-implicit),3,0.2,1,20,20,True,20,1.0,0.8388748419471806,1.0,20,1.0,0.0,10476.0
Qwen2.5-Coder-7B,thinking,Qwen2.5-Coder-7B / thinking (noise-adapted),3,0.2,1,20,20,True,0,0.0,0.0,0.16112515805281938,0,0.0,1.5375209524,
Qwen2.5-Coder-32B,vectorization,Qwen2.5-Coder-32B / vectorization (noise-implicit),3,0.2,1,20,20,True,20,1.0,0.8388748419471806,1.0,20,1.0,0.0,3968.5
Qwen2.5-Coder-7B,vectorization,Qwen2.5-Coder-7B / vectorization (noise-adapted),3,0.2,1,20,20,True,0,0.0,0.0,0.16112515805281938,0,0.0,0.56207168835,
Qwen2.5-Coder-7B,vectorization,Qwen2.5-Coder-7B / vectorization (noise-implicit),3,0.2,1,20,20,True,0,0.0,0.0,0.16112515805281938,0,0.0,0.20364475515,
Qwen2.5-Coder-32B,vectorization,Qwen2.5-Coder-32B / vectorization (noise-adapted),3,0.2,1,20,20,True,20,1.0,0.8388748419471806,1.0,20,1.0,0.0,18688.5
Qwen2.5-Coder-7B,guided,Qwen2.5-Coder-7B / guided (noise-implicit),3,0.2,1,20,20,True,0,0.0,0.0,0.16112515805281938,1,0.05,0.03466808885,
Qwen2.5-Coder-32B,guided,Qwen2.5-Coder-32B / guided (noise-adapted),3,0.2,1,20,20,True,0,0.0,0.0,0.16112515805281938,18,0.9,0.0014978304,
Qwen2.5-Coder-7B,baseline,Qwen2.5-Coder-7B / baseline (noise-adapted),3,0.2,1,20,20,True,0,0.0,0.0,0.16112515805281938,0,0.0,1.56302587475,
Qwen2.5-Coder-14B,thinking,Qwen2.5-Coder-14B / thinking (noise-implicit),3,0.2,1,20,20,True,20,1.0,0.8388748419471806,1.0,20,1.0,0.0,7018.0
Qwen2.5-Coder-14B,baseline,Qwen2.5-Coder-14B / baseline (noise-implicit),3,0.2,1,20,20,True,0,0.0,0.0,0.16112515805281938,20,1.0,6.724845e-05,
Qwen2.5-Coder-14B,baseline,Qwen2.5-Coder-14B / baseline (noise-adapted),3,0.2,1,20,20,True,0,0.0,0.0,0.16112515805281938,1,0.05,0.039884293,
Qwen2.5-Coder-14B,vectorization,Qwen2.5-Coder-14B / vectorization (noise-adapted),3,0.2,1,20,20,True,0,0.0,0.0,0.16112515805281938,0,0.0,0.16028956965,
Qwen2.5-Coder-7B,baseline,Qwen2.5-Coder-7B / baseline (noise-implicit),3,0.2,1,20,20,True,0,0.0,0.0,0.16112515805281938,1,0.05,0.031891368700000006,
Qwen2.5-Coder-7B,thinking,Qwen2.5-Coder-7B / thinking (noise-implicit),3,0.2,1,20,20,True,0,0.0,0.0,0.16112515805281938,4,0.2,0.026834089749999998,
Qwen2.5-Coder-32B,baseline,Qwen2.5-Coder-32B / baseline (noise-adapted),3,0.2,1,20,20,True,0,0.0,0.0,0.16112515805281938,20,1.0,0.00069699325,
Qwen2.5-Coder-32B,thinking,Qwen2.5-Coder-32B / thinking (noise-adapted),3,0.2,1,20,20,True,0,0.0,0.0,0.16112515805281938,18,0.9,6.17376e-05,
Qwen2.5-Coder-14B,guided,Qwen2.5-Coder-14B / guided (noise-implicit),3,0.2,1,20,20,True,0,0.0,0.0,0.16112515805281938,11,0.55,0.009344174949999999,
Qwen2.5-Coder-14B,guided,Qwen2.5-Coder-14B / guided (noise-adapted),3,0.2,1,20,20,True,0,0.0,0.0,0.16112515805281938,1,0.05,0.0385526388,
Qwen2.5-Coder-14B,thinking,Qwen2.5-Coder-14B / thinking (noise-adapted),3,0.2,15,20,20,True,0,0.0,0.0,0.16112515805281938,0,0.0,5.588035009,
Qwen2.5-Coder-32B,thinking,Qwen2.5-Coder-32B / thinking (noise-implicit),3,0.2,15,20,20,True,0,0.0,0.0,0.16112515805281938,0,0.0,3.32966916105,
Qwen2.5-Coder-32B,baseline,Qwen2.5-Coder-32B / baseline (noise-implicit),3,0.2,15,20,20,True,0,0.0,0.0,0.16112515805281938,0,0.0,2.3763711645,
Qwen2.5-Coder-14B,vectorization,Qwen2.5-Coder-14B / vectorization (noise-implicit),3,0.2,15,20,20,True,0,0.0,0.0,0.16112515805281938,0,0.0,2.8117716496,
Qwen2.5-Coder-7B,guided,Qwen2.5-Coder-7B / guided (noise-adapted),3,0.2,15,20,20,True,0,0.0,0.0,0.16112515805281938,0,0.0,24.5414180779,
Qwen2.5-Coder-32B,guided,Qwen2.5-Coder-32B / guided (noise-implicit),3,0.2,15,20,20,True,0,0.0,0.0,0.16112515805281938,15,0.75,0.00011492145,
Qwen2.5-Coder-7B,thinking,Qwen2.5-Coder-7B / thinking (noise-adapted),3,0.2,15,20,20,True,0,0.0,0.0,0.16112515805281938,0,0.0,32.796421537,
Qwen2.5-Coder-32B,vectorization,Qwen2.5-Coder-32B / vectorization (noise-implicit),3,0.2,15,20,20,True,17,0.85,0.6395811352592431,0.9476312541037835,20,1.0,0.0,25752.0
Qwen2.5-Coder-7B,vectorization,Qwen2.5-Coder-7B / vectorization (noise-adapted),3,0.2,15,20,20,True,0,0.0,0.0,0.16112515805281938,0,0.0,1.9278174673500001,
Qwen2.5-Coder-7B,vectorization,Qwen2.5-Coder-7B / vectorization (noise-implicit),3,0.2,15,20,20,True,0,0.0,0.0,0.16112515805281938,0,0.0,1.29257418105,
Qwen2.5-Coder-32B,vectorization,Qwen2.5-Coder-32B / vectorization (noise-adapted),3,0.2,15,20,20,True,0,0.0,0.0,0.16112515805281938,0,0.0,4.998188701,
Qwen2.5-Coder-7B,guided,Qwen2.5-Coder-7B / guided (noise-implicit),3,0.2,15,2,20,False,0,0.0,0.0,0.6576197724933469,0,0.0,190.90564017235,
Qwen2.5-Coder-32B,guided,Qwen2.5-Coder-32B / guided (noise-adapted),3,0.2,15,20,20,True,0,0.0,0.0,0.16112515805281938,0,0.0,2.33230240595,
Qwen2.5-Coder-7B,baseline,Qwen2.5-Coder-7B / baseline (noise-adapted),3,0.2,15,20,20,True,0,0.0,0.0,0.16112515805281938,0,0.0,1.46132869705,
Qwen2.5-Coder-14B,thinking,Qwen2.5-Coder-14B / thinking (noise-implicit),3,0.2,15,20,20,True,0,0.0,0.0,0.16112515805281938,0,0.0,337.2171238973,
Qwen2.5-Coder-14B,baseline,Qwen2.5-Coder-14B / baseline (noise-implicit),3,0.2,15,20,20,True,0,0.0,0.0,0.16112515805281938,2,0.1,1.184640301,
Qwen2.5-Coder-14B,baseline,Qwen2.5-Coder-14B / baseline (noise-adapted),3,0.2,15,20,20,True,2,0.1,0.027866481213768224,0.3010336452284873,2,0.1,1.9968775716,15557.0
Qwen2.5-Coder-14B,vectorization,Qwen2.5-Coder-14B / vectorization (noise-adapted),3,0.2,15,20,20,True,0,0.0,0.0,0.16112515805281938,0,0.0,8.77560410155,
Qwen2.5-Coder-7B,baseline,Qwen2.5-Coder-7B / baseline (noise-implicit),3,0.2,15,20,20,True,0,0.0,0.0,0.16112515805281938,0,0.0,8.2395341794,
Qwen2.5-Coder-7B,thinking,Qwen2.5-Coder-7B / thinking (noise-implicit),3,0.2,15,20,20,True,3,0.15,0.052368745896216595,0.36041886474075696,3,0.15,0.9950058519,23582.0
Qwen2.5-Coder-32B,baseline,Qwen2.5-Coder-32B / baseline (noise-adapted),3,0.2,15,20,20,True,0,0.0,0.0,0.16112515805281938,0,0.0,2.0899514637000003,
Qwen2.5-Coder-32B,thinking,Qwen2.5-Coder-32B / thinking (noise-adapted),3,0.2,15,20,20,True,0,0.0,0.0,0.16112515805281938,0,0.0,5.8099530101,
Qwen2.5-Coder-14B,guided,Qwen2.5-Coder-14B / guided (noise-implicit),3,0.2,15,20,20,True,0,0.0,0.0,0.16112515805281938,0,0.0,52.6782056043,
Qwen2.5-Coder-14B,guided,Qwen2.5-Coder-14B / guided (noise-adapted),3,0.2,15,20,20,True,0,0.0,0.0,0.16112515805281938,0,0.0,5.00230040195,
Qwen2.5-Coder-14B,thinking,Qwen2.5-Coder-14B / thinking (noise-adapted),3,0.2,21,20,20,True,0,0.0,0.0,0.16112515805281938,0,0.0,1.5486797282000002,
Qwen2.5-Coder-32B,thinking,Qwen2.5-Coder-32B / thinking (noise-implicit),3,0.2,21,20,20,True,14,0.7,0.4810271816464765,0.8545227551323956,16,0.8,2e-10,10102.0
Qwen2.5-Coder-32B,baseline,Qwen2.5-Coder-32B / baseline (noise-implicit),3,0.2,21,20,20,True,0,0.0,0.0,0.16112515805281938,2,0.1,0.60091145345,
Qwen2.5-Coder-14B,vectorization,Qwen2.5-Coder-14B / vectorization (noise-implicit),3,0.2,21,20,20,True,0,0.0,0.0,0.16112515805281938,0,0.0,10.8681063589,
Qwen2.5-Coder-7B,guided,Qwen2.5-Coder-7B / guided (noise-adapted),3,0.2,21,20,20,True,0,0.0,0.0,0.16112515805281938,1,0.05,0.07704753084999999,
Qwen2.5-Coder-32B,guided,Qwen2.5-Coder-32B / guided (noise-implicit),3,0.2,21,20,20,True,0,0.0,0.0,0.16112515805281938,4,0.2,0.0177077249,
Qwen2.5-Coder-7B,thinking,Qwen2.5-Coder-7B / thinking (noise-adapted),3,0.2,21,20,20,True,0,0.0,0.0,0.16112515805281938,4,0.2,0.8450743415499999,
Qwen2.5-Coder-32B,vectorization,Qwen2.5-Coder-32B / vectorization (noise-implicit),3,0.2,21,20,20,True,18,0.9,0.6989663547715128,0.9721335187862319,18,0.9,0.0,3311.0
Qwen2.5-Coder-7B,vectorization,Qwen2.5-Coder-7B / vectorization (noise-adapted),3,0.2,21,20,20,True,0,0.0,0.0,0.16112515805281938,5,0.25,0.20101547955,
Qwen2.5-Coder-7B,vectorization,Qwen2.5-Coder-7B / vectorization (noise-implicit),3,0.2,21,20,20,True,10,0.5,0.29929800819821234,0.7007019918017876,10,0.5,0.3461756578,5269.0
Qwen2.5-Coder-32B,vectorization,Qwen2.5-Coder-32B / vectorization (noise-adapted),3,0.2,21,20,20,True,7,0.35,0.1811918241010821,0.5671457233147637,15,0.75,4.45974e-05,20201.0
Qwen2.5-Coder-7B,guided,Qwen2.5-Coder-7B / guided (noise-implicit),3,0.2,21,20,20,True,0,0.0,0.0,0.16112515805281938,1,0.05,1.87103613995,
Qwen2.5-Coder-32B,guided,Qwen2.5-Coder-32B / guided (noise-adapted),3,0.2,21,20,20,True,0,0.0,0.0,0.16112515805281938,14,0.7,0.00076614655,
Qwen2.5-Coder-7B,baseline,Qwen2.5-Coder-7B / baseline (noise-adapted),3,0.2,21,20,20,True,0,0.0,0.0,0.16112515805281938,1,0.05,0.30690554265000003,
Qwen2.5-Coder-14B,thinking,Qwen2.5-Coder-14B / thinking (noise-implicit),3,0.2,21,20,20,True,20,1.0,0.8388748419471806,1.0,20,1.0,0.0,15514.5
Qwen2.5-Coder-14B,baseline,Qwen2.5-Coder-14B / baseline (noise-implicit),3,0.2,21,20,20,True,8,0.4,0.21880653237281708,0.6134184992377468,10,0.5,0.31062455650000004,4952.0
Qwen2.5-Coder-14B,baseline,Qwen2.5-Coder-14B / baseline (noise-adapted),3,0.2,21,20,20,True,2,0.1,0.027866481213768224,0.3010336452284873,13,0.65,0.00076667355,27461.0
Qwen2.5-Coder-14B,vectorization,Qwen2.5-Coder-14B / vectorization (noise-adapted),3,0.2,21,20,20,True,4,0.2,0.08065766257979806,0.41601743225189364,11,0.55,1.6965e-07,23864.0
Qwen2.5-Coder-7B,baseline,Qwen2.5-Coder-7B / baseline (noise-implicit),3,0.2,21,20,20,True,1,0.05,0.008881448800795402,0.23613119344674205,3,0.15,2.44895310495,15671.0
Qwen2.5-Coder-7B,thinking,Qwen2.5-Coder-7B / thinking (noise-implicit),3,0.2,21,20,20,True,0,0.0,0.0,0.16112515805281938,3,0.15,0.1784125272,
Qwen2.5-Coder-32B,baseline,Qwen2.5-Coder-32B / baseline (noise-adapted),3,0.2,21,20,20,True,0,0.0,0.0,0.16112515805281938,17,0.85,2.90799e-05,
Qwen2.5-Coder-32B,thinking,Qwen2.5-Coder-32B / thinking (noise-adapted),3,0.2,21,20,20,True,0,0.0,0.0,0.16112515805281938,11,0.55,0.0019234324,
Qwen2.5-Coder-14B,guided,Qwen2.5-Coder-14B / guided (noise-implicit),3,0.2,21,20,20,True,20,1.0,0.8388748419471806,1.0,20,1.0,0.0,5414.5
Qwen2.5-Coder-14B,guided,Qwen2.5-Coder-14B / guided (noise-adapted),3,0.2,21,20,20,True,0,0.0,0.0,0.16112515805281938,9,0.45,0.012778268450000001,
Qwen2.5-Coder-14B,thinking,Qwen2.5-Coder-14B / thinking (noise-adapted),3,0.2,11,20,20,True,0,0.0,0.0,0.16112515805281938,0,0.0,8.596389889200001,
Qwen2.5-Coder-32B,thinking,Qwen2.5-Coder-32B / thinking (noise-implicit),3,0.2,11,20,20,True,0,0.0,0.0,0.16112515805281938,1,0.05,0.15736647485,
Qwen2.5-Coder-32B,baseline,Qwen2.5-Coder-32B / baseline (noise-implicit),3,0.2,11,20,20,True,0,0.0,0.0,0.16112515805281938,0,0.0,3393.75346688085,
Qwen2.5-Coder-14B,vectorization,Qwen2.5-Coder-14B / vectorization (noise-implicit),3,0.2,11,20,20,True,19,0.95,0.763868806553258,0.9911185511992047,19,0.95,0.0,17154.0
Qwen2.5-Coder-7B,guided,Qwen2.5-Coder-7B / guided (noise-adapted),3,0.2,11,20,20,True,0,0.0,0.0,0.16112515805281938,0,0.0,29.38854660285,
Qwen2.5-Coder-32B,guided,Qwen2.5-Coder-32B / guided (noise-implicit),3,0.2,11,20,20,True,16,0.8,0.5839825677481064,0.919342337420202,20,1.0,4.3000000000000005e-09,13122.0
Qwen2.5-Coder-7B,thinking,Qwen2.5-Coder-7B / thinking (noise-adapted),3,0.2,11,20,20,True,0,0.0,0.0,0.16112515805281938,0,0.0,975.8299473888501,
Qwen2.5-Coder-32B,vectorization,Qwen2.5-Coder-32B / vectorization (noise-implicit),3,0.2,11,20,20,True,0,0.0,0.0,0.16112515805281938,2,0.1,0.026419297,
Qwen2.5-Coder-7B,vectorization,Qwen2.5-Coder-7B / vectorization (noise-adapted),3,0.2,11,20,20,True,0,0.0,0.0,0.16112515805281938,0,0.0,6.0295001841,
Qwen2.5-Coder-7B,vectorization,Qwen2.5-Coder-7B / vectorization (noise-implicit),3,0.2,11,20,20,True,0,0.0,0.0,0.16112515805281938,0,0.0,25.72247509935,
Qwen2.5-Coder-32B,vectorization,Qwen2.5-Coder-32B / vectorization (noise-adapted),3,0.2,11,20,20,True,0,0.0,0.0,0.16112515805281938,17,0.85,0.0014285771,
Qwen2.5-Coder-7B,guided,Qwen2.5-Coder-7B / guided (noise-implicit),3,0.2,11,20,20,True,19,0.95,0.763868806553258,0.9911185511992047,19,0.95,0.0,2723.0
Qwen2.5-Coder-32B,guided,Qwen2.5-Coder-32B / guided (noise-adapted),3,0.2,11,20,20,True,0,0.0,0.0,0.16112515805281938,10,0.5,0.024632373,
Qwen2.5-Coder-7B,baseline,Qwen2.5-Coder-7B / baseline (noise-adapted),3,0.2,11,20,20,True,0,0.0,0.0,0.16112515805281938,0,0.0,11.3460249285,
Qwen2.5-Coder-14B,thinking,Qwen2.5-Coder-14B / thinking (noise-implicit),3,0.2,11,20,20,True,0,0.0,0.0,0.16112515805281938,0,0.0,2250.98701672765,
Qwen2.5-Coder-14B,baseline,Qwen2.5-Coder-14B / baseline (noise-implicit),3,0.2,11,20,20,True,0,0.0,0.0,0.16112515805281938,0,0.0,2238.7539410004,
Qwen2.5-Coder-14B,baseline,Qwen2.5-Coder-14B / baseline (noise-adapted),3,0.2,11,20,20,True,0,0.0,0.0,0.16112515805281938,0,0.0,8.1032148285,
Qwen2.5-Coder-14B,vectorization,Qwen2.5-Coder-14B / vectorization (noise-adapted),3,0.2,11,20,20,True,3,0.15,0.052368745896216595,0.36041886474075696,20,1.0,5.62e-08,27441.0
Qwen2.5-Coder-7B,baseline,Qwen2.5-Coder-7B / baseline (noise-implicit),3,0.2,11,20,20,True,0,0.0,0.0,0.16112515805281938,0,0.0,5.300942749000001,
Qwen2.5-Coder-7B,thinking,Qwen2.5-Coder-7B / thinking (noise-implicit),3,0.2,11,20,20,True,0,0.0,0.0,0.16112515805281938,0,0.0,0.31764685585,
Qwen2.5-Coder-32B,baseline,Qwen2.5-Coder-32B / baseline (noise-adapted),3,0.2,11,20,20,True,0,0.0,0.0,0.16112515805281938,20,1.0,7.2386500000000006e-06,
Qwen2.5-Coder-32B,thinking,Qwen2.5-Coder-32B / thinking (noise-adapted),3,0.2,11,20,20,True,20,1.0,0.8388748419471806,1.0,20,1.0,1e-10,25068.5
Qwen2.5-Coder-14B,guided,Qwen2.5-Coder-14B / guided (noise-implicit),3,0.2,11,20,20,True,0,0.0,0.0,0.16112515805281938,0,0.0,1.4382349195,
Qwen2.5-Coder-14B,guided,Qwen2.5-Coder-14B / guided (noise-adapted),3,0.2,11,20,20,True,0,0.0,0.0,0.16112515805281938,0,0.0,18.9897537117,
Qwen2.5-Coder-32B,thinking,Qwen2.5-Coder-32B / thinking (noise-implicit),3,0.0,8,20,20,True,15,0.75,0.531299122381256,0.8881382985923343,15,0.75,1e-10,4629.0
Qwen2.5-Coder-32B,baseline,Qwen2.5-Coder-32B / baseline (noise-implicit),3,0.0,8,20,20,True,0,0.0,0.0,0.16112515805281938,2,0.1,0.1360953516,
Qwen2.5-Coder-14B,vectorization,Qwen2.5-Coder-14B / vectorization (noise-implicit),3,0.0,8,20,20,True,0,0.0,0.0,0.16112515805281938,20,1.0,1.2030299999999999e-05,
Qwen2.5-Coder-32B,vectorization,Qwen2.5-Coder-32B / vectorization,3,0.0,8,20,20,True,20,1.0,0.8388748419471806,1.0,20,1.0,0.0,13624.0
Qwen2.5-Coder-7B,baseline,Qwen2.5-Coder-7B / baseline,3,0.0,8,20,20,True,0,0.0,0.0,0.16112515805281938,0,0.0,26292.67433510675,
Qwen2.5-Coder-32B,guided,Qwen2.5-Coder-32B / guided (noise-implicit),3,0.0,8,20,20,True,0,0.0,0.0,0.16112515805281938,20,1.0,0.0009214962,
Qwen2.5-Coder-32B,vectorization,Qwen2.5-Coder-32B / vectorization (noise-implicit),3,0.0,8,20,20,True,6,0.3,0.1454772448676043,0.5189728183535235,20,1.0,6.469999999999999e-08,28516.0
Qwen2.5-Coder-32B,thinking,Qwen2.5-Coder-32B / thinking,3,0.0,8,20,20,True,0,0.0,0.0,0.16112515805281938,0,0.0,0.1519883795,
Qwen2.5-Coder-14B,thinking,Qwen2.5-Coder-14B / thinking,3,0.0,8,20,20,True,20,1.0,0.8388748419471806,1.0,20,1.0,0.0,4148.5
Qwen2.5-Coder-14B,thinking,Qwen2.5-Coder-14B / thinking (noise-implicit),3,0.0,8,20,20,True,1,0.05,0.008881448800795402,0.23613119344674205,20,1.0,5.948499999999999e-07,13956.0
Qwen2.5-Coder-14B,baseline,Qwen2.5-Coder-14B / baseline (noise-implicit),3,0.0,8,20,20,True,0,0.0,0.0,0.16112515805281938,18,0.9,0.00163953785,
Qwen2.5-Coder-3B,thinking,Qwen2.5-Coder-3B / thinking,3,0.0,8,20,20,True,0,0.0,0.0,0.16112515805281938,0,0.0,42.278567527700005,
Qwen2.5-Coder-7B,guided,Qwen2.5-Coder-7B / guided,3,0.0,8,20,20,True,0,0.0,0.0,0.16112515805281938,0,0.0,0.9861848150000001,
Qwen2.5-Coder-14B,baseline,Qwen2.5-Coder-14B / baseline,3,0.0,8,20,20,True,11,0.55,0.3420853424503424,0.7418021417443758,15,0.75,0.0,3200.0
Qwen2.5-Coder-7B,vectorization,Qwen2.5-Coder-7B / vectorization,3,0.0,8,20,20,True,19,0.95,0.763868806553258,0.9911185511992047,19,0.95,0.0,16260.0
Qwen2.5-Coder-14B,vectorization,Qwen2.5-Coder-14B / vectorization,3,0.0,8,20,20,True,0,0.0,0.0,0.16112515805281938,16,0.8,0.0018326894500000001,
Qwen2.5-Coder-14B,guided,Qwen2.5-Coder-14B / guided (noise-implicit),3,0.0,8,20,20,True,0,0.0,0.0,0.16112515805281938,6,0.3,0.0289509586,
Qwen2.5-Coder-32B,baseline,Qwen2.5-Coder-32B / baseline,3,0.0,8,20,20,True,20,1.0,0.8388748419471806,1.0,20,1.0,0.0,11619.5
Qwen2.5-Coder-7B,thinking,Qwen2.5-Coder-7B / thinking,3,0.0,8,20,20,True,0,0.0,0.0,0.16112515805281938,12,0.6,0.0067679621,
Qwen2.5-Coder-3B,vectorization,Qwen2.5-Coder-3B / vectorization,3,0.0,8,20,20,True,0,0.0,0.0,0.16112515805281938,16,0.8,0.0013998295000000002,
Qwen2.5-Coder-32B,guided,Qwen2.5-Coder-32B / guided,3,0.0,8,20,20,True,0,0.0,0.0,0.16112515805281938,20,1.0,0.00013293065,
Qwen2.5-Coder-14B,guided,Qwen2.5-Coder-14B / guided,3,0.0,8,20,20,True,0,0.0,0.0,0.16112515805281938,0,0.0,0.22943865009999997,
Qwen2.5-Coder-32B,thinking,Qwen2.5-Coder-32B / thinking (noise-implicit),3,0.0,1,20,20,True,20,1.0,0.8388748419471806,1.0,20,1.0,0.0,18412.0
Qwen2.5-Coder-32B,baseline,Qwen2.5-Coder-32B / baseline (noise-implicit),3,0.0,1,20,20,True,0,0.0,0.0,0.16112515805281938,10,0.5,0.00910430445,
Qwen2.5-Coder-14B,vectorization,Qwen2.5-Coder-14B / vectorization (noise-implicit),3,0.0,1,20,20,True,0,0.0,0.0,0.16112515805281938,19,0.95,0.00426226855,
Qwen2.5-Coder-32B,vectorization,Qwen2.5-Coder-32B / vectorization,3,0.0,1,20,20,True,20,1.0,0.8388748419471806,1.0,20,1.0,0.0,3148.0
Qwen2.5-Coder-7B,baseline,Qwen2.5-Coder-7B / baseline,3,0.0,1,20,20,True,9,0.45,0.2581978582556243,0.6579146575496577,10,0.5,0.01228060915,1457.0
Qwen2.5-Coder-32B,guided,Qwen2.5-Coder-32B / guided (noise-implicit),3,0.0,1,20,20,True,0,0.0,0.0,0.16112515805281938,20,1.0,8.315985e-05,
Qwen2.5-Coder-32B,vectorization,Qwen2.5-Coder-32B / vectorization (noise-implicit),3,0.0,1,2,20,False,0,0.0,0.0,0.6576197724933469,2,1.0,3.8947e-06,
Qwen2.5-Coder-32B,thinking,Qwen2.5-Coder-32B / thinking,3,0.0,1,20,20,True,20,1.0,0.8388748419471806,1.0,20,1.0,0.0,18933.0
Qwen2.5-Coder-14B,thinking,Qwen2.5-Coder-14B / thinking,3,0.0,1,20,20,True,3,0.15,0.052368745896216595,0.36041886474075696,20,1.0,2.0582e-05,1491.0
Qwen2.5-Coder-14B,thinking,Qwen2.5-Coder-14B / thinking (noise-implicit),3,0.0,1,20,20,True,20,1.0,0.8388748419471806,1.0,20,1.0,0.0,4591.0
Qwen2.5-Coder-14B,baseline,Qwen2.5-Coder-14B / baseline (noise-implicit),3,0.0,1,20,20,True,20,1.0,0.8388748419471806,1.0,20,1.0,0.0,1597.0
Qwen2.5-Coder-3B,baseline,Qwen2.5-Coder-3B / baseline,3,0.0,1,20,20,True,0,0.0,0.0,0.16112515805281938,1,0.05,0.13394108025,
Qwen2.5-Coder-7B,guided,Qwen2.5-Coder-7B / guided,3,0.0,1,20,20,True,20,1.0,0.8388748419471806,1.0,20,1.0,0.0,5658.0
Qwen2.5-Coder-14B,baseline,Qwen2.5-Coder-14B / baseline,3,0.0,1,20,20,True,20,1.0,0.8388748419471806,1.0,20,1.0,0.0,4374.5
Qwen2.5-Coder-7B,vectorization,Qwen2.5-Coder-7B / vectorization,3,0.0,1,20,20,True,20,1.0,0.8388748419471806,1.0,20,1.0,0.0,2056.5
Qwen2.5-Coder-14B,vectorization,Qwen2.5-Coder-14B / vectorization,3,0.0,1,20,20,True,20,1.0,0.8388748419471806,1.0,20,1.0,0.0,3717.0
Qwen2.5-Coder-14B,guided,Qwen2.5-Coder-14B / guided (noise-implicit),3,0.0,1,20,20,True,20,1.0,0.8388748419471806,1.0,20,1.0,0.0,8431.5
Qwen2.5-Coder-32B,baseline,Qwen2.5-Coder-32B / baseline,3,0.0,1,20,20,True,19,0.95,0.763868806553258,0.9911185511992047,20,1.0,0.0,16424.0
Qwen2.5-Coder-7B,thinking,Qwen2.5-Coder-7B / thinking,3,0.0,1,20,20,True,0,0.0,0.0,0.16112515805281938,20,1.0,1.0105e-07,
Qwen2.5-Coder-3B,vectorization,Qwen2.5-Coder-3B / vectorization,3,0.0,1,20,20,True,20,1.0,0.8388748419471806,1.0,20,1.0,0.0,5877.0
Qwen2.5-Coder-32B,guided,Qwen2.5-Coder-32B / guided,3,0.0,1,20,20,True,0,0.0,0.0,0.16112515805281938,20,1.0,6.59495e-06,
Qwen2.5-Coder-14B,guided,Qwen2.5-Coder-14B / guided,3,0.0,1,20,20,True,20,1.0,0.8388748419471806,1.0,20,1.0,0.0,3352.0
Qwen2.5-Coder-14B,vectorization,Qwen2.5-Coder-14B / vectorization (noise-implicit),3,0.0,15,20,20,True,17,0.85,0.6395811352592431,0.9476312541037835,17,0.85,0.0,12354.0
Qwen2.5-Coder-32B,vectorization,Qwen2.5-Coder-32B / vectorization,3,0.0,15,20,20,True,8,0.4,0.21880653237281708,0.6134184992377468,10,0.5,0.49749253305,23231.0
Qwen2.5-Coder-7B,baseline,Qwen2.5-Coder-7B / baseline,3,0.0,15,20,20,True,16,0.8,0.5839825677481064,0.919342337420202,16,0.8,0.0,21066.0
Qwen2.5-Coder-32B,thinking,Qwen2.5-Coder-32B / thinking,3,0.0,15,20,20,True,2,0.1,0.027866481213768224,0.3010336452284873,9,0.45,0.99495973095,13635.0
Qwen2.5-Coder-3B,guided,Qwen2.5-Coder-3B / guided,3,0.0,15,3,20,False,0,0.0,5.551115123125783e-17,0.5614970317550454,0,0.0,47.4885921863,
Qwen2.5-Coder-14B,thinking,Qwen2.5-Coder-14B / thinking,3,0.0,15,20,20,True,4,0.2,0.08065766257979806,0.41601743225189364,15,0.75,0.00021233725,7991.5
Qwen2.5-Coder-14B,thinking,Qwen2.5-Coder-14B / thinking (noise-implicit),3,0.0,15,20,20,True,0,0.0,0.0,0.16112515805281938,1,0.05,1.01883785735,
Qwen2.5-Coder-14B,baseline,Qwen2.5-Coder-14B / baseline (noise-implicit),3,0.0,15,20,20,True,0,0.0,0.0,0.16112515805281938,0,0.0,0.33936864595000005,
Qwen2.5-Coder-3B,thinking,Qwen2.5-Coder-3B / thinking,3,0.0,15,20,20,True,0,0.0,0.0,0.16112515805281938,0,0.0,14.128053105900001,
Qwen2.5-Coder-7B,guided,Qwen2.5-Coder-7B / guided,3,0.0,15,20,20,True,20,1.0,0.8388748419471806,1.0,20,1.0,0.0,17238.0
Qwen2.5-Coder-14B,baseline,Qwen2.5-Coder-14B / baseline,3,0.0,15,20,20,True,1,0.05,0.008881448800795402,0.23613119344674205,5,0.25,0.56262318935,5789.0
Qwen2.5-Coder-7B,vectorization,Qwen2.5-Coder-7B / vectorization,3,0.0,15,20,20,True,0,0.0,0.0,0.16112515805281938,0,0.0,0.0595034693,
Qwen2.5-Coder-14B,vectorization,Qwen2.5-Coder-14B / vectorization,3,0.0,15,20,20,True,0,0.0,0.0,0.16112515805281938,0,0.0,3.33074065825,
Qwen2.5-Coder-14B,guided,Qwen2.5-Coder-14B / guided (noise-implicit),3,0.0,15,20,20,True,15,0.75,0.531299122381256,0.8881382985923343,15,0.75,0.0,4290.0
Qwen2.5-Coder-32B,baseline,Qwen2.5-Coder-32B / baseline,3,0.0,15,20,20,True,0,0.0,0.0,0.16112515805281938,4,0.2,0.3085364457,
Qwen2.5-Coder-7B,thinking,Qwen2.5-Coder-7B / thinking,3,0.0,15,20,20,True,0,0.0,0.0,0.16112515805281938,0,0.0,2.1266181278,
Qwen2.5-Coder-3B,vectorization,Qwen2.5-Coder-3B / vectorization,3,0.0,15,20,20,True,0,0.0,0.0,0.16112515805281938,0,0.0,51.2629850609,
Qwen2.5-Coder-32B,guided,Qwen2.5-Coder-32B / guided,3,0.0,15,20,20,True,0,0.0,0.0,0.16112515805281938,6,0.3,0.9998469798,
Qwen2.5-Coder-14B,guided,Qwen2.5-Coder-14B / guided,3,0.0,15,20,20,True,1,0.05,0.008881448800795402,0.23613119344674205,2,0.1,1.18937774515,8876.0
Qwen2.5-Coder-14B,vectorization,Qwen2.5-Coder-14B / vectorization (noise-implicit),3,0.0,21,20,20,True,20,1.0,0.8388748419471806,1.0,20,1.0,0.0,8707.5
Qwen2.5-Coder-32B,vectorization,Qwen2.5-Coder-32B / vectorization,3,0.0,21,20,20,True,0,0.0,0.0,0.16112515805281938,6,0.3,0.08272005630000001,
Qwen2.5-Coder-7B,baseline,Qwen2.5-Coder-7B / baseline,3,0.0,21,20,20,True,8,0.4,0.21880653237281708,0.6134184992377468,9,0.45,1.1085444785,1846.0
Qwen2.5-Coder-32B,thinking,Qwen2.5-Coder-32B / thinking,3,0.0,21,20,20,True,14,0.7,0.4810271816464765,0.8545227551323956,19,0.95,0.0,9096.0
Qwen2.5-Coder-14B,thinking,Qwen2.5-Coder-14B / thinking,3,0.0,21,20,20,True,15,0.75,0.531299122381256,0.8881382985923343,15,0.75,0.0,2047.0
Qwen2.5-Coder-14B,thinking,Qwen2.5-Coder-14B / thinking (noise-implicit),3,0.0,21,20,20,True,0,0.0,0.0,0.16112515805281938,6,0.3,0.01296524025,
Qwen2.5-Coder-14B,baseline,Qwen2.5-Coder-14B / baseline (noise-implicit),3,0.0,21,20,20,True,20,1.0,0.8388748419471806,1.0,20,1.0,0.0,14053.5
Qwen2.5-Coder-3B,baseline,Qwen2.5-Coder-3B / baseline,3,0.0,21,20,20,True,0,0.0,0.0,0.16112515805281938,0,0.0,7.6911298989,
Qwen2.5-Coder-7B,guided,Qwen2.5-Coder-7B / guided,3,0.0,21,20,20,True,20,1.0,0.8388748419471806,1.0,20,1.0,0.0,5440.0
Qwen2.5-Coder-14B,baseline,Qwen2.5-Coder-14B / baseline,3,0.0,21,20,20,True,2,0.1,0.027866481213768224,0.3010336452284873,3,0.15,1.2452555353,6776.0
Qwen2.5-Coder-7B,vectorization,Qwen2.5-Coder-7B / vectorization,3,0.0,21,20,20,True,0,0.0,0.0,0.16112515805281938,20,1.0,1.5232e-06,
Qwen2.5-Coder-14B,vectorization,Qwen2.5-Coder-14B / vectorization,3,0.0,21,20,20,True,20,1.0,0.8388748419471806,1.0,20,1.0,0.0,15710.5
Qwen2.5-Coder-14B,guided,Qwen2.5-Coder-14B / guided (noise-implicit),3,0.0,21,20,20,True,7,0.35,0.1811918241010821,0.5671457233147637,8,0.4,0.4520218017,939.0
Qwen2.5-Coder-32B,baseline,Qwen2.5-Coder-32B / baseline,3,0.0,21,20,20,True,1,0.05,0.008881448800795402,0.23613119344674205,19,0.95,5.085000000000001e-07,13827.0
Qwen2.5-Coder-7B,thinking,Qwen2.5-Coder-7B / thinking,3,0.0,21,20,20,True,18,0.9,0.6989663547715128,0.9721335187862319,20,1.0,0.0,7856.0
Qwen2.5-Coder-3B,vectorization,Qwen2.5-Coder-3B / vectorization,3,0.0,21,20,20,True,7,0.35,0.1811918241010821,0.5671457233147637,20,1.0,1.675e-08,15436.0
Qwen2.5-Coder-32B,guided,Qwen2.5-Coder-32B / guided,3,0.0,21,20,20,True,12,0.6,0.38658150076225317,0.7811934676271829,17,0.85,0.0,13623.0
Qwen2.5-Coder-14B,guided,Qwen2.5-Coder-14B / guided,3,0.0,21,20,20,True,20,1.0,0.8388748419471806,1.0,20,1.0,0.0,5974.0
Qwen2.5-Coder-32B,thinking,Qwen2.5-Coder-32B / thinking (noise-implicit),3,0.0,11,20,20,True,0,0.0,0.0,0.16112515805281938,0,0.0,2.29467982685,
Qwen2.5-Coder-32B,baseline,Qwen2.5-Coder-32B / baseline (noise-implicit),3,0.0,11,20,20,True,0,0.0,0.0,0.16112515805281938,0,0.0,6.8010269638,
Qwen2.5-Coder-14B,vectorization,Qwen2.5-Coder-14B / vectorization (noise-implicit),3,0.0,11,20,20,True,0,0.0,0.0,0.16112515805281938,0,0.0,3.4102585645000003,
Qwen2.5-Coder-32B,vectorization,Qwen2.5-Coder-32B / vectorization,3,0.0,11,20,20,True,0,0.0,0.0,0.16112515805281938,17,0.85,0.0001591266,
Qwen2.5-Coder-7B,baseline,Qwen2.5-Coder-7B / baseline,3,0.0,11,20,20,True,0,0.0,0.0,0.16112515805281938,3,0.15,0.5278669655,
Qwen2.5-Coder-32B,guided,Qwen2.5-Coder-32B / guided (noise-implicit),3,0.0,11,20,20,True,0,0.0,0.0,0.16112515805281938,2,0.1,0.18333528985,
Qwen2.5-Coder-32B,vectorization,Qwen2.5-Coder-32B / vectorization (noise-implicit),3,0.0,11,20,20,True,0,0.0,0.0,0.16112515805281938,0,0.0,2.5824816053,
Qwen2.5-Coder-32B,thinking,Qwen2.5-Coder-32B / thinking,3,0.0,11,20,20,True,20,1.0,0.8388748419471806,1.0,20,1.0,0.0,20481.0
Qwen2.5-Coder-3B,guided,Qwen2.5-Coder-3B / guided,3,0.0,11,20,20,True,0,0.0,0.0,0.16112515805281938,0,0.0,4.1817496079000005,
Qwen2.5-Coder-14B,thinking,Qwen2.5-Coder-14B / thinking,3,0.0,11,20,20,True,0,0.0,0.0,0.16112515805281938,0,0.0,37.96472214565,
Qwen2.5-Coder-14B,thinking,Qwen2.5-Coder-14B / thinking (noise-implicit),3,0.0,11,20,20,True,0,0.0,0.0,0.16112515805281938,0,0.0,43.6916780659,
Qwen2.5-Coder-14B,baseline,Qwen2.5-Coder-14B / baseline (noise-implicit),3,0.0,11,20,20,True,0,0.0,0.0,0.16112515805281938,20,1.0,0.0001722235,
Qwen2.5-Coder-3B,thinking,Qwen2.5-Coder-3B / thinking,3,0.0,11,20,20,True,0,0.0,0.0,0.16112515805281938,0,0.0,8703687.608067658,
Qwen2.5-Coder-3B,baseline,Qwen2.5-Coder-3B / baseline,3,0.0,11,20,20,True,0,0.0,0.0,0.16112515805281938,0,0.0,96.1939939478,
Qwen2.5-Coder-7B,guided,Qwen2.5-Coder-7B / guided,3,0.0,11,20,20,True,0,0.0,0.0,0.16112515805281938,0,0.0,3.70939384375,
Qwen2.5-Coder-14B,baseline,Qwen2.5-Coder-14B / baseline,3,0.0,11,20,20,True,20,1.0,0.8388748419471806,1.0,20,1.0,0.0,6112.5
Qwen2.5-Coder-7B,vectorization,Qwen2.5-Coder-7B / vectorization,3,0.0,11,20,20,True,0,0.0,0.0,0.16112515805281938,4,0.2,0.17738047115,
Qwen2.5-Coder-14B,vectorization,Qwen2.5-Coder-14B / vectorization,3,0.0,11,20,20,True,0,0.0,0.0,0.16112515805281938,0,0.0,0.21476463415,
Qwen2.5-Coder-14B,guided,Qwen2.5-Coder-14B / guided (noise-implicit),3,0.0,11,20,20,True,0,0.0,0.0,0.16112515805281938,0,0.0,5.20885101585,
Qwen2.5-Coder-32B,baseline,Qwen2.5-Coder-32B / baseline,3,0.0,11,20,20,True,20,1.0,0.8388748419471806,1.0,20,1.0,0.0,9868.0
Qwen2.5-Coder-7B,thinking,Qwen2.5-Coder-7B / thinking,3,0.0,11,20,20,True,0,0.0,0.0,0.16112515805281938,0,0.0,14.96758183555,
Qwen2.5-Coder-3B,vectorization,Qwen2.5-Coder-3B / vectorization,3,0.0,11,20,20,True,0,0.0,0.0,0.16112515805281938,7,0.35,0.0377636034,
Qwen2.5-Coder-32B,guided,Qwen2.5-Coder-32B / guided,3,0.0,11,20,20,True,16,0.8,0.5839825677481064,0.919342337420202,16,0.8,1e-10,25323.5
Qwen2.5-Coder-14B,guided,Qwen2.5-Coder-14B / guided,3,0.0,11,20,20,True,0,0.0,0.0,0.16112515805281938,0,0.0,9.09513547465,
Qwen2.5-Coder-14B,thinking,Qwen2.5-Coder-14B / thinking (noise-adapted),3,0.1,8,20,20,True,0,0.0,0.0,0.16112515805281938,0,0.0,0.3428972198,
Qwen2.5-Coder-32B,thinking,Qwen2.5-Coder-32B / thinking (noise-implicit),3,0.1,8,20,20,True,0,0.0,0.0,0.16112515805281938,0,0.0,0.58671086905,
Qwen2.5-Coder-32B,baseline,Qwen2.5-Coder-32B / baseline (noise-implicit),3,0.1,8,20,20,True,0,0.0,0.0,0.16112515805281938,4,0.2,0.06778300665,
Qwen2.5-Coder-14B,vectorization,Qwen2.5-Coder-14B / vectorization (noise-implicit),3,0.1,8,20,20,True,4,0.2,0.08065766257979806,0.41601743225189364,19,0.95,4.00325e-06,26278.0
Qwen2.5-Coder-7B,guided,Qwen2.5-Coder-7B / guided (noise-adapted),3,0.1,8,20,20,True,0,0.0,0.0,0.16112515805281938,0,0.0,0.900623804,
Qwen2.5-Coder-32B,guided,Qwen2.5-Coder-32B / guided (noise-implicit),3,0.1,8,20,20,True,10,0.5,0.29929800819821234,0.7007019918017876,20,1.0,2.265e-07,23609.5
Qwen2.5-Coder-7B,thinking,Qwen2.5-Coder-7B / thinking (noise-adapted),3,0.1,8,20,20,True,0,0.0,0.0,0.16112515805281938,0,0.0,10.16859369355,
Qwen2.5-Coder-32B,vectorization,Qwen2.5-Coder-32B / vectorization (noise-implicit),3,0.1,8,20,20,True,0,0.0,0.0,0.16112515805281938,20,1.0,0.0001326419,
Qwen2.5-Coder-7B,vectorization,Qwen2.5-Coder-7B / vectorization (noise-adapted),3,0.1,8,20,20,True,0,0.0,0.0,0.16112515805281938,0,0.0,8.75052849255,
Qwen2.5-Coder-7B,vectorization,Qwen2.5-Coder-7B / vectorization (noise-implicit),3,0.1,8,20,20,True,0,0.0,0.0,0.16112515805281938,14,0.7,0.00638525295,
Qwen2.5-Coder-32B,vectorization,Qwen2.5-Coder-32B / vectorization (noise-adapted),3,0.1,8,20,20,True,0,0.0,0.0,0.16112515805281938,0,0.0,0.28318118805,
Qwen2.5-Coder-7B,guided,Qwen2.5-Coder-7B / guided (noise-implicit),3,0.1,8,20,20,True,20,1.0,0.8388748419471806,1.0,20,1.0,0.0,15818.5
Qwen2.5-Coder-32B,guided,Qwen2.5-Coder-32B / guided (noise-adapted),3,0.1,8,20,20,True,0,0.0,0.0,0.16112515805281938,2,0.1,0.04514834405,
Qwen2.5-Coder-7B,baseline,Qwen2.5-Coder-7B / baseline (noise-adapted),3,0.1,8,20,20,True,0,0.0,0.0,0.16112515805281938,0,0.0,74.44087208675,
Qwen2.5-Coder-14B,thinking,Qwen2.5-Coder-14B / thinking (noise-implicit),3,0.1,8,20,20,True,0,0.0,0.0,0.16112515805281938,11,0.55,0.00268142045,
Qwen2.5-Coder-14B,baseline,Qwen2.5-Coder-14B / baseline (noise-implicit),3,0.1,8,20,20,True,0,0.0,0.0,0.16112515805281938,7,0.35,0.02338560965,
Qwen2.5-Coder-14B,baseline,Qwen2.5-Coder-14B / baseline (noise-adapted),3,0.1,8,20,20,True,0,0.0,0.0,0.16112515805281938,1,0.05,0.10683235790000001,
Qwen2.5-Coder-14B,vectorization,Qwen2.5-Coder-14B / vectorization (noise-adapted),3,0.1,8,20,20,True,1,0.05,0.008881448800795402,0.23613119344674205,14,0.7,0.0009152739,26361.0
Qwen2.5-Coder-7B,baseline,Qwen2.5-Coder-7B / baseline (noise-implicit),3,0.1,8,20,20,True,0,0.0,0.0,0.16112515805281938,0,0.0,0.73558787215,
Qwen2.5-Coder-7B,thinking,Qwen2.5-Coder-7B / thinking (noise-implicit),3,0.1,8,20,20,True,0,0.0,0.0,0.16112515805281938,1,0.05,0.5602364195,
Qwen2.5-Coder-32B,baseline,Qwen2.5-Coder-32B / baseline (noise-adapted),3,0.1,8,20,20,True,0,0.0,0.0,0.16112515805281938,4,0.2,0.087205421,
Qwen2.5-Coder-32B,thinking,Qwen2.5-Coder-32B / thinking (noise-adapted),3,0.1,8,20,20,True,0,0.0,0.0,0.16112515805281938,0,0.0,2.3539238775999998,
Qwen2.5-Coder-14B,guided,Qwen2.5-Coder-14B / guided (noise-implicit),3,0.1,8,20,20,True,0,0.0,0.0,0.16112515805281938,5,0.25,0.03817882315,
Qwen2.5-Coder-14B,guided,Qwen2.5-Coder-14B / guided (noise-adapted),3,0.1,8,20,20,True,0,0.0,0.0,0.16112515805281938,0,0.0,2.5813900505,
Qwen2.5-Coder-14B,thinking,Qwen2.5-Coder-14B / thinking (noise-adapted),3,0.1,1,20,20,True,0,0.0,0.0,0.16112515805281938,20,1.0,0.00214044715,
Qwen2.5-Coder-32B,thinking,Qwen2.5-Coder-32B / thinking (noise-implicit),3,0.1,1,20,20,True,0,0.0,0.0,0.16112515805281938,17,0.85,6.08325e-06,
Qwen2.5-Coder-32B,baseline,Qwen2.5-Coder-32B / baseline (noise-implicit),3,0.1,1,20,20,True,0,0.0,0.0,0.16112515805281938,20,1.0,0.0008807288,
Qwen2.5-Coder-14B,vectorization,Qwen2.5-Coder-14B / vectorization (noise-implicit),3,0.1,1,20,20,True,0,0.0,0.0,0.16112515805281938,2,0.1,0.0729511478,
Qwen2.5-Coder-7B,guided,Qwen2.5-Coder-7B / guided (noise-adapted),3,0.1,1,20,20,True,0,0.0,0.0,0.16112515805281938,20,1.0,0.00039997685,
Qwen2.5-Coder-32B,guided,Qwen2.5-Coder-32B / guided (noise-implicit),3,0.1,1,20,20,True,20,1.0,0.8388748419471806,1.0,20,1.0,0.0,2410.0
Qwen2.5-Coder-7B,thinking,Qwen2.5-Coder-7B / thinking (noise-adapted),3,0.1,1,20,20,True,0,0.0,0.0,0.16112515805281938,0,0.0,0.89531836055,
Qwen2.5-Coder-32B,vectorization,Qwen2.5-Coder-32B / vectorization (noise-implicit),3,0.1,1,20,20,True,20,1.0,0.8388748419471806,1.0,20,1.0,0.0,1036.5
Qwen2.5-Coder-7B,vectorization,Qwen2.5-Coder-7B / vectorization (noise-adapted),3,0.1,1,20,20,True,0,0.0,0.0,0.16112515805281938,20,1.0,1.94376e-05,
Qwen2.5-Coder-7B,vectorization,Qwen2.5-Coder-7B / vectorization (noise-implicit),3,0.1,1,20,20,True,0,0.0,0.0,0.16112515805281938,1,0.05,0.10535755464999999,
Qwen2.5-Coder-32B,vectorization,Qwen2.5-Coder-32B / vectorization (noise-adapted),3,0.1,1,20,20,True,0,0.0,0.0,0.16112515805281938,20,1.0,0.0001374479,
Qwen2.5-Coder-7B,guided,Qwen2.5-Coder-7B / guided (noise-implicit),3,0.1,1,20,20,True,20,1.0,0.8388748419471806,1.0,20,1.0,0.0,7667.5
Qwen2.5-Coder-32B,guided,Qwen2.5-Coder-32B / guided (noise-adapted),3,0.1,1,20,20,True,0,0.0,0.0,0.16112515805281938,14,0.7,0.004602161150000001,
Qwen2.5-Coder-7B,baseline,Qwen2.5-Coder-7B / baseline (noise-adapted),3,0.1,1,20,20,True,0,0.0,0.0,0.16112515805281938,0,0.0,0.771762561,
Qwen2.5-Coder-14B,thinking,Qwen2.5-Coder-14B / thinking (noise-implicit),3,0.1,1,20,20,True,0,0.0,0.0,0.16112515805281938,0,0.0,0.44697613555000004,
Qwen2.5-Coder-14B,baseline,Qwen2.5-Coder-14B / baseline (noise-implicit),3,0.1,1,20,20,True,20,1.0,0.8388748419471806,1.0,20,1.0,0.0,763.5
Qwen2.5-Coder-14B,baseline,Qwen2.5-Coder-14B / baseline (noise-adapted),3,0.1,1,20,20,True,0,0.0,0.0,0.16112515805281938,0,0.0,0.29708388185,
Qwen2.5-Coder-14B,vectorization,Qwen2.5-Coder-14B / vectorization (noise-adapted),3,0.1,1,20,20,True,20,1.0,0.8388748419471806,1.0,20,1.0,0.0,1643.5
Qwen2.5-Coder-7B,baseline,Qwen2.5-Coder-7B / baseline (noise-implicit),3,0.1,1,20,20,True,0,0.0,0.0,0.16112515805281938,0,0.0,19.355390607,
Qwen2.5-Coder-7B,thinking,Qwen2.5-Coder-7B / thinking (noise-implicit),3,0.1,1,20,20,True,2,0.1,0.027866481213768224,0.3010336452284873,20,1.0,6.57e-08,25693.0
Qwen2.5-Coder-32B,baseline,Qwen2.5-Coder-32B / baseline (noise-adapted),3,0.1,1,20,20,True,0,0.0,0.0,0.16112515805281938,20,1.0,4.4691199999999997e-05,
Qwen2.5-Coder-32B,thinking,Qwen2.5-Coder-32B / thinking (noise-adapted),3,0.1,1,20,20,True,20,1.0,0.8388748419471806,1.0,20,1.0,0.0,23631.0
Qwen2.5-Coder-14B,guided,Qwen2.5-Coder-14B / guided (noise-implicit),3,0.1,1,20,20,True,0,0.0,0.0,0.16112515805281938,0,0.0,9.073536159949999,
Qwen2.5-Coder-14B,guided,Qwen2.5-Coder-14B / guided (noise-adapted),3,0.1,1,20,20,True,0,0.0,0.0,0.16112515805281938,0,0.0,1.3667131892,
Qwen2.5-Coder-14B,thinking,Qwen2.5-Coder-14B / thinking (noise-adapted),3,0.1,15,20,20,True,0,0.0,0.0,0.16112515805281938,0,0.0,2.340421292,
Qwen2.5-Coder-32B,thinking,Qwen2.5-Coder-32B / thinking (noise-implicit),3,0.1,15,20,20,True,0,0.0,0.0,0.16112515805281938,0,0.0,1.87301018165,
Qwen2.5-Coder-32B,baseline,Qwen2.5-Coder-32B / baseline (noise-implicit),3,0.1,15,20,20,True,0,0.0,0.0,0.16112515805281938,0,0.0,1.6870073962499998,
Qwen2.5-Coder-14B,vectorization,Qwen2.5-Coder-14B / vectorization (noise-implicit),3,0.1,15,20,20,True,0,0.0,0.0,0.16112515805281938,0,0.0,0.3726400626,
Qwen2.5-Coder-7B,guided,Qwen2.5-Coder-7B / guided (noise-adapted),3,0.1,15,20,20,True,0,0.0,0.0,0.16112515805281938,0,0.0,5.238478648299999,
Qwen2.5-Coder-32B,guided,Qwen2.5-Coder-32B / guided (noise-implicit),3,0.1,15,20,20,True,0,0.0,0.0,0.16112515805281938,2,0.1,0.0499712908,
Qwen2.5-Coder-7B,thinking,Qwen2.5-Coder-7B / thinking (noise-adapted),3,0.1,15,20,20,True,0,0.0,0.0,0.16112515805281938,0,0.0,25.3516898047,
Qwen2.5-Coder-32B,vectorization,Qwen2.5-Coder-32B / vectorization (noise-implicit),3,0.1,15,20,20,True,3,0.15,0.052368745896216595,0.36041886474075696,17,0.85,0.00018606275,29485.0
Qwen2.5-Coder-7B,vectorization,Qwen2.5-Coder-7B / vectorization (noise-adapted),3,0.1,15,20,20,True,0,0.0,0.0,0.16112515805281938,0,0.0,19.658193504849997,
Qwen2.5-Coder-7B,vectorization,Qwen2.5-Coder-7B / vectorization (noise-implicit),3,0.1,15,20,20,True,7,0.35,0.1811918241010821,0.5671457233147637,7,0.35,0.99673079625,9645.0
Qwen2.5-Coder-32B,vectorization,Qwen2.5-Coder-32B / vectorization (noise-adapted),3,0.1,15,20,20,True,0,0.0,0.0,0.16112515805281938,0,0.0,1.9305697796499999,
Qwen2.5-Coder-7B,guided,Qwen2.5-Coder-7B / guided (noise-implicit),3,0.1,15,20,20,True,0,0.0,0.0,0.16112515805281938,0,0.0,45.097552074199996,
Qwen2.5-Coder-32B,guided,Qwen2.5-Coder-32B / guided (noise-adapted),3,0.1,15,20,20,True,0,0.0,0.0,0.16112515805281938,0,0.0,34.68973383865,
Qwen2.5-Coder-7B,baseline,Qwen2.5-Coder-7B / baseline (noise-adapted),3,0.1,15,20,20,True,0,0.0,0.0,0.16112515805281938,0,0.0,23.4820192743,
Qwen2.5-Coder-14B,thinking,Qwen2.5-Coder-14B / thinking (noise-implicit),3,0.1,15,20,20,True,0,0.0,0.0,0.16112515805281938,2,0.1,0.51645326105,
Qwen2.5-Coder-14B,baseline,Qwen2.5-Coder-14B / baseline (noise-implicit),3,0.1,15,20,20,True,0,0.0,0.0,0.16112515805281938,0,0.0,1.0276020938000001,
Qwen2.5-Coder-14B,baseline,Qwen2.5-Coder-14B / baseline (noise-adapted),3,0.1,15,20,20,True,0,0.0,0.0,0.16112515805281938,0,0.0,1.2070706066,
Qwen2.5-Coder-14B,vectorization,Qwen2.5-Coder-14B / vectorization (noise-adapted),3,0.1,15,20,20,True,0,0.0,0.0,0.16112515805281938,0,0.0,12.3560297663,
Qwen2.5-Coder-7B,baseline,Qwen2.5-Coder-7B / baseline (noise-implicit),3,0.1,15,20,20,True,0,0.0,0.0,0.16112515805281938,1,0.05,8.068607568400001,
Qwen2.5-Coder-7B,thinking,Qwen2.5-Coder-7B / thinking (noise-implicit),3,0.1,15,20,20,True,0,0.0,0.0,0.16112515805281938,0,0.0,7.405721425299999,
Qwen2.5-Coder-32B,baseline,Qwen2.5-Coder-32B / baseline (noise-adapted),3,0.1,15,20,20,True,0,0.0,0.0,0.16112515805281938,0,0.0,9.51176633925,
Qwen2.5-Coder-32B,thinking,Qwen2.5-Coder-32B / thinking (noise-adapted),3,0.1,15,20,20,True,0,0.0,0.0,0.16112515805281938,0,0.0,21.3939336029,
Qwen2.5-Coder-14B,guided,Qwen2.5-Coder-14B / guided (noise-implicit),3,0.1,15,20,20,True,0,0.0,0.0,0.16112515805281938,0,0.0,1.39722835495,
Qwen2.5-Coder-14B,guided,Qwen2.5-Coder-14B / guided (noise-adapted),3,0.1,15,20,20,True,0,0.0,0.0,0.16112515805281938,1,0.05,2.0019543996499998,
Qwen2.5-Coder-14B,thinking,Qwen2.5-Coder-14B / thinking (noise-adapted),3,0.1,21,20,20,True,17,0.85,0.6395811352592431,0.9476312541037835,17,0.85,3e-10,21808.0
Qwen2.5-Coder-32B,thinking,Qwen2.5-Coder-32B / thinking (noise-implicit),3,0.1,21,20,20,True,2,0.1,0.027866481213768224,0.3010336452284873,13,0.65,6.749999999999999e-08,22522.0
Qwen2.5-Coder-32B,baseline,Qwen2.5-Coder-32B / baseline (noise-implicit),3,0.1,21,20,20,True,20,1.0,0.8388748419471806,1.0,20,1.0,0.0,12523.5
Qwen2.5-Coder-14B,vectorization,Qwen2.5-Coder-14B / vectorization (noise-implicit),3,0.1,21,20,20,True,0,0.0,0.0,0.16112515805281938,20,1.0,2.3530449999999998e-05,
Qwen2.5-Coder-7B,guided,Qwen2.5-Coder-7B / guided (noise-adapted),3,0.1,21,20,20,True,0,0.0,0.0,0.16112515805281938,2,0.1,0.7482201721999999,
Qwen2.5-Coder-32B,guided,Qwen2.5-Coder-32B / guided (noise-implicit),3,0.1,21,20,20,True,2,0.1,0.027866481213768224,0.3010336452284873,14,0.7,0.00042609505,26963.0
Qwen2.5-Coder-7B,thinking,Qwen2.5-Coder-7B / thinking (noise-adapted),3,0.1,21,20,20,True,0,0.0,0.0,0.16112515805281938,5,0.25,0.03684624185,
Qwen2.5-Coder-32B,vectorization,Qwen2.5-Coder-32B / vectorization (noise-implicit),3,0.1,21,20,20,True,0,0.0,0.0,0.16112515805281938,12,0.6,0.00844468375,
Qwen2.5-Coder-7B,vectorization,Qwen2.5-Coder-7B / vectorization (noise-adapted),3,0.1,21,20,20,True,0,0.0,0.0,0.16112515805281938,1,0.05,1.53877053795,
Qwen2.5-Coder-7B,vectorization,Qwen2.5-Coder-7B / vectorization (noise-implicit),3,0.1,21,20,20,True,14,0.7,0.4810271816464765,0.8545227551323956,14,0.7,0.0,781.5
Qwen2.5-Coder-32B,vectorization,Qwen2.5-Coder-32B / vectorization (noise-adapted),3,0.1,21,20,20,True,9,0.45,0.2581978582556243,0.6579146575496577,10,0.5,0.35134060110000004,7121.0
Qwen2.5-Coder-7B,guided,Qwen2.5-Coder-7B / guided (noise-implicit),3,0.1,21,20,20,True,7,0.35,0.1811918241010821,0.5671457233147637,20,1.0,1.2099999999999999e-08,20871.0
Qwen2.5-Coder-32B,guided,Qwen2.5-Coder-32B / guided (noise-adapted),3,0.1,21,20,20,True,0,0.0,0.0,0.16112515805281938,0,0.0,1.73667670235,
Qwen2.5-Coder-7B,baseline,Qwen2.5-Coder-7B / baseline (noise-adapted),3,0.1,21,20,20,True,0,0.0,0.0,0.16112515805281938,11,0.55,0.0006614171499999999,
Qwen2.5-Coder-14B,thinking,Qwen2.5-Coder-14B / thinking (noise-implicit),3,0.1,21,20,20,True,2,0.1,0.027866481213768224,0.3010336452284873,9,0.45,0.6922541465000001,23442.0
Qwen2.5-Coder-14B,baseline,Qwen2.5-Coder-14B / baseline (noise-implicit),3,0.1,21,20,20,True,16,0.8,0.5839825677481064,0.919342337420202,16,0.8,0.0,8683.5
Qwen2.5-Coder-14B,baseline,Qwen2.5-Coder-14B / baseline (noise-adapted),3,0.1,21,20,20,True,0,0.0,0.0,0.16112515805281938,3,0.15,0.4243692435,
Qwen2.5-Coder-14B,vectorization,Qwen2.5-Coder-14B / vectorization (noise-adapted),3,0.1,21,20,20,True,9,0.45,0.2581978582556243,0.6579146575496577,9,0.45,0.6918794132,9947.0
Qwen2.5-Coder-7B,baseline,Qwen2.5-Coder-7B / baseline (noise-implicit),3,0.1,21,20,20,True,0,0.0,0.0,0.16112515805281938,0,0.0,21.314442094649998,
Qwen2.5-Coder-7B,thinking,Qwen2.5-Coder-7B / thinking (noise-implicit),3,0.1,21,20,20,True,0,0.0,0.0,0.16112515805281938,19,0.95,8.067499999999999e-07,
Qwen2.5-Coder-32B,baseline,Qwen2.5-Coder-32B / baseline (noise-adapted),3,0.1,21,20,20,True,0,0.0,0.0,0.16112515805281938,12,0.6,0.0011554744,
Qwen2.5-Coder-32B,thinking,Qwen2.5-Coder-32B / thinking (noise-adapted),3,0.1,21,20,20,True,19,0.95,0.763868806553258,0.9911185511992047,19,0.95,0.0,10041.0
Qwen2.5-Coder-14B,guided,Qwen2.5-Coder-14B / guided (noise-implicit),3,0.1,21,20,20,True,0,0.0,0.0,0.16112515805281938,0,0.0,5.2134918502000005,
Qwen2.5-Coder-14B,guided,Qwen2.5-Coder-14B / guided (noise-adapted),3,0.1,21,20,20,True,15,0.75,0.531299122381256,0.8881382985923343,15,0.75,0.0,3452.0
Qwen2.5-Coder-14B,thinking,Qwen2.5-Coder-14B / thinking (noise-adapted),3,0.1,11,20,20,True,0,0.0,0.0,0.16112515805281938,0,0.0,5.66049086485,
Qwen2.5-Coder-32B,thinking,Qwen2.5-Coder-32B / thinking (noise-implicit),3,0.1,11,20,20,True,0,0.0,0.0,0.16112515805281938,0,0.0,2.4174565451,
Qwen2.5-Coder-32B,baseline,Qwen2.5-Coder-32B / baseline (noise-implicit),3,0.1,11,2,20,False,0,0.0,0.0,0.6576197724933469,0,0.0,11.34520053515,
Qwen2.5-Coder-14B,vectorization,Qwen2.5-Coder-14B / vectorization (noise-implicit),3,0.1,11,20,20,True,20,1.0,0.8388748419471806,1.0,20,1.0,0.0,3799.5
Qwen2.5-Coder-7B,guided,Qwen2.5-Coder-7B / guided (noise-adapted),3,0.1,11,20,20,True,0,0.0,0.0,0.16112515805281938,0,0.0,3.4413892153,
Qwen2.5-Coder-32B,guided,Qwen2.5-Coder-32B / guided (noise-implicit),3,0.1,11,20,20,True,0,0.0,0.0,0.16112515805281938,0,0.0,19.3913319017,
Qwen2.5-Coder-7B,thinking,Qwen2.5-Coder-7B / thinking (noise-adapted),3,0.1,11,20,20,True,0,0.0,0.0,0.16112515805281938,0,0.0,2026.2198231905,
Qwen2.5-Coder-32B,vectorization,Qwen2.5-Coder-32B / vectorization (noise-implicit),3,0.1,11,20,20,True,0,0.0,0.0,0.16112515805281938,0,0.0,9.341141819,
Qwen2.5-Coder-7B,vectorization,Qwen2.5-Coder-7B / vectorization (noise-adapted),3,0.1,11,20,20,True,0,0.0,0.0,0.16112515805281938,0,0.0,0.8426327182,
Qwen2.5-Coder-7B,vectorization,Qwen2.5-Coder-7B / vectorization (noise-implicit),3,0.1,11,20,20,True,0,0.0,0.0,0.16112515805281938,0,0.0,2.2775671163,
Qwen2.5-Coder-32B,vectorization,Qwen2.5-Coder-32B / vectorization (noise-adapted),3,0.1,11,20,20,True,0,0.0,0.0,0.16112515805281938,20,1.0,1.27675e-06,
Qwen2.5-Coder-7B,guided,Qwen2.5-Coder-7B / guided (noise-implicit),3,0.1,11,20,20,True,0,0.0,0.0,0.16112515805281938,0,0.0,9.203284705400002,
Qwen2.5-Coder-32B,guided,Qwen2.5-Coder-32B / guided (noise-adapted),3,0.1,11,20,20,True,0,0.0,0.0,0.16112515805281938,0,0.0,7.78663486745,
Qwen2.5-Coder-7B,baseline,Qwen2.5-Coder-7B / baseline (noise-adapted),3,0.1,11,20,20,True,0,0.0,0.0,0.16112515805281938,0,0.0,5.7607531015,
Qwen2.5-Coder-14B,thinking,Qwen2.5-Coder-14B / thinking (noise-implicit),3,0.1,11,20,20,True,0,0.0,0.0,0.16112515805281938,0,0.0,1.06792016675,
Qwen2.5-Coder-14B,baseline,Qwen2.5-Coder-14B / baseline (noise-implicit),3,0.1,11,20,20,True,20,1.0,0.8388748419471806,1.0,20,1.0,0.0,12811.0
Qwen2.5-Coder-14B,baseline,Qwen2.5-Coder-14B / baseline (noise-adapted),3,0.1,11,20,20,True,0,0.0,0.0,0.16112515805281938,0,0.0,12.25307378925,
Qwen2.5-Coder-14B,vectorization,Qwen2.5-Coder-14B / vectorization (noise-adapted),3,0.1,11,20,20,True,0,0.0,0.0,0.16112515805281938,0,0.0,11.371736816,
Qwen2.5-Coder-7B,baseline,Qwen2.5-Coder-7B / baseline (noise-implicit),3,0.1,11,20,20,True,0,0.0,0.0,0.16112515805281938,0,0.0,84.40853872485,
Qwen2.5-Coder-7B,thinking,Qwen2.5-Coder-7B / thinking (noise-implicit),3,0.1,11,20,20,True,0,0.0,0.0,0.16112515805281938,0,0.0,12.39565518535,
Qwen2.5-Coder-32B,baseline,Qwen2.5-Coder-32B / baseline (noise-adapted),3,0.1,11,20,20,True,0,0.0,0.0,0.16112515805281938,0,0.0,0.13536392325000002,
Qwen2.5-Coder-32B,thinking,Qwen2.5-Coder-32B / thinking (noise-adapted),3,0.1,11,20,20,True,0,0.0,0.0,0.16112515805281938,0,0.0,8.6978492392,
Qwen2.5-Coder-14B,guided,Qwen2.5-Coder-14B / guided (noise-implicit),3,0.1,11,20,20,True,0,0.0,0.0,0.16112515805281938,1,0.05,0.16706954925,
Qwen2.5-Coder-14B,guided,Qwen2.5-Coder-14B / guided (noise-adapted),3,0.1,11,20,20,True,20,1.0,0.8388748419471806,1.0,20,1.0,0.0,2734.0
Qwen2.5-Coder-14B,thinking,Qwen2.5-Coder-14B / thinking (noise-adapted),3,0.05,8,20,20,True,0,0.0,0.0,0.16112515805281938,9,0.45,0.012699918250000001,
Qwen2.5-Coder-32B,thinking,Qwen2.5-Coder-32B / thinking (noise-implicit),3,0.05,8,20,20,True,0,0.0,0.0,0.16112515805281938,0,0.0,0.45203230315,
Qwen2.5-Coder-32B,baseline,Qwen2.5-Coder-32B / baseline (noise-implicit),3,0.05,8,20,20,True,0,0.0,0.0,0.16112515805281938,0,0.0,0.2106267453,
Qwen2.5-Coder-14B,vectorization,Qwen2.5-Coder-14B / vectorization (noise-implicit),3,0.05,8,20,20,True,0,0.0,0.0,0.16112515805281938,12,0.6,0.00211374245,
Qwen2.5-Coder-7B,guided,Qwen2.5-Coder-7B / guided (noise-adapted),3,0.05,8,20,20,True,0,0.0,0.0,0.16112515805281938,0,0.0,99.19815257635,
Qwen2.5-Coder-7B,baseline,Qwen2.5-Coder-7B / baseline,3,0.05,8,20,20,True,0,0.0,0.0,0.16112515805281938,0,0.0,3.70445660925,
Qwen2.5-Coder-32B,guided,Qwen2.5-Coder-32B / guided (noise-implicit),3,0.05,8,20,20,True,0,0.0,0.0,0.16112515805281938,5,0.25,0.01822753655,
Qwen2.5-Coder-7B,thinking,Qwen2.5-Coder-7B / thinking (noise-adapted),3,0.05,8,20,20,True,0,0.0,0.0,0.16112515805281938,0,0.0,5.7522893154,
Qwen2.5-Coder-32B,vectorization,Qwen2.5-Coder-32B / vectorization (noise-implicit),3,0.05,8,20,20,True,0,0.0,0.0,0.16112515805281938,3,0.15,0.057908527700000004,
Qwen2.5-Coder-7B,vectorization,Qwen2.5-Coder-7B / vectorization (noise-adapted),3,0.05,8,20,20,True,0,0.0,0.0,0.16112515805281938,0,0.0,0.8707169728999999,
Qwen2.5-Coder-7B,vectorization,Qwen2.5-Coder-7B / vectorization (noise-implicit),3,0.05,8,20,20,True,0,0.0,0.0,0.16112515805281938,0,0.0,0.2824774644,
Qwen2.5-Coder-32B,vectorization,Qwen2.5-Coder-32B / vectorization (noise-adapted),3,0.05,8,20,20,True,0,0.0,0.0,0.16112515805281938,0,0.0,1.63744742985,
Qwen2.5-Coder-7B,guided,Qwen2.5-Coder-7B / guided (noise-implicit),3,0.05,8,20,20,True,0,0.0,0.0,0.16112515805281938,0,0.0,2.20481151585,
Qwen2.5-Coder-32B,guided,Qwen2.5-Coder-32B / guided (noise-adapted),3,0.05,8,20,20,True,0,0.0,0.0,0.16112515805281938,12,0.6,0.00279352405,
Qwen2.5-Coder-7B,baseline,Qwen2.5-Coder-7B / baseline (noise-adapted),3,0.05,8,20,20,True,0,0.0,0.0,0.16112515805281938,0,0.0,5.10126365115,
Qwen2.5-Coder-14B,thinking,Qwen2.5-Coder-14B / thinking,3,0.05,8,20,20,True,0,0.0,0.0,0.16112515805281938,0,0.0,1.54359572355,
Qwen2.5-Coder-14B,thinking,Qwen2.5-Coder-14B / thinking (noise-implicit),3,0.05,8,20,20,True,0,0.0,0.0,0.16112515805281938,0,0.0,4971.90515421525,
Qwen2.5-Coder-14B,baseline,Qwen2.5-Coder-14B / baseline (noise-implicit),3,0.05,8,20,20,True,16,0.8,0.5839825677481064,0.919342337420202,20,1.0,5e-10,26847.0
Qwen2.5-Coder-3B,vectorization,Qwen2.5-Coder-3B / vectorization (noise-adapted),3,0.05,8,2,20,False,0,0.0,0.0,0.6576197724933469,0,0.0,130153.8723461965,
Qwen2.5-Coder-14B,baseline,Qwen2.5-Coder-14B / baseline (noise-adapted),3,0.05,8,20,20,True,0,0.0,0.0,0.16112515805281938,11,0.55,0.00572378005,
Qwen2.5-Coder-3B,thinking,Qwen2.5-Coder-3B / thinking,3,0.05,8,20,20,True,0,0.0,0.0,0.16112515805281938,0,0.0,12580.08797254055,
Qwen2.5-Coder-7B,guided,Qwen2.5-Coder-7B / guided,3,0.05,8,20,20,True,0,0.0,0.0,0.16112515805281938,0,0.0,124.98454435675,
Qwen2.5-Coder-14B,vectorization,Qwen2.5-Coder-14B / vectorization (noise-adapted),3,0.05,8,20,20,True,0,0.0,0.0,0.16112515805281938,0,0.0,0.08162756865,
Qwen2.5-Coder-3B,thinking,Qwen2.5-Coder-3B / thinking (noise-adapted),3,0.05,8,20,20,True,0,0.0,0.0,0.16112515805281938,0,0.0,24999.94410539745,
Qwen2.5-Coder-7B,baseline,Qwen2.5-Coder-7B / baseline (noise-implicit),3,0.05,8,20,20,True,0,0.0,0.0,0.16112515805281938,0,0.0,10.4865603659,
Qwen2.5-Coder-7B,thinking,Qwen2.5-Coder-7B / thinking (noise-implicit),3,0.05,8,20,20,True,0,0.0,0.0,0.16112515805281938,0,0.0,0.23669833305,
Qwen2.5-Coder-32B,baseline,Qwen2.5-Coder-32B / baseline (noise-adapted),3,0.05,8,20,20,True,0,0.0,0.0,0.16112515805281938,0,0.0,2.2882237764499997,
Qwen2.5-Coder-14B,baseline,Qwen2.5-Coder-14B / baseline,3,0.05,8,20,20,True,0,0.0,0.0,0.16112515805281938,0,0.0,0.75338210535,
Qwen2.5-Coder-7B,vectorization,Qwen2.5-Coder-7B / vectorization,3,0.05,8,20,20,True,0,0.0,0.0,0.16112515805281938,0,0.0,1.6320825001,
Qwen2.5-Coder-14B,vectorization,Qwen2.5-Coder-14B / vectorization,3,0.05,8,20,20,True,0,0.0,0.0,0.16112515805281938,0,0.0,0.28698625025,
Qwen2.5-Coder-32B,thinking,Qwen2.5-Coder-32B / thinking (noise-adapted),3,0.05,8,20,20,True,8,0.4,0.21880653237281708,0.6134184992377468,17,0.85,3.99e-08,24223.5
Qwen2.5-Coder-14B,guided,Qwen2.5-Coder-14B / guided (noise-implicit),3,0.05,8,20,20,True,12,0.6,0.38658150076225317,0.7811934676271829,20,1.0,1.5e-10,23532.5
Qwen2.5-Coder-7B,thinking,Qwen2.5-Coder-7B / thinking,3,0.05,8,20,20,True,0,0.0,0.0,0.16112515805281938,0,0.0,3.24500287305,
Qwen2.5-Coder-3B,vectorization,Qwen2.5-Coder-3B / vectorization,3,0.05,8,2,20,False,0,0.0,0.0,0.6576197724933469,0,0.0,115615.938828663,
Qwen2.5-Coder-14B,guided,Qwen2.5-Coder-14B / guided (noise-adapted),3,0.05,8,20,20,True,0,0.0,0.0,0.16112515805281938,0,0.0,1428.15909079665,
Qwen2.5-Coder-14B,guided,Qwen2.5-Coder-14B / guided,3,0.05,8,20,20,True,0,0.0,0.0,0.16112515805281938,0,0.0,0.2583028637,
Qwen2.5-Coder-14B,thinking,Qwen2.5-Coder-14B / thinking (noise-adapted),3,0.05,1,20,20,True,0,0.0,0.0,0.16112515805281938,20,1.0,5.2677700000000006e-05,
Qwen2.5-Coder-32B,thinking,Qwen2.5-Coder-32B / thinking (noise-implicit),3,0.05,1,20,20,True,0,0.0,0.0,0.16112515805281938,20,1.0,0.0001436796,
Qwen2.5-Coder-32B,baseline,Qwen2.5-Coder-32B / baseline (noise-implicit),3,0.05,1,20,20,True,3,0.15,0.052368745896216595,0.36041886474075696,20,1.0,1.6020000000000002e-07,28641.0
Qwen2.5-Coder-14B,vectorization,Qwen2.5-Coder-14B / vectorization (noise-implicit),3,0.05,1,20,20,True,20,1.0,0.8388748419471806,1.0,20,1.0,0.0,10264.5
Qwen2.5-Coder-7B,guided,Qwen2.5-Coder-7B / guided (noise-adapted),3,0.05,1,20,20,True,0,0.0,0.0,0.16112515805281938,20,1.0,1.90584e-05,
Qwen2.5-Coder-3B,guided,Qwen2.5-Coder-3B / guided (noise-adapted),3,0.05,1,20,20,True,0,0.0,0.0,0.16112515805281938,4,0.2,0.1589398218,
Qwen2.5-Coder-7B,baseline,Qwen2.5-Coder-7B / baseline,3,0.05,1,20,20,True,20,1.0,0.8388748419471806,1.0,20,1.0,0.0,1097.0
Qwen2.5-Coder-32B,guided,Qwen2.5-Coder-32B / guided (noise-implicit),3,0.05,1,20,20,True,20,1.0,0.8388748419471806,1.0,20,1.0,0.0,22148.5
Qwen2.5-Coder-7B,thinking,Qwen2.5-Coder-7B / thinking (noise-adapted),3,0.05,1,20,20,True,0,0.0,0.0,0.16112515805281938,5,0.25,0.0872352992,
Qwen2.5-Coder-32B,vectorization,Qwen2.5-Coder-32B / vectorization (noise-implicit),3,0.05,1,20,20,True,0,0.0,0.0,0.16112515805281938,20,1.0,5.6885e-07,
Qwen2.5-Coder-7B,vectorization,Qwen2.5-Coder-7B / vectorization (noise-adapted),3,0.05,1,20,20,True,0,0.0,0.0,0.16112515805281938,2,0.1,0.07129715710000001,
Qwen2.5-Coder-7B,vectorization,Qwen2.5-Coder-7B / vectorization (noise-implicit),3,0.05,1,20,20,True,0,0.0,0.0,0.16112515805281938,5,0.25,0.01799797675,
Qwen2.5-Coder-32B,vectorization,Qwen2.5-Coder-32B / vectorization (noise-adapted),3,0.05,1,20,20,True,20,1.0,0.8388748419471806,1.0,20,1.0,0.0,12281.0
Qwen2.5-Coder-7B,guided,Qwen2.5-Coder-7B / guided (noise-implicit),3,0.05,1,20,20,True,0,0.0,0.0,0.16112515805281938,1,0.05,0.0753234756,
Qwen2.5-Coder-32B,guided,Qwen2.5-Coder-32B / guided (noise-adapted),3,0.05,1,20,20,True,0,0.0,0.0,0.16112515805281938,6,0.3,0.0120649149,
Qwen2.5-Coder-3B,guided,Qwen2.5-Coder-3B / guided,3,0.05,1,20,20,True,0,0.0,0.0,0.16112515805281938,3,0.15,0.21722046374999998,
Qwen2.5-Coder-7B,baseline,Qwen2.5-Coder-7B / baseline (noise-adapted),3,0.05,1,20,20,True,20,1.0,0.8388748419471806,1.0,20,1.0,0.0,1070.5
Qwen2.5-Coder-14B,thinking,Qwen2.5-Coder-14B / thinking,3,0.05,1,20,20,True,0,0.0,0.0,0.16112515805281938,0,0.0,4.876540466550001,
Qwen2.5-Coder-14B,thinking,Qwen2.5-Coder-14B / thinking (noise-implicit),3,0.05,1,20,20,True,0,0.0,0.0,0.16112515805281938,20,1.0,1.26475e-06,
Qwen2.5-Coder-14B,baseline,Qwen2.5-Coder-14B / baseline (noise-implicit),3,0.05,1,20,20,True,6,0.3,0.1454772448676043,0.5189728183535235,19,0.95,6.448785e-05,6683.0
Qwen2.5-Coder-14B,baseline,Qwen2.5-Coder-14B / baseline (noise-adapted),3,0.05,1,20,20,True,20,1.0,0.8388748419471806,1.0,20,1.0,0.0,4527.0
Qwen2.5-Coder-3B,baseline,Qwen2.5-Coder-3B / baseline,3,0.05,1,2,20,False,0,0.0,0.0,0.6576197724933469,0,0.0,2.5540615406500002,
Qwen2.5-Coder-7B,guided,Qwen2.5-Coder-7B / guided,3,0.05,1,20,20,True,0,0.0,0.0,0.16112515805281938,20,1.0,1.305325e-05,
Qwen2.5-Coder-14B,vectorization,Qwen2.5-Coder-14B / vectorization (noise-adapted),3,0.05,1,20,20,True,20,1.0,0.8388748419471806,1.0,20,1.0,0.0,14666.0
Qwen2.5-Coder-7B,baseline,Qwen2.5-Coder-7B / baseline (noise-implicit),3,0.05,1,20,20,True,10,0.5,0.29929800819821234,0.7007019918017876,19,0.95,2.42545e-06,2090.5
Qwen2.5-Coder-7B,thinking,Qwen2.5-Coder-7B / thinking (noise-implicit),3,0.05,1,20,20,True,20,1.0,0.8388748419471806,1.0,20,1.0,2e-10,22942.5
Qwen2.5-Coder-32B,baseline,Qwen2.5-Coder-32B / baseline (noise-adapted),3,0.05,1,20,20,True,0,0.0,0.0,0.16112515805281938,20,1.0,0.0002461091,
Qwen2.5-Coder-14B,baseline,Qwen2.5-Coder-14B / baseline,3,0.05,1,20,20,True,0,0.0,0.0,0.16112515805281938,20,1.0,4.980095e-05,
Qwen2.5-Coder-7B,vectorization,Qwen2.5-Coder-7B / vectorization,3,0.05,1,20,20,True,0,0.0,0.0,0.16112515805281938,2,0.1,0.08637637245,
Qwen2.5-Coder-14B,vectorization,Qwen2.5-Coder-14B / vectorization,3,0.05,1,20,20,True,0,0.0,0.0,0.16112515805281938,20,1.0,1.831e-07,
Qwen2.5-Coder-32B,thinking,Qwen2.5-Coder-32B / thinking (noise-adapted),3,0.05,1,20,20,True,0,0.0,0.0,0.16112515805281938,4,0.2,0.01413604295,
Qwen2.5-Coder-14B,guided,Qwen2.5-Coder-14B / guided (noise-implicit),3,0.05,1,20,20,True,0,0.0,0.0,0.16112515805281938,3,0.15,0.03566474705,
Qwen2.5-Coder-3B,baseline,Qwen2.5-Coder-3B / baseline (noise-adapted),3,0.05,1,2,20,False,0,0.0,0.0,0.6576197724933469,0,0.0,3.6257241761500003,
Qwen2.5-Coder-7B,thinking,Qwen2.5-Coder-7B / thinking,3,0.05,1,20,20,True,0,0.0,0.0,0.16112515805281938,3,0.15,0.20155613755000001,
Qwen2.5-Coder-14B,guided,Qwen2.5-Coder-14B / guided (noise-adapted),3,0.05,1,20,20,True,20,1.0,0.8388748419471806,1.0,20,1.0,0.0,8975.5
Qwen2.5-Coder-14B,guided,Qwen2.5-Coder-14B / guided,3,0.05,1,20,20,True,20,1.0,0.8388748419471806,1.0,20,1.0,0.0,8438.0
Qwen2.5-Coder-14B,thinking,Qwen2.5-Coder-14B / thinking (noise-adapted),3,0.05,15,20,20,True,0,0.0,0.0,0.16112515805281938,0,0.0,1.4082815619,
Qwen2.5-Coder-32B,thinking,Qwen2.5-Coder-32B / thinking (noise-implicit),3,0.05,15,20,20,True,0,0.0,0.0,0.16112515805281938,2,0.1,0.65703550355,
Qwen2.5-Coder-32B,baseline,Qwen2.5-Coder-32B / baseline (noise-implicit),3,0.05,15,20,20,True,0,0.0,0.0,0.16112515805281938,0,0.0,4.9777990473500004,
Qwen2.5-Coder-14B,vectorization,Qwen2.5-Coder-14B / vectorization (noise-implicit),3,0.05,15,20,20,True,19,0.95,0.763868806553258,0.9911185511992047,19,0.95,0.0,12290.0
Qwen2.5-Coder-7B,guided,Qwen2.5-Coder-7B / guided (noise-adapted),3,0.05,15,20,20,True,0,0.0,0.0,0.16112515805281938,0,0.0,33.5608493117,
Qwen2.5-Coder-3B,guided,Qwen2.5-Coder-3B / guided (noise-adapted),3,0.05,15,2,20,False,0,0.0,0.0,0.6576197724933469,0,0.0,23.87417194295,
Qwen2.5-Coder-7B,baseline,Qwen2.5-Coder-7B / baseline,3,0.05,15,20,20,True,0,0.0,0.0,0.16112515805281938,1,0.05,1.5099471327499998,
Qwen2.5-Coder-32B,guided,Qwen2.5-Coder-32B / guided (noise-implicit),3,0.05,15,20,20,True,0,0.0,0.0,0.16112515805281938,0,0.0,0.84267200935,
Qwen2.5-Coder-7B,thinking,Qwen2.5-Coder-7B / thinking (noise-adapted),3,0.05,15,20,20,True,0,0.0,0.0,0.16112515805281938,0,0.0,4.6392890882,
Qwen2.5-Coder-32B,vectorization,Qwen2.5-Coder-32B / vectorization (noise-implicit),3,0.05,15,20,20,True,0,0.0,0.0,0.16112515805281938,0,0.0,1.6685123765,
Qwen2.5-Coder-7B,vectorization,Qwen2.5-Coder-7B / vectorization (noise-adapted),3,0.05,15,20,20,True,0,0.0,0.0,0.16112515805281938,0,0.0,3.77835529775,
Qwen2.5-Coder-7B,vectorization,Qwen2.5-Coder-7B / vectorization (noise-implicit),3,0.05,15,20,20,True,0,0.0,0.0,0.16112515805281938,0,0.0,19.93829842285,
Qwen2.5-Coder-32B,vectorization,Qwen2.5-Coder-32B / vectorization (noise-adapted),3,0.05,15,20,20,True,0,0.0,0.0,0.16112515805281938,0,0.0,3.1938510845,
Qwen2.5-Coder-7B,guided,Qwen2.5-Coder-7B / guided (noise-implicit),3,0.05,15,20,20,True,0,0.0,0.0,0.16112515805281938,0,0.0,4.9584068648,
Qwen2.5-Coder-32B,guided,Qwen2.5-Coder-32B / guided (noise-adapted),3,0.05,15,20,20,True,0,0.0,0.0,0.16112515805281938,0,0.0,2.03522688785,
Qwen2.5-Coder-3B,guided,Qwen2.5-Coder-3B / guided,3,0.05,15,2,20,False,0,0.0,0.0,0.6576197724933469,0,0.0,41.76173286075,
Qwen2.5-Coder-7B,baseline,Qwen2.5-Coder-7B / baseline (noise-adapted),3,0.05,15,20,20,True,0,0.0,0.0,0.16112515805281938,0,0.0,2.0197409027999997,
Qwen2.5-Coder-14B,thinking,Qwen2.5-Coder-14B / thinking,3,0.05,15,20,20,True,0,0.0,0.0,0.16112515805281938,0,0.0,8.02601670765,
Qwen2.5-Coder-14B,thinking,Qwen2.5-Coder-14B / thinking (noise-implicit),3,0.05,15,20,20,True,0,0.0,0.0,0.16112515805281938,0,0.0,1.32537104745,
Qwen2.5-Coder-14B,baseline,Qwen2.5-Coder-14B / baseline (noise-implicit),3,0.05,15,20,20,True,0,0.0,0.0,0.16112515805281938,0,0.0,2.0342068599000003,
Qwen2.5-Coder-14B,baseline,Qwen2.5-Coder-14B / baseline (noise-adapted),3,0.05,15,20,20,True,5,0.25,0.11186170140766566,0.46870087761874407,5,0.25,0.995067798,10350.0
Qwen2.5-Coder-3B,thinking,Qwen2.5-Coder-3B / thinking,3,0.05,15,20,20,True,0,0.0,0.0,0.16112515805281938,0,0.0,123.4475133029,
Qwen2.5-Coder-3B,baseline,Qwen2.5-Coder-3B / baseline,3,0.05,15,2,20,False,0,0.0,0.0,0.6576197724933469,0,0.0,119.79203368565,
Qwen2.5-Coder-7B,guided,Qwen2.5-Coder-7B / guided,3,0.05,15,20,20,True,0,0.0,0.0,0.16112515805281938,0,0.0,28.8123872721,
Qwen2.5-Coder-14B,vectorization,Qwen2.5-Coder-14B / vectorization (noise-adapted),3,0.05,15,20,20,True,0,0.0,0.0,0.16112515805281938,0,0.0,2.14429869565,
Qwen2.5-Coder-3B,thinking,Qwen2.5-Coder-3B / thinking (noise-adapted),3,0.05,15,20,20,True,0,0.0,0.0,0.16112515805281938,0,0.0,76.16447719595001,
Qwen2.5-Coder-7B,baseline,Qwen2.5-Coder-7B / baseline (noise-implicit),3,0.05,15,20,20,True,0,0.0,0.0,0.16112515805281938,0,0.0,4.261424132949999,
Qwen2.5-Coder-7B,thinking,Qwen2.5-Coder-7B / thinking (noise-implicit),3,0.05,15,20,20,True,0,0.0,0.0,0.16112515805281938,2,0.1,1.0246271138,
Qwen2.5-Coder-32B,baseline,Qwen2.5-Coder-32B / baseline (noise-adapted),3,0.05,15,20,20,True,0,0.0,0.0,0.16112515805281938,0,0.0,4.644426366199999,
Qwen2.5-Coder-14B,baseline,Qwen2.5-Coder-14B / baseline,3,0.05,15,20,20,True,0,0.0,0.0,0.16112515805281938,0,0.0,2.2800104364,
Qwen2.5-Coder-7B,vectorization,Qwen2.5-Coder-7B / vectorization,3,0.05,15,20,20,True,0,0.0,0.0,0.16112515805281938,0,0.0,3.5663533024,
Qwen2.5-Coder-14B,vectorization,Qwen2.5-Coder-14B / vectorization,3,0.05,15,20,20,True,0,0.0,0.0,0.16112515805281938,0,0.0,9.8365451512,
Qwen2.5-Coder-32B,thinking,Qwen2.5-Coder-32B / thinking (noise-adapted),3,0.05,15,2,20,False,0,0.0,0.0,0.6576197724933469,0,0.0,3.1337355431500002,
Qwen2.5-Coder-14B,guided,Qwen2.5-Coder-14B / guided (noise-implicit),3,0.05,15,20,20,True,11,0.55,0.3420853424503424,0.7418021417443758,11,0.55,0.0,8301.0
Qwen2.5-Coder-3B,baseline,Qwen2.5-Coder-3B / baseline (noise-adapted),3,0.05,15,2,20,False,0,0.0,0.0,0.6576197724933469,0,0.0,78.24530315390001,
Qwen2.5-Coder-7B,thinking,Qwen2.5-Coder-7B / thinking,3,0.05,15,20,20,True,0,0.0,0.0,0.16112515805281938,0,0.0,2.37914831675,
Qwen2.5-Coder-14B,guided,Qwen2.5-Coder-14B / guided (noise-adapted),3,0.05,15,20,20,True,0,0.0,0.0,0.16112515805281938,0,0.0,11.6613292937,
Qwen2.5-Coder-14B,guided,Qwen2.5-Coder-14B / guided,3,0.05,15,20,20,True,0,0.0,0.0,0.16112515805281938,0,0.0,9.7377057347,
Qwen2.5-Coder-14B,thinking,Qwen2.5-Coder-14B / thinking (noise-adapted),3,0.05,21,20,20,True,3,0.15,0.052368745896216595,0.36041886474075696,12,0.6,3.159e-07,18278.0
Qwen2.5-Coder-32B,thinking,Qwen2.5-Coder-32B / thinking (noise-implicit),3,0.05,21,20,20,True,16,0.8,0.5839825677481064,0.919342337420202,17,0.85,0.0,9176.0
Qwen2.5-Coder-32B,baseline,Qwen2.5-Coder-32B / baseline (noise-implicit),3,0.05,21,20,20,True,20,1.0,0.8388748419471806,1.0,20,1.0,7.999999999999999e-10,9409.5
Qwen2.5-Coder-14B,vectorization,Qwen2.5-Coder-14B / vectorization (noise-implicit),3,0.05,21,20,20,True,20,1.0,0.8388748419471806,1.0,20,1.0,0.0,4761.0
Qwen2.5-Coder-7B,guided,Qwen2.5-Coder-7B / guided (noise-adapted),3,0.05,21,20,20,True,0,0.0,0.0,0.16112515805281938,1,0.05,1.2618472813500001,
Qwen2.5-Coder-7B,baseline,Qwen2.5-Coder-7B / baseline,3,0.05,21,20,20,True,0,0.0,0.0,0.16112515805281938,3,0.15,0.74874369735,
Qwen2.5-Coder-32B,guided,Qwen2.5-Coder-32B / guided (noise-implicit),3,0.05,21,20,20,True,0,0.0,0.0,0.16112515805281938,0,0.0,0.1460550295,
Qwen2.5-Coder-7B,thinking,Qwen2.5-Coder-7B / thinking (noise-adapted),3,0.05,21,20,20,True,1,0.05,0.008881448800795402,0.23613119344674205,3,0.15,1.7885215739,22876.0
Qwen2.5-Coder-32B,vectorization,Qwen2.5-Coder-32B / vectorization (noise-implicit),3,0.05,21,20,20,True,16,0.8,0.5839825677481064,0.919342337420202,16,0.8,0.0,5803.5
Qwen2.5-Coder-7B,vectorization,Qwen2.5-Coder-7B / vectorization (noise-adapted),3,0.05,21,20,20,True,0,0.0,0.0,0.16112515805281938,7,0.35,0.04729628425,
Qwen2.5-Coder-7B,vectorization,Qwen2.5-Coder-7B / vectorization (noise-implicit),3,0.05,21,20,20,True,0,0.0,0.0,0.16112515805281938,16,0.8,0.0031487862,
Qwen2.5-Coder-32B,vectorization,Qwen2.5-Coder-32B / vectorization (noise-adapted),3,0.05,21,5,20,False,0,0.0,0.0,0.43448246478317476,4,0.8,8.808e-07,
Qwen2.5-Coder-7B,guided,Qwen2.5-Coder-7B / guided (noise-implicit),3,0.05,21,20,20,True,4,0.2,0.08065766257979806,0.41601743225189364,20,1.0,0.00010646305,18300.0
Qwen2.5-Coder-32B,guided,Qwen2.5-Coder-32B / guided (noise-adapted),3,0.05,21,20,20,True,0,0.0,0.0,0.16112515805281938,0,0.0,1.15234805575,
Qwen2.5-Coder-7B,baseline,Qwen2.5-Coder-7B / baseline (noise-adapted),3,0.05,21,20,20,True,0,0.0,0.0,0.16112515805281938,1,0.05,0.48689019245,
Qwen2.5-Coder-14B,thinking,Qwen2.5-Coder-14B / thinking,3,0.05,21,20,20,True,0,0.0,0.0,0.16112515805281938,6,0.3,0.9402123537,
Qwen2.5-Coder-14B,thinking,Qwen2.5-Coder-14B / thinking (noise-implicit),3,0.05,21,20,20,True,7,0.35,0.1811918241010821,0.5671457233147637,20,1.0,2.015e-08,12563.0
Qwen2.5-Coder-14B,baseline,Qwen2.5-Coder-14B / baseline (noise-implicit),3,0.05,21,20,20,True,0,0.0,0.0,0.16112515805281938,20,1.0,2.915915e-05,
Qwen2.5-Coder-14B,baseline,Qwen2.5-Coder-14B / baseline (noise-adapted),3,0.05,21,20,20,True,0,0.0,0.0,0.16112515805281938,0,0.0,0.9030337626,
Qwen2.5-Coder-3B,thinking,Qwen2.5-Coder-3B / thinking,3,0.05,21,20,20,True,2,0.1,0.027866481213768224,0.3010336452284873,6,0.3,1.40583633355,15072.0
Qwen2.5-Coder-3B,baseline,Qwen2.5-Coder-3B / baseline,3,0.05,21,20,20,True,0,0.0,0.0,0.16112515805281938,14,0.7,3.33825e-06,
Qwen2.5-Coder-7B,guided,Qwen2.5-Coder-7B / guided,3,0.05,21,20,20,True,0,0.0,0.0,0.16112515805281938,2,0.1,1.1128987912500001,
Qwen2.5-Coder-14B,vectorization,Qwen2.5-Coder-14B / vectorization (noise-adapted),3,0.05,21,20,20,True,8,0.4,0.21880653237281708,0.6134184992377468,8,0.4,0.93004270135,9778.0
Qwen2.5-Coder-3B,thinking,Qwen2.5-Coder-3B / thinking (noise-adapted),3,0.05,21,20,20,True,1,0.05,0.008881448800795402,0.23613119344674205,6,0.3,1.592379794,5547.0
Qwen2.5-Coder-7B,baseline,Qwen2.5-Coder-7B / baseline (noise-implicit),3,0.05,21,20,20,True,0,0.0,0.0,0.16112515805281938,4,0.2,1.24675175365,
Qwen2.5-Coder-7B,thinking,Qwen2.5-Coder-7B / thinking (noise-implicit),3,0.05,21,20,20,True,14,0.7,0.4810271816464765,0.8545227551323956,14,0.7,0.0,4877.0
Qwen2.5-Coder-32B,baseline,Qwen2.5-Coder-32B / baseline (noise-adapted),3,0.05,21,20,20,True,0,0.0,0.0,0.16112515805281938,4,0.2,0.03672385785,
Qwen2.5-Coder-14B,baseline,Qwen2.5-Coder-14B / baseline,3,0.05,21,20,20,True,0,0.0,0.0,0.16112515805281938,4,0.2,0.052261124500000006,
Qwen2.5-Coder-7B,vectorization,Qwen2.5-Coder-7B / vectorization,3,0.05,21,20,20,True,0,0.0,0.0,0.16112515805281938,11,0.55,0.00425190695,
Qwen2.5-Coder-14B,vectorization,Qwen2.5-Coder-14B / vectorization,3,0.05,21,20,20,True,0,0.0,0.0,0.16112515805281938,1,0.05,0.12556775879999998,
Qwen2.5-Coder-32B,thinking,Qwen2.5-Coder-32B / thinking (noise-adapted),3,0.05,21,20,20,True,0,0.0,0.0,0.16112515805281938,0,0.0,0.21323574725,
Qwen2.5-Coder-14B,guided,Qwen2.5-Coder-14B / guided (noise-implicit),3,0.05,21,20,20,True,2,0.1,0.027866481213768224,0.3010336452284873,5,0.25,1.85861579135,1305.0
Qwen2.5-Coder-3B,baseline,Qwen2.5-Coder-3B / baseline (noise-adapted),3,0.05,21,20,20,True,1,0.05,0.008881448800795402,0.23613119344674205,18,0.9,2.8352e-06,8567.0
Qwen2.5-Coder-7B,thinking,Qwen2.5-Coder-7B / thinking,3,0.05,21,20,20,True,0,0.0,0.0,0.16112515805281938,3,0.15,0.85248832535,
Qwen2.5-Coder-14B,guided,Qwen2.5-Coder-14B / guided (noise-adapted),3,0.05,21,20,20,True,0,0.0,0.0,0.16112515805281938,2,0.1,1.3518699135499999,
Qwen2.5-Coder-14B,guided,Qwen2.5-Coder-14B / guided,3,0.05,21,20,20,True,0,0.0,0.0,0.16112515805281938,9,0.45,0.013782641,
Qwen2.5-Coder-14B,thinking,Qwen2.5-Coder-14B / thinking (noise-adapted),3,0.05,11,20,20,True,0,0.0,0.0,0.16112515805281938,1,0.05,2.0616432427499998,
Qwen2.5-Coder-32B,thinking,Qwen2.5-Coder-32B / thinking (noise-implicit),3,0.05,11,20,20,True,12,0.6,0.38658150076225317,0.7811934676271829,20,1.0,6.65e-09,28383.5
Qwen2.5-Coder-32B,baseline,Qwen2.5-Coder-32B / baseline (noise-implicit),3,0.05,11,20,20,True,0,0.0,0.0,0.16112515805281938,11,0.55,0.0093283334,
Qwen2.5-Coder-14B,vectorization,Qwen2.5-Coder-14B / vectorization (noise-implicit),3,0.05,11,20,20,True,0,0.0,0.0,0.16112515805281938,0,0.0,0.5014332776,
Qwen2.5-Coder-7B,guided,Qwen2.5-Coder-7B / guided (noise-adapted),3,0.05,11,20,20,True,0,0.0,0.0,0.16112515805281938,0,0.0,1.11851572655,
Qwen2.5-Coder-7B,baseline,Qwen2.5-Coder-7B / baseline,3,0.05,11,20,20,True,0,0.0,0.0,0.16112515805281938,0,0.0,4.2294786219,
Qwen2.5-Coder-32B,guided,Qwen2.5-Coder-32B / guided (noise-implicit),3,0.05,11,20,20,True,0,0.0,0.0,0.16112515805281938,7,0.35,0.011971389999999998,
Qwen2.5-Coder-7B,thinking,Qwen2.5-Coder-7B / thinking (noise-adapted),3,0.05,11,20,20,True,0,0.0,0.0,0.16112515805281938,0,0.0,3.69432665395,
Qwen2.5-Coder-32B,vectorization,Qwen2.5-Coder-32B / vectorization (noise-implicit),3,0.05,11,20,20,True,0,0.0,0.0,0.16112515805281938,8,0.4,0.01204280125,
Qwen2.5-Coder-7B,vectorization,Qwen2.5-Coder-7B / vectorization (noise-adapted),3,0.05,11,20,20,True,0,0.0,0.0,0.16112515805281938,0,0.0,31.9785646379,
Qwen2.5-Coder-7B,vectorization,Qwen2.5-Coder-7B / vectorization (noise-implicit),3,0.05,11,20,20,True,0,0.0,0.0,0.16112515805281938,0,0.0,0.4996553372,
Qwen2.5-Coder-32B,vectorization,Qwen2.5-Coder-32B / vectorization (noise-adapted),3,0.05,11,20,20,True,0,0.0,0.0,0.16112515805281938,0,0.0,3.38283025035,
Qwen2.5-Coder-7B,guided,Qwen2.5-Coder-7B / guided (noise-implicit),3,0.05,11,20,20,True,0,0.0,0.0,0.16112515805281938,8,0.4,0.0127234669,
Qwen2.5-Coder-32B,guided,Qwen2.5-Coder-32B / guided (noise-adapted),3,0.05,11,20,20,True,0,0.0,0.0,0.16112515805281938,0,0.0,0.6240723098500001,
Qwen2.5-Coder-7B,baseline,Qwen2.5-Coder-7B / baseline (noise-adapted),3,0.05,11,20,20,True,0,0.0,0.0,0.16112515805281938,0,0.0,5.6009690864,
Qwen2.5-Coder-14B,thinking,Qwen2.5-Coder-14B / thinking,3,0.05,11,20,20,True,0,0.0,0.0,0.16112515805281938,0,0.0,6.7191501771999995,
Qwen2.5-Coder-14B,thinking,Qwen2.5-Coder-14B / thinking (noise-implicit),3,0.05,11,20,20,True,0,0.0,0.0,0.16112515805281938,0,0.0,6.5134717883,
Qwen2.5-Coder-14B,baseline,Qwen2.5-Coder-14B / baseline (noise-implicit),3,0.05,11,20,20,True,0,0.0,0.0,0.16112515805281938,10,0.5,0.08380774005,
Qwen2.5-Coder-14B,baseline,Qwen2.5-Coder-14B / baseline (noise-adapted),3,0.05,11,20,20,True,0,0.0,0.0,0.16112515805281938,0,0.0,9.486821608149999,
Qwen2.5-Coder-3B,thinking,Qwen2.5-Coder-3B / thinking,3,0.05,11,20,20,True,0,0.0,0.0,0.16112515805281938,0,0.0,305.49541851575,
Qwen2.5-Coder-3B,baseline,Qwen2.5-Coder-3B / baseline,3,0.05,11,2,20,False,0,0.0,0.0,0.6576197724933469,0,0.0,12466257.165129192,
Qwen2.5-Coder-7B,guided,Qwen2.5-Coder-7B / guided,3,0.05,11,20,20,True,0,0.0,0.0,0.16112515805281938,0,0.0,0.7918320320500001,
Qwen2.5-Coder-14B,vectorization,Qwen2.5-Coder-14B / vectorization (noise-adapted),3,0.05,11,20,20,True,0,0.0,0.0,0.16112515805281938,1,0.05,0.12036971404999999,
Qwen2.5-Coder-3B,thinking,Qwen2.5-Coder-3B / thinking (noise-adapted),3,0.05,11,20,20,True,0,0.0,0.0,0.16112515805281938,0,0.0,104.84302776685001,
Qwen2.5-Coder-7B,baseline,Qwen2.5-Coder-7B / baseline (noise-implicit),3,0.05,11,20,20,True,0,0.0,0.0,0.16112515805281938,0,0.0,30.02774038925,
Qwen2.5-Coder-7B,thinking,Qwen2.5-Coder-7B / thinking (noise-implicit),3,0.05,11,20,20,True,0,0.0,0.0,0.16112515805281938,0,0.0,12.15589392135,
Qwen2.5-Coder-32B,baseline,Qwen2.5-Coder-32B / baseline (noise-adapted),3,0.05,11,20,20,True,0,0.0,0.0,0.16112515805281938,0,0.0,6.3682583556,
Qwen2.5-Coder-14B,baseline,Qwen2.5-Coder-14B / baseline,3,0.05,11,20,20,True,0,0.0,0.0,0.16112515805281938,0,0.0,16.4854545665,
Qwen2.5-Coder-7B,vectorization,Qwen2.5-Coder-7B / vectorization,3,0.05,11,20,20,True,0,0.0,0.0,0.16112515805281938,0,0.0,18.075159672250003,
Qwen2.5-Coder-14B,vectorization,Qwen2.5-Coder-14B / vectorization,3,0.05,11,30,20,True,0,0.0,0.0,0.11351339317396876,0,0.0,9.2582993473,
Qwen2.5-Coder-32B,thinking,Qwen2.5-Coder-32B / thinking (noise-adapted),3,0.05,11,20,20,True,0,0.0,0.0,0.16112515805281938,0,0.0,6.6547266444,
Qwen2.5-Coder-14B,guided,Qwen2.5-Coder-14B / guided (noise-implicit),3,0.05,11,20,20,True,16,0.8,0.5839825677481064,0.919342337420202,16,0.8,0.0,15692.5
Qwen2.5-Coder-3B,baseline,Qwen2.5-Coder-3B / baseline (noise-adapted),3,0.05,11,2,20,False,0,0.0,0.0,0.6576197724933469,0,0.0,24659385.271397978,
Qwen2.5-Coder-7B,thinking,Qwen2.5-Coder-7B / thinking,3,0.05,11,20,20,True,0,0.0,0.0,0.16112515805281938,0,0.0,8.1706901815,
Qwen2.5-Coder-14B,guided,Qwen2.5-Coder-14B / guided (noise-adapted),3,0.05,11,20,20,True,0,0.0,0.0,0.16112515805281938,0,0.0,3.2030711462,
Qwen2.5-Coder-14B,guided,Qwen2.5-Coder-14B / guided,3,0.05,11,20,20,True,0,0.0,0.0,0.16112515805281938,0,0.0,0.7300804401000001,
Qwen2.5-Coder-14B,thinking,Qwen2.5-Coder-14B / thinking (noise-adapted),10,0.2,8,20,20,True,0,0.0,0.0,0.16112515805281938,0,0.0,12.93157384425,
Qwen2.5-Coder-32B,thinking,Qwen2.5-Coder-32B / thinking (noise-implicit),10,0.2,8,20,20,True,0,0.0,0.0,0.16112515805281938,0,0.0,9.1532148337,
Qwen2.5-Coder-32B,baseline,Qwen2.5-Coder-32B / baseline (noise-implicit),10,0.2,8,20,20,True,0,0.0,0.0,0.16112515805281938,0,0.0,8.5949174415,
Qwen2.5-Coder-14B,vectorization,Qwen2.5-Coder-14B / vectorization (noise-implicit),10,0.2,8,20,20,True,0,0.0,0.0,0.16112515805281938,0,0.0,5.5637180708,
Qwen2.5-Coder-7B,guided,Qwen2.5-Coder-7B / guided (noise-adapted),10,0.2,8,20,20,True,0,0.0,0.0,0.16112515805281938,0,0.0,8566.84202460695,
Qwen2.5-Coder-32B,guided,Qwen2.5-Coder-32B / guided (noise-implicit),10,0.2,8,20,20,True,0,0.0,0.0,0.16112515805281938,0,0.0,12.0442883482,
Qwen2.5-Coder-7B,thinking,Qwen2.5-Coder-7B / thinking (noise-adapted),10,0.2,8,20,20,True,0,0.0,0.0,0.16112515805281938,0,0.0,1783.4589133519999,
Qwen2.5-Coder-32B,vectorization,Qwen2.5-Coder-32B / vectorization (noise-implicit),10,0.2,8,20,20,True,0,0.0,0.0,0.16112515805281938,0,0.0,11.6010602089,
Qwen2.5-Coder-7B,vectorization,Qwen2.5-Coder-7B / vectorization (noise-adapted),10,0.2,8,20,20,True,0,0.0,0.0,0.16112515805281938,0,0.0,11128.933952941501,
Qwen2.5-Coder-7B,vectorization,Qwen2.5-Coder-7B / vectorization (noise-implicit),10,0.2,8,20,20,True,0,0.0,0.0,0.16112515805281938,0,0.0,3.8414190058,
Qwen2.5-Coder-32B,vectorization,Qwen2.5-Coder-32B / vectorization (noise-adapted),10,0.2,8,20,20,True,0,0.0,0.0,0.16112515805281938,0,0.0,6.542573883399999,
Qwen2.5-Coder-7B,guided,Qwen2.5-Coder-7B / guided (noise-implicit),10,0.2,8,20,20,True,0,0.0,0.0,0.16112515805281938,0,0.0,953.37457838265,
Qwen2.5-Coder-32B,guided,Qwen2.5-Coder-32B / guided (noise-adapted),10,0.2,8,20,20,True,0,0.0,0.0,0.16112515805281938,0,0.0,588.3080638581,
Qwen2.5-Coder-7B,baseline,Qwen2.5-Coder-7B / baseline (noise-adapted),10,0.2,8,20,20,True,0,0.0,0.0,0.16112515805281938,0,0.0,203.44128518410002,
Qwen2.5-Coder-14B,thinking,Qwen2.5-Coder-14B / thinking (noise-implicit),10,0.2,8,20,20,True,0,0.0,0.0,0.16112515805281938,0,0.0,12.4526096771,
Qwen2.5-Coder-14B,baseline,Qwen2.5-Coder-14B / baseline (noise-implicit),10,0.2,8,20,20,True,0,0.0,0.0,0.16112515805281938,0,0.0,12.557875662899999,
Qwen2.5-Coder-14B,baseline,Qwen2.5-Coder-14B / baseline (noise-adapted),10,0.2,8,2,20,False,0,0.0,0.0,0.6576197724933469,0,0.0,13278.0966862857,
Qwen2.5-Coder-14B,vectorization,Qwen2.5-Coder-14B / vectorization (noise-adapted),10,0.2,8,20,20,True,0,0.0,0.0,0.16112515805281938,0,0.0,13.48256905365,
Qwen2.5-Coder-7B,baseline,Qwen2.5-Coder-7B / baseline (noise-implicit),10,0.2,8,2,20,False,0,0.0,0.0,0.6576197724933469,0,0.0,8.82245948905,
Qwen2.5-Coder-7B,thinking,Qwen2.5-Coder-7B / thinking (noise-implicit),10,0.2,8,20,20,True,0,0.0,0.0,0.16112515805281938,0,0.0,104.82585906975,
Qwen2.5-Coder-32B,baseline,Qwen2.5-Coder-32B / baseline (noise-adapted),10,0.2,8,20,20,True,0,0.0,0.0,0.16112515805281938,0,0.0,8.9109173934,
Qwen2.5-Coder-32B,thinking,Qwen2.5-Coder-32B / thinking (noise-adapted),10,0.2,8,20,20,True,0,0.0,0.0,0.16112515805281938,0,0.0,21.27431379495,
Qwen2.5-Coder-14B,guided,Qwen2.5-Coder-14B / guided (noise-implicit),10,0.2,8,20,20,True,0,0.0,0.0,0.16112515805281938,0,0.0,22840.645460787,
Qwen2.5-Coder-14B,guided,Qwen2.5-Coder-14B / guided (noise-adapted),10,0.2,8,20,20,True,0,0.0,0.0,0.16112515805281938,0,0.0,4487.08892505205,
Qwen2.5-Coder-14B,thinking,Qwen2.5-Coder-14B / thinking (noise-adapted),10,0.2,1,20,20,True,0,0.0,0.0,0.16112515805281938,17,0.85,4.3289e-06,
Qwen2.5-Coder-32B,thinking,Qwen2.5-Coder-32B / thinking (noise-implicit),10,0.2,1,20,20,True,20,1.0,0.8388748419471806,1.0,20,1.0,0.0,37186.0
Qwen2.5-Coder-32B,baseline,Qwen2.5-Coder-32B / baseline (noise-implicit),10,0.2,1,20,20,True,0,0.0,0.0,0.16112515805281938,0,0.0,6.6157781914000005,
Qwen2.5-Coder-14B,vectorization,Qwen2.5-Coder-14B / vectorization (noise-implicit),10,0.2,1,20,20,True,0,0.0,0.0,0.16112515805281938,0,0.0,0.10652212745,
Qwen2.5-Coder-7B,guided,Qwen2.5-Coder-7B / guided (noise-adapted),10,0.2,1,20,20,True,0,0.0,0.0,0.16112515805281938,0,0.0,30.2626059309,
Qwen2.5-Coder-32B,guided,Qwen2.5-Coder-32B / guided (noise-implicit),10,0.2,1,20,20,True,0,0.0,0.0,0.16112515805281938,0,0.0,0.0482392636,
Qwen2.5-Coder-7B,thinking,Qwen2.5-Coder-7B / thinking (noise-adapted),10,0.2,1,20,20,True,0,0.0,0.0,0.16112515805281938,0,0.0,27.06918699135,
Qwen2.5-Coder-32B,vectorization,Qwen2.5-Coder-32B / vectorization (noise-implicit),10,0.2,1,20,20,True,0,0.0,0.0,0.16112515805281938,20,1.0,0.00041796810000000004,
Qwen2.5-Coder-7B,vectorization,Qwen2.5-Coder-7B / vectorization (noise-adapted),10,0.2,1,20,20,True,0,0.0,0.0,0.16112515805281938,0,0.0,0.43775038850000003,
Qwen2.5-Coder-7B,vectorization,Qwen2.5-Coder-7B / vectorization (noise-implicit),10,0.2,1,20,20,True,0,0.0,0.0,0.16112515805281938,0,0.0,28.45267097875,
Qwen2.5-Coder-32B,vectorization,Qwen2.5-Coder-32B / vectorization (noise-adapted),10,0.2,1,20,20,True,5,0.25,0.11186170140766566,0.46870087761874407,20,1.0,1.2070000000000002e-07,85861.0
Qwen2.5-Coder-7B,guided,Qwen2.5-Coder-7B / guided (noise-implicit),10,0.2,1,20,20,True,0,0.0,0.0,0.16112515805281938,0,0.0,11.125651853699999,
Qwen2.5-Coder-32B,guided,Qwen2.5-Coder-32B / guided (noise-adapted),10,0.2,1,20,20,True,20,1.0,0.8388748419471806,1.0,20,1.0,0.0,45745.5
Qwen2.5-Coder-7B,baseline,Qwen2.5-Coder-7B / baseline (noise-adapted),10,0.2,1,20,20,True,0,0.0,0.0,0.16112515805281938,0,0.0,13.631552905349999,
Qwen2.5-Coder-14B,thinking,Qwen2.5-Coder-14B / thinking (noise-implicit),10,0.2,1,20,20,True,0,0.0,0.0,0.16112515805281938,20,1.0,0.0027204738,
Qwen2.5-Coder-14B,baseline,Qwen2.5-Coder-14B / baseline (noise-implicit),10,0.2,1,20,20,True,4,0.2,0.08065766257979806,0.41601743225189364,20,1.0,8.220000000000001e-08,95821.0
Qwen2.5-Coder-14B,baseline,Qwen2.5-Coder-14B / baseline (noise-adapted),10,0.2,1,2,20,False,0,0.0,0.0,0.6576197724933469,0,0.0,106.47440136485,
Qwen2.5-Coder-14B,vectorization,Qwen2.5-Coder-14B / vectorization (noise-adapted),10,0.2,1,20,20,True,0,0.0,0.0,0.16112515805281938,0,0.0,26.40972241465,
Qwen2.5-Coder-7B,baseline,Qwen2.5-Coder-7B / baseline (noise-implicit),10,0.2,1,20,20,True,0,0.0,0.0,0.16112515805281938,20,1.0,9.2045e-06,
Qwen2.5-Coder-7B,thinking,Qwen2.5-Coder-7B / thinking (noise-implicit),10,0.2,1,20,20,True,0,0.0,0.0,0.16112515805281938,0,0.0,11.981839469650001,
Qwen2.5-Coder-32B,baseline,Qwen2.5-Coder-32B / baseline (noise-adapted),10,0.2,1,20,20,True,18,0.9,0.6989663547715128,0.9721335187862319,20,1.0,0.0,66796.0
Qwen2.5-Coder-32B,thinking,Qwen2.5-Coder-32B / thinking (noise-adapted),10,0.2,1,20,20,True,20,1.0,0.8388748419471806,1.0,20,1.0,0.0,77848.5
Qwen2.5-Coder-14B,guided,Qwen2.5-Coder-14B / guided (noise-implicit),10,0.2,1,20,20,True,20,1.0,0.8388748419471806,1.0,20,1.0,0.0,20921.5
Qwen2.5-Coder-14B,guided,Qwen2.5-Coder-14B / guided (noise-adapted),10,0.2,1,20,20,True,0,0.0,0.0,0.16112515805281938,0,0.0,0.3777854988,
Qwen2.5-Coder-14B,thinking,Qwen2.5-Coder-14B / thinking (noise-adapted),10,0.2,15,20,20,True,0,0.0,0.0,0.16112515805281938,0,0.0,97.2422109672,
Qwen2.5-Coder-32B,thinking,Qwen2.5-Coder-32B / thinking (noise-implicit),10,0.2,15,20,20,True,0,0.0,0.0,0.16112515805281938,0,0.0,89.29996926485,
Qwen2.5-Coder-32B,baseline,Qwen2.5-Coder-32B / baseline (noise-implicit),10,0.2,15,20,20,True,0,0.0,0.0,0.16112515805281938,0,0.0,51.0946795958,
Qwen2.5-Coder-14B,vectorization,Qwen2.5-Coder-14B / vectorization (noise-implicit),10,0.2,15,20,20,True,0,0.0,0.0,0.16112515805281938,0,0.0,56.52827194535,
Qwen2.5-Coder-7B,guided,Qwen2.5-Coder-7B / guided (noise-adapted),10,0.2,15,20,20,True,0,0.0,0.0,0.16112515805281938,0,0.0,53.93801086835,
Qwen2.5-Coder-32B,guided,Qwen2.5-Coder-32B / guided (noise-implicit),10,0.2,15,20,20,True,0,0.0,0.0,0.16112515805281938,0,0.0,91.0684261262,
Qwen2.5-Coder-7B,thinking,Qwen2.5-Coder-7B / thinking (noise-adapted),10,0.2,15,20,20,True,0,0.0,0.0,0.16112515805281938,0,0.0,253.14192259305,
Qwen2.5-Coder-32B,vectorization,Qwen2.5-Coder-32B / vectorization (noise-implicit),10,0.2,15,20,20,True,0,0.0,0.0,0.16112515805281938,0,0.0,50.073388703199996,
Qwen2.5-Coder-7B,vectorization,Qwen2.5-Coder-7B / vectorization (noise-adapted),10,0.2,15,20,20,True,0,0.0,0.0,0.16112515805281938,0,0.0,165.27597261145002,
Qwen2.5-Coder-7B,vectorization,Qwen2.5-Coder-7B / vectorization (noise-implicit),10,0.2,15,20,20,True,0,0.0,0.0,0.16112515805281938,0,0.0,45.397146798150004,
Qwen2.5-Coder-32B,vectorization,Qwen2.5-Coder-32B / vectorization (noise-adapted),10,0.2,15,20,20,True,0,0.0,0.0,0.16112515805281938,0,0.0,91.5759805603,
Qwen2.5-Coder-7B,guided,Qwen2.5-Coder-7B / guided (noise-implicit),10,0.2,15,20,20,True,0,0.0,0.0,0.16112515805281938,0,0.0,148.32845158005,
Qwen2.5-Coder-32B,guided,Qwen2.5-Coder-32B / guided (noise-adapted),10,0.2,15,20,20,True,0,0.0,0.0,0.16112515805281938,0,0.0,33.922070416249994,
Qwen2.5-Coder-7B,baseline,Qwen2.5-Coder-7B / baseline (noise-adapted),10,0.2,15,20,20,True,0,0.0,0.0,0.16112515805281938,0,0.0,157.7836949427,
Qwen2.5-Coder-14B,thinking,Qwen2.5-Coder-14B / thinking (noise-implicit),10,0.2,15,20,20,True,0,0.0,0.0,0.16112515805281938,0,0.0,50.1858601311,
Qwen2.5-Coder-14B,baseline,Qwen2.5-Coder-14B / baseline (noise-implicit),10,0.2,15,20,20,True,0,0.0,0.0,0.16112515805281938,0,0.0,147.00482982120002,
Qwen2.5-Coder-14B,baseline,Qwen2.5-Coder-14B / baseline (noise-adapted),10,0.2,15,20,20,True,0,0.0,0.0,0.16112515805281938,0,0.0,32.149474725100006,
Qwen2.5-Coder-14B,vectorization,Qwen2.5-Coder-14B / vectorization (noise-adapted),10,0.2,15,20,20,True,0,0.0,0.0,0.16112515805281938,0,0.0,131.46549216835,
Qwen2.5-Coder-7B,baseline,Qwen2.5-Coder-7B / baseline (noise-implicit),10,0.2,15,20,20,True,0,0.0,0.0,0.16112515805281938,0,0.0,53.0620411114,
Qwen2.5-Coder-7B,thinking,Qwen2.5-Coder-7B / thinking (noise-implicit),10,0.2,15,20,20,True,0,0.0,0.0,0.16112515805281938,0,0.0,350.26564071760004,
Qwen2.5-Coder-32B,baseline,Qwen2.5-Coder-32B / baseline (noise-adapted),10,0.2,15,20,20,True,0,0.0,0.0,0.16112515805281938,0,0.0,48.2770049338,
Qwen2.5-Coder-32B,thinking,Qwen2.5-Coder-32B / thinking (noise-adapted),10,0.2,15,20,20,True,0,0.0,0.0,0.16112515805281938,0,0.0,92.49535639140001,
Qwen2.5-Coder-14B,guided,Qwen2.5-Coder-14B / guided (noise-implicit),10,0.2,15,20,20,True,0,0.0,0.0,0.16112515805281938,0,0.0,4.0638478901,
Qwen2.5-Coder-14B,guided,Qwen2.5-Coder-14B / guided (noise-adapted),10,0.2,15,20,20,True,0,0.0,0.0,0.16112515805281938,0,0.0,37.3748447124,
Qwen2.5-Coder-14B,thinking,Qwen2.5-Coder-14B / thinking (noise-adapted),10,0.2,21,20,20,True,0,0.0,0.0,0.16112515805281938,0,0.0,2.5587340037499997,
Qwen2.5-Coder-32B,thinking,Qwen2.5-Coder-32B / thinking (noise-implicit),10,0.2,21,20,20,True,0,0.0,0.0,0.16112515805281938,0,0.0,7.69107647365,
Qwen2.5-Coder-32B,baseline,Qwen2.5-Coder-32B / baseline (noise-implicit),10,0.2,21,20,20,True,9,0.45,0.2581978582556243,0.6579146575496577,9,0.45,0.1242500154,52391.0
Qwen2.5-Coder-14B,vectorization,Qwen2.5-Coder-14B / vectorization (noise-implicit),10,0.2,21,20,20,True,0,0.0,0.0,0.16112515805281938,7,0.35,1.53006944895,
Qwen2.5-Coder-7B,guided,Qwen2.5-Coder-7B / guided (noise-adapted),10,0.2,21,20,20,True,0,0.0,0.0,0.16112515805281938,0,0.0,38.506309856550004,
Qwen2.5-Coder-32B,guided,Qwen2.5-Coder-32B / guided (noise-implicit),10,0.2,21,20,20,True,0,0.0,0.0,0.16112515805281938,7,0.35,1.3776325521000001,
Qwen2.5-Coder-7B,thinking,Qwen2.5-Coder-7B / thinking (noise-adapted),10,0.2,21,20,20,True,0,0.0,0.0,0.16112515805281938,0,0.0,25.63713973035,
Qwen2.5-Coder-32B,vectorization,Qwen2.5-Coder-32B / vectorization (noise-implicit),10,0.2,21,20,20,True,0,0.0,0.0,0.16112515805281938,3,0.15,2.10714717615,
Qwen2.5-Coder-7B,vectorization,Qwen2.5-Coder-7B / vectorization (noise-adapted),10,0.2,21,20,20,True,0,0.0,0.0,0.16112515805281938,0,0.0,18.62277499465,
Qwen2.5-Coder-7B,vectorization,Qwen2.5-Coder-7B / vectorization (noise-implicit),10,0.2,21,20,20,True,0,0.0,0.0,0.16112515805281938,0,0.0,39.158921997600004,
Qwen2.5-Coder-32B,vectorization,Qwen2.5-Coder-32B / vectorization (noise-adapted),10,0.2,21,20,20,True,0,0.0,0.0,0.16112515805281938,0,0.0,11.2348943145,
Qwen2.5-Coder-7B,guided,Qwen2.5-Coder-7B / guided (noise-implicit),10,0.2,21,20,20,True,0,0.0,0.0,0.16112515805281938,0,0.0,8.48481857985,
Qwen2.5-Coder-32B,guided,Qwen2.5-Coder-32B / guided (noise-adapted),10,0.2,21,20,20,True,0,0.0,0.0,0.16112515805281938,0,0.0,67.55388537785001,
Qwen2.5-Coder-7B,baseline,Qwen2.5-Coder-7B / baseline (noise-adapted),10,0.2,21,20,20,True,0,0.0,0.0,0.16112515805281938,0,0.0,67.24724416769999,
Qwen2.5-Coder-14B,thinking,Qwen2.5-Coder-14B / thinking (noise-implicit),10,0.2,21,20,20,True,0,0.0,0.0,0.16112515805281938,0,0.0,70.6420454377,
Qwen2.5-Coder-14B,baseline,Qwen2.5-Coder-14B / baseline (noise-implicit),10,0.2,21,20,20,True,0,0.0,0.0,0.16112515805281938,1,0.05,1.2793957205,
Qwen2.5-Coder-14B,baseline,Qwen2.5-Coder-14B / baseline (noise-adapted),10,0.2,21,20,20,True,0,0.0,0.0,0.16112515805281938,2,0.1,2.4291720378,
Qwen2.5-Coder-14B,vectorization,Qwen2.5-Coder-14B / vectorization (noise-adapted),10,0.2,21,20,20,True,0,0.0,0.0,0.16112515805281938,0,0.0,6.705244930899999,
Qwen2.5-Coder-7B,baseline,Qwen2.5-Coder-7B / baseline (noise-implicit),10,0.2,21,20,20,True,0,0.0,0.0,0.16112515805281938,0,0.0,77.42153128625,
Qwen2.5-Coder-7B,thinking,Qwen2.5-Coder-7B / thinking (noise-implicit),10,0.2,21,20,20,True,0,0.0,0.0,0.16112515805281938,0,0.0,2.59219449165,
Qwen2.5-Coder-32B,baseline,Qwen2.5-Coder-32B / baseline (noise-adapted),10,0.2,21,20,20,True,0,0.0,0.0,0.16112515805281938,0,0.0,8.85319164195,
Qwen2.5-Coder-32B,thinking,Qwen2.5-Coder-32B / thinking (noise-adapted),10,0.2,21,20,20,True,0,0.0,0.0,0.16112515805281938,1,0.05,4.5719461382999995,
Qwen2.5-Coder-14B,guided,Qwen2.5-Coder-14B / guided (noise-implicit),10,0.2,21,20,20,True,1,0.05,0.008881448800795402,0.23613119344674205,1,0.05,1.30531731725,13799.0
Qwen2.5-Coder-14B,guided,Qwen2.5-Coder-14B / guided (noise-adapted),10,0.2,21,20,20,True,0,0.0,0.0,0.16112515805281938,4,0.2,2.0794596477500003,
Qwen2.5-Coder-14B,thinking,Qwen2.5-Coder-14B / thinking (noise-adapted),10,0.2,11,20,20,True,0,0.0,0.0,0.16112515805281938,0,0.0,48.81817166965,
Qwen2.5-Coder-32B,thinking,Qwen2.5-Coder-32B / thinking (noise-implicit),10,0.2,11,20,20,True,0,0.0,0.0,0.16112515805281938,0,0.0,39.2988881566,
Qwen2.5-Coder-32B,baseline,Qwen2.5-Coder-32B / baseline (noise-implicit),10,0.2,11,20,20,True,0,0.0,0.0,0.16112515805281938,2,0.1,0.04090576275,
Qwen2.5-Coder-14B,vectorization,Qwen2.5-Coder-14B / vectorization (noise-implicit),10,0.2,11,20,20,True,0,0.0,0.0,0.16112515805281938,0,0.0,45.569731841700005,
Qwen2.5-Coder-7B,guided,Qwen2.5-Coder-7B / guided (noise-adapted),10,0.2,11,20,20,True,0,0.0,0.0,0.16112515805281938,0,0.0,295.5846079323,
Qwen2.5-Coder-32B,guided,Qwen2.5-Coder-32B / guided (noise-implicit),10,0.2,11,20,20,True,3,0.15,0.052368745896216595,0.36041886474075696,3,0.15,6.6680849128999995,1026.0
Qwen2.5-Coder-7B,thinking,Qwen2.5-Coder-7B / thinking (noise-adapted),10,0.2,11,20,20,True,0,0.0,0.0,0.16112515805281938,0,0.0,668.63180309465,
Qwen2.5-Coder-32B,vectorization,Qwen2.5-Coder-32B / vectorization (noise-implicit),10,0.2,11,20,20,True,0,0.0,0.0,0.16112515805281938,0,0.0,32.9014928766,
Qwen2.5-Coder-7B,vectorization,Qwen2.5-Coder-7B / vectorization (noise-adapted),10,0.2,11,20,20,True,0,0.0,0.0,0.16112515805281938,0,0.0,60.5356125996,
Qwen2.5-Coder-7B,vectorization,Qwen2.5-Coder-7B / vectorization (noise-implicit),10,0.2,11,20,20,True,0,0.0,0.0,0.16112515805281938,0,0.0,78.04876185570001,
Qwen2.5-Coder-32B,vectorization,Qwen2.5-Coder-32B / vectorization (noise-adapted),10,0.2,11,20,20,True,0,0.0,0.0,0.16112515805281938,0,0.0,52.742463367499994,
Qwen2.5-Coder-7B,guided,Qwen2.5-Coder-7B / guided (noise-implicit),10,0.2,11,20,20,True,0,0.0,0.0,0.16112515805281938,0,0.0,0.6913342806,
Qwen2.5-Coder-32B,guided,Qwen2.5-Coder-32B / guided (noise-adapted),10,0.2,11,20,20,True,0,0.0,0.0,0.16112515805281938,0,0.0,28.3620254336,
Qwen2.5-Coder-7B,baseline,Qwen2.5-Coder-7B / baseline (noise-adapted),10,0.2,11,20,20,True,0,0.0,0.0,0.16112515805281938,0,0.0,592.5598417613,
Qwen2.5-Coder-14B,thinking,Qwen2.5-Coder-14B / thinking (noise-implicit),10,0.2,11,20,20,True,0,0.0,0.0,0.16112515805281938,0,0.0,0.1276779891,
Qwen2.5-Coder-14B,baseline,Qwen2.5-Coder-14B / baseline (noise-implicit),10,0.2,11,20,20,True,0,0.0,0.0,0.16112515805281938,0,0.0,43.05505091775,
Qwen2.5-Coder-14B,baseline,Qwen2.5-Coder-14B / baseline (noise-adapted),10,0.2,11,20,20,True,0,0.0,0.0,0.16112515805281938,0,0.0,77.28224842745,
Qwen2.5-Coder-14B,vectorization,Qwen2.5-Coder-14B / vectorization (noise-adapted),10,0.2,11,20,20,True,0,0.0,0.0,0.16112515805281938,0,0.0,35.461659857300006,
Qwen2.5-Coder-7B,baseline,Qwen2.5-Coder-7B / baseline (noise-implicit),10,0.2,11,20,20,True,0,0.0,0.0,0.16112515805281938,0,0.0,50.3245776889,
Qwen2.5-Coder-7B,thinking,Qwen2.5-Coder-7B / thinking (noise-implicit),10,0.2,11,20,20,True,0,0.0,0.0,0.16112515805281938,0,0.0,413.1915875849,
Qwen2.5-Coder-32B,baseline,Qwen2.5-Coder-32B / baseline (noise-adapted),10,0.2,11,20,20,True,0,0.0,0.0,0.16112515805281938,0,0.0,4.622150587,
Qwen2.5-Coder-32B,thinking,Qwen2.5-Coder-32B / thinking (noise-adapted),10,0.2,11,20,20,True,0,0.0,0.0,0.16112515805281938,0,0.0,14.254433985599999,
Qwen2.5-Coder-14B,guided,Qwen2.5-Coder-14B / guided (noise-implicit),10,0.2,11,20,20,True,0,0.0,0.0,0.16112515805281938,0,0.0,3.1027302483,
Qwen2.5-Coder-14B,guided,Qwen2.5-Coder-14B / guided (noise-adapted),10,0.2,11,20,20,True,0,0.0,0.0,0.16112515805281938,0,0.0,67.7223835536,
Qwen2.5-Coder-32B,thinking,Qwen2.5-Coder-32B / thinking (noise-implicit),10,0.0,8,20,20,True,0,0.0,0.0,0.16112515805281938,0,0.0,3.0221816825,
Qwen2.5-Coder-32B,baseline,Qwen2.5-Coder-32B / baseline (noise-implicit),10,0.0,8,20,20,True,17,0.85,0.6395811352592431,0.9476312541037835,20,1.0,3.1e-09,92963.0
Qwen2.5-Coder-14B,vectorization,Qwen2.5-Coder-14B / vectorization (noise-implicit),10,0.0,8,20,20,True,0,0.0,0.0,0.16112515805281938,6,0.3,0.01381965445,
Qwen2.5-Coder-32B,vectorization,Qwen2.5-Coder-32B / vectorization,10,0.0,8,20,20,True,2,0.1,0.027866481213768224,0.3010336452284873,9,0.45,0.08321521944999999,85794.0
Qwen2.5-Coder-7B,baseline,Qwen2.5-Coder-7B / baseline,10,0.0,8,20,20,True,0,0.0,0.0,0.16112515805281938,0,0.0,5.4497592683,
Qwen2.5-Coder-32B,guided,Qwen2.5-Coder-32B / guided (noise-implicit),10,0.0,8,20,20,True,7,0.35,0.1811918241010821,0.5671457233147637,14,0.7,1.86e-08,96725.0
Qwen2.5-Coder-32B,vectorization,Qwen2.5-Coder-32B / vectorization (noise-implicit),10,0.0,8,20,20,True,0,0.0,0.0,0.16112515805281938,0,0.0,6.93539713865,
Qwen2.5-Coder-32B,thinking,Qwen2.5-Coder-32B / thinking,10,0.0,8,20,20,True,0,0.0,0.0,0.16112515805281938,0,0.0,93.72951572265,
Qwen2.5-Coder-14B,thinking,Qwen2.5-Coder-14B / thinking,10,0.0,8,20,20,True,20,1.0,0.8388748419471806,1.0,20,1.0,0.0,80187.0
Qwen2.5-Coder-14B,thinking,Qwen2.5-Coder-14B / thinking (noise-implicit),10,0.0,8,20,20,True,0,0.0,0.0,0.16112515805281938,0,0.0,111416.7546299089,
Qwen2.5-Coder-14B,baseline,Qwen2.5-Coder-14B / baseline (noise-implicit),10,0.0,8,20,20,True,0,0.0,0.0,0.16112515805281938,3,0.15,0.0543973614,
Qwen2.5-Coder-7B,guided,Qwen2.5-Coder-7B / guided,10,0.0,8,20,20,True,16,0.8,0.5839825677481064,0.919342337420202,18,0.9,0.0,80773.0
Qwen2.5-Coder-14B,baseline,Qwen2.5-Coder-14B / baseline,10,0.0,8,20,20,True,0,0.0,0.0,0.16112515805281938,0,0.0,4.26655893535,
Qwen2.5-Coder-7B,vectorization,Qwen2.5-Coder-7B / vectorization,10,0.0,8,20,20,True,0,0.0,0.0,0.16112515805281938,0,0.0,122.61534971969999,
Qwen2.5-Coder-14B,vectorization,Qwen2.5-Coder-14B / vectorization,10,0.0,8,20,20,True,0,0.0,0.0,0.16112515805281938,3,0.15,1.8359369234000003,
Qwen2.5-Coder-14B,guided,Qwen2.5-Coder-14B / guided (noise-implicit),10,0.0,8,20,20,True,0,0.0,0.0,0.16112515805281938,0,0.0,14773.33309349765,
Qwen2.5-Coder-32B,baseline,Qwen2.5-Coder-32B / baseline,10,0.0,8,20,20,True,0,0.0,0.0,0.16112515805281938,0,0.0,783.6392800033,
Qwen2.5-Coder-7B,thinking,Qwen2.5-Coder-7B / thinking,10,0.0,8,20,20,True,0,0.0,0.0,0.16112515805281938,0,0.0,6.6973507666,
Qwen2.5-Coder-32B,guided,Qwen2.5-Coder-32B / guided,10,0.0,8,20,20,True,18,0.9,0.6989663547715128,0.9721335187862319,18,0.9,0.0,49723.0
Qwen2.5-Coder-14B,guided,Qwen2.5-Coder-14B / guided,10,0.0,8,20,20,True,0,0.0,0.0,0.16112515805281938,0,0.0,2786.928474808,
Qwen2.5-Coder-32B,thinking,Qwen2.5-Coder-32B / thinking (noise-implicit),10,0.0,1,20,20,True,20,1.0,0.8388748419471806,1.0,20,1.0,2e-10,83972.0
Qwen2.5-Coder-32B,baseline,Qwen2.5-Coder-32B / baseline (noise-implicit),10,0.0,1,20,20,True,20,1.0,0.8388748419471806,1.0,20,1.0,0.0,46246.0
Qwen2.5-Coder-14B,vectorization,Qwen2.5-Coder-14B / vectorization (noise-implicit),10,0.0,1,20,20,True,0,0.0,0.0,0.16112515805281938,0,0.0,0.67474618285,
Qwen2.5-Coder-32B,vectorization,Qwen2.5-Coder-32B / vectorization,10,0.0,1,20,20,True,0,0.0,0.0,0.16112515805281938,20,1.0,0.00028974800000000005,
Qwen2.5-Coder-7B,baseline,Qwen2.5-Coder-7B / baseline,10,0.0,1,20,20,True,8,0.4,0.21880653237281708,0.6134184992377468,8,0.4,1.35151136,3269.0
Qwen2.5-Coder-32B,guided,Qwen2.5-Coder-32B / guided (noise-implicit),10,0.0,1,20,20,True,20,1.0,0.8388748419471806,1.0,20,1.0,0.0,19091.0
Qwen2.5-Coder-32B,vectorization,Qwen2.5-Coder-32B / vectorization (noise-implicit),10,0.0,1,20,20,True,20,1.0,0.8388748419471806,1.0,20,1.0,0.0,8520.5
Qwen2.5-Coder-32B,thinking,Qwen2.5-Coder-32B / thinking,10,0.0,1,20,20,True,20,1.0,0.8388748419471806,1.0,20,1.0,0.0,11008.5
Qwen2.5-Coder-14B,thinking,Qwen2.5-Coder-14B / thinking,10,0.0,1,20,20,True,0,0.0,0.0,0.16112515805281938,18,0.9,3.063085e-05,
Qwen2.5-Coder-14B,thinking,Qwen2.5-Coder-14B / thinking (noise-implicit),10,0.0,1,20,20,True,20,1.0,0.8388748419471806,1.0,20,1.0,0.0,62552.0
Qwen2.5-Coder-14B,baseline,Qwen2.5-Coder-14B / baseline (noise-implicit),10,0.0,1,20,20,True,0,0.0,0.0,0.16112515805281938,20,1.0,7.3336e-06,
Qwen2.5-Coder-7B,guided,Qwen2.5-Coder-7B / guided,10,0.0,1,20,20,True,0,0.0,0.0,0.16112515805281938,20,1.0,5.2605e-07,
Qwen2.5-Coder-14B,baseline,Qwen2.5-Coder-14B / baseline,10,0.0,1,20,20,True,20,1.0,0.8388748419471806,1.0,20,1.0,0.0,16273.5
Qwen2.5-Coder-7B,vectorization,Qwen2.5-Coder-7B / vectorization,10,0.0,1,20,20,True,0,0.0,0.0,0.16112515805281938,0,0.0,30.53155483615,
Qwen2.5-Coder-14B,vectorization,Qwen2.5-Coder-14B / vectorization,10,0.0,1,20,20,True,20,1.0,0.8388748419471806,1.0,20,1.0,0.0,15027.5
Qwen2.5-Coder-14B,guided,Qwen2.5-Coder-14B / guided (noise-implicit),10,0.0,1,20,20,True,20,1.0,0.8388748419471806,1.0,20,1.0,0.0,25887.0
Qwen2.5-Coder-32B,baseline,Qwen2.5-Coder-32B / baseline,10,0.0,1,20,20,True,0,0.0,0.0,0.16112515805281938,0,0.0,19.603130113200002,
Qwen2.5-Coder-7B,thinking,Qwen2.5-Coder-7B / thinking,10,0.0,1,20,20,True,0,0.0,0.0,0.16112515805281938,0,0.0,22.790644659199998,
Qwen2.5-Coder-32B,guided,Qwen2.5-Coder-32B / guided,10,0.0,1,20,20,True,0,0.0,0.0,0.16112515805281938,11,0.55,0.0044189562,
Qwen2.5-Coder-14B,guided,Qwen2.5-Coder-14B / guided,10,0.0,1,20,20,True,20,1.0,0.8388748419471806,1.0,20,1.0,0.0,19832.5
Qwen2.5-Coder-14B,vectorization,Qwen2.5-Coder-14B / vectorization (noise-implicit),10,0.0,15,20,20,True,0,0.0,0.0,0.16112515805281938,0,0.0,95.66386369355,
Qwen2.5-Coder-32B,vectorization,Qwen2.5-Coder-32B / vectorization,10,0.0,15,2,20,False,0,0.0,0.0,0.6576197724933469,0,0.0,60.225684404000006,
Qwen2.5-Coder-7B,baseline,Qwen2.5-Coder-7B / baseline,10,0.0,15,20,20,True,0,0.0,0.0,0.16112515805281938,0,0.0,61.2427745778,
Qwen2.5-Coder-32B,thinking,Qwen2.5-Coder-32B / thinking,10,0.0,15,20,20,True,0,0.0,0.0,0.16112515805281938,0,0.0,9.56954832555,
Qwen2.5-Coder-14B,thinking,Qwen2.5-Coder-14B / thinking,10,0.0,15,20,20,True,0,0.0,0.0,0.16112515805281938,0,0.0,10.637984764599999,
Qwen2.5-Coder-14B,thinking,Qwen2.5-Coder-14B / thinking (noise-implicit),10,0.0,15,20,20,True,0,0.0,0.0,0.16112515805281938,0,0.0,32.8594224368,
Qwen2.5-Coder-14B,baseline,Qwen2.5-Coder-14B / baseline (noise-implicit),10,0.0,15,20,20,True,0,0.0,0.0,0.16112515805281938,0,0.0,55.7887025251,
Qwen2.5-Coder-7B,guided,Qwen2.5-Coder-7B / guided,10,0.0,15,20,20,True,0,0.0,0.0,0.16112515805281938,0,0.0,56.937928671899996,
Qwen2.5-Coder-14B,baseline,Qwen2.5-Coder-14B / baseline,10,0.0,15,20,20,True,0,0.0,0.0,0.16112515805281938,0,0.0,9.70354009075,
Qwen2.5-Coder-7B,vectorization,Qwen2.5-Coder-7B / vectorization,10,0.0,15,20,20,True,0,0.0,0.0,0.16112515805281938,0,0.0,62.69602777135,
Qwen2.5-Coder-14B,vectorization,Qwen2.5-Coder-14B / vectorization,10,0.0,15,20,20,True,0,0.0,0.0,0.16112515805281938,0,0.0,39.180035686850005,
Qwen2.5-Coder-14B,guided,Qwen2.5-Coder-14B / guided (noise-implicit),10,0.0,15,20,20,True,0,0.0,0.0,0.16112515805281938,0,0.0,55.8012933389,
Qwen2.5-Coder-32B,baseline,Qwen2.5-Coder-32B / baseline,10,0.0,15,20,20,True,0,0.0,0.0,0.16112515805281938,0,0.0,15.2517458228,
Qwen2.5-Coder-7B,thinking,Qwen2.5-Coder-7B / thinking,10,0.0,15,20,20,True,0,0.0,0.0,0.16112515805281938,0,0.0,144.19151422525,
Qwen2.5-Coder-32B,guided,Qwen2.5-Coder-32B / guided,10,0.0,15,20,20,True,0,0.0,0.0,0.16112515805281938,0,0.0,35.47808734105,
Qwen2.5-Coder-14B,guided,Qwen2.5-Coder-14B / guided,10,0.0,15,20,20,True,0,0.0,0.0,0.16112515805281938,0,0.0,10.207604791,
Qwen2.5-Coder-14B,vectorization,Qwen2.5-Coder-14B / vectorization (noise-implicit),10,0.0,21,20,20,True,1,0.05,0.008881448800795402,0.23613119344674205,1,0.05,1.2452555353,22951.0
Qwen2.5-Coder-32B,vectorization,Qwen2.5-Coder-32B / vectorization,10,0.0,21,20,20,True,0,0.0,0.0,0.16112515805281938,3,0.15,0.015617287,
Qwen2.5-Coder-7B,baseline,Qwen2.5-Coder-7B / baseline,10,0.0,21,20,20,True,0,0.0,0.0,0.16112515805281938,0,0.0,82.33950827494999,
Qwen2.5-Coder-32B,thinking,Qwen2.5-Coder-32B / thinking,10,0.0,21,20,20,True,0,0.0,0.0,0.16112515805281938,5,0.25,1.94113693715,
Qwen2.5-Coder-14B,thinking,Qwen2.5-Coder-14B / thinking,10,0.0,21,20,20,True,1,0.05,0.008881448800795402,0.23613119344674205,1,0.05,1.8030218371500002,37160.0
Qwen2.5-Coder-14B,thinking,Qwen2.5-Coder-14B / thinking (noise-implicit),10,0.0,21,20,20,True,0,0.0,0.0,0.16112515805281938,0,0.0,72.6481923998,
Qwen2.5-Coder-14B,baseline,Qwen2.5-Coder-14B / baseline (noise-implicit),10,0.0,21,20,20,True,0,0.0,0.0,0.16112515805281938,0,0.0,43.625992985349995,
Qwen2.5-Coder-7B,guided,Qwen2.5-Coder-7B / guided,10,0.0,21,20,20,True,0,0.0,0.0,0.16112515805281938,0,0.0,10.10763866885,
Qwen2.5-Coder-14B,baseline,Qwen2.5-Coder-14B / baseline,10,0.0,21,20,20,True,0,0.0,0.0,0.16112515805281938,0,0.0,37.94744502195,
Qwen2.5-Coder-7B,vectorization,Qwen2.5-Coder-7B / vectorization,10,0.0,21,20,20,True,0,0.0,0.0,0.16112515805281938,2,0.1,1.5766107272,
Qwen2.5-Coder-14B,vectorization,Qwen2.5-Coder-14B / vectorization,10,0.0,21,20,20,True,2,0.1,0.027866481213768224,0.3010336452284873,2,0.1,2.2558046241,27383.5
Qwen2.5-Coder-14B,guided,Qwen2.5-Coder-14B / guided (noise-implicit),10,0.0,21,20,20,True,0,0.0,0.0,0.16112515805281938,0,0.0,9.0826736211,
Qwen2.5-Coder-32B,baseline,Qwen2.5-Coder-32B / baseline,10,0.0,21,20,20,True,0,0.0,0.0,0.16112515805281938,0,0.0,3.5927634619499997,
Qwen2.5-Coder-7B,thinking,Qwen2.5-Coder-7B / thinking,10,0.0,21,20,20,True,0,0.0,0.0,0.16112515805281938,0,0.0,10.4210664021,
Qwen2.5-Coder-32B,guided,Qwen2.5-Coder-32B / guided,10,0.0,21,20,20,True,0,0.0,0.0,0.16112515805281938,8,0.4,0.6918569112,
Qwen2.5-Coder-14B,guided,Qwen2.5-Coder-14B / guided,10,0.0,21,20,20,True,4,0.2,0.08065766257979806,0.41601743225189364,4,0.2,1.0876283990000002,15817.5
Qwen2.5-Coder-32B,thinking,Qwen2.5-Coder-32B / thinking (noise-implicit),10,0.0,11,20,20,True,0,0.0,0.0,0.16112515805281938,0,0.0,37.2267901429,
Qwen2.5-Coder-32B,baseline,Qwen2.5-Coder-32B / baseline (noise-implicit),10,0.0,11,20,20,True,0,0.0,0.0,0.16112515805281938,0,0.0,18.367015322100002,
Qwen2.5-Coder-14B,vectorization,Qwen2.5-Coder-14B / vectorization (noise-implicit),10,0.0,11,20,20,True,0,0.0,0.0,0.16112515805281938,0,0.0,25.9492559548,
Qwen2.5-Coder-32B,vectorization,Qwen2.5-Coder-32B / vectorization,10,0.0,11,20,20,True,3,0.15,0.052368745896216595,0.36041886474075696,20,1.0,2.575e-08,96250.0
Qwen2.5-Coder-7B,baseline,Qwen2.5-Coder-7B / baseline,10,0.0,11,20,20,True,0,0.0,0.0,0.16112515805281938,0,0.0,0.0399970864,
Qwen2.5-Coder-32B,guided,Qwen2.5-Coder-32B / guided (noise-implicit),10,0.0,11,20,20,True,0,0.0,0.0,0.16112515805281938,0,0.0,6.02511165445,
Qwen2.5-Coder-32B,vectorization,Qwen2.5-Coder-32B / vectorization (noise-implicit),10,0.0,11,20,20,True,0,0.0,0.0,0.16112515805281938,15,0.75,0.00589672345,
Qwen2.5-Coder-32B,thinking,Qwen2.5-Coder-32B / thinking,10,0.0,11,20,20,True,0,0.0,0.0,0.16112515805281938,0,0.0,0.5465729239,
Qwen2.5-Coder-14B,thinking,Qwen2.5-Coder-14B / thinking,10,0.0,11,20,20,True,0,0.0,0.0,0.16112515805281938,0,0.0,27.7993317525,
Qwen2.5-Coder-14B,thinking,Qwen2.5-Coder-14B / thinking (noise-implicit),10,0.0,11,20,20,True,0,0.0,0.0,0.16112515805281938,0,0.0,0.23147061535000002,
Qwen2.5-Coder-14B,baseline,Qwen2.5-Coder-14B / baseline (noise-implicit),10,0.0,11,20,20,True,0,0.0,0.0,0.16112515805281938,10,0.5,0.01030190805,
Qwen2.5-Coder-7B,guided,Qwen2.5-Coder-7B / guided,10,0.0,11,20,20,True,0,0.0,0.0,0.16112515805281938,3,0.15,0.02318087105,
Qwen2.5-Coder-14B,baseline,Qwen2.5-Coder-14B / baseline,10,0.0,11,20,20,True,0,0.0,0.0,0.16112515805281938,0,0.0,0.1635212138,
Qwen2.5-Coder-7B,vectorization,Qwen2.5-Coder-7B / vectorization,10,0.0,11,20,20,True,0,0.0,0.0,0.16112515805281938,0,0.0,1273.58685843345,
Qwen2.5-Coder-14B,vectorization,Qwen2.5-Coder-14B / vectorization,10,0.0,11,20,20,True,0,0.0,0.0,0.16112515805281938,20,1.0,3.1239999999999997e-07,
Qwen2.5-Coder-14B,guided,Qwen2.5-Coder-14B / guided (noise-implicit),10,0.0,11,20,20,True,0,0.0,0.0,0.16112515805281938,0,0.0,273.830191396,
Qwen2.5-Coder-32B,baseline,Qwen2.5-Coder-32B / baseline,10,0.0,11,20,20,True,0,0.0,0.0,0.16112515805281938,20,1.0,0.002295274,
Qwen2.5-Coder-7B,thinking,Qwen2.5-Coder-7B / thinking,10,0.0,11,20,20,True,0,0.0,0.0,0.16112515805281938,0,0.0,0.8856994818499999,
Qwen2.5-Coder-32B,guided,Qwen2.5-Coder-32B / guided,10,0.0,11,20,20,True,0,0.0,0.0,0.16112515805281938,1,0.05,0.0347242779,
Qwen2.5-Coder-14B,guided,Qwen2.5-Coder-14B / guided,10,0.0,11,20,20,True,0,0.0,0.0,0.16112515805281938,0,0.0,5.9388971637,
Qwen2.5-Coder-14B,thinking,Qwen2.5-Coder-14B / thinking (noise-adapted),10,0.1,8,20,20,True,0,0.0,0.0,0.16112515805281938,0,0.0,9.88876517295,
Qwen2.5-Coder-32B,thinking,Qwen2.5-Coder-32B / thinking (noise-implicit),10,0.1,8,20,20,True,0,0.0,0.0,0.16112515805281938,0,0.0,4.38307050725,
Qwen2.5-Coder-32B,baseline,Qwen2.5-Coder-32B / baseline (noise-implicit),10,0.1,8,20,20,True,0,0.0,0.0,0.16112515805281938,0,0.0,30.93215804585,
Qwen2.5-Coder-14B,vectorization,Qwen2.5-Coder-14B / vectorization (noise-implicit),10,0.1,8,20,20,True,0,0.0,0.0,0.16112515805281938,0,0.0,9.70364391805,
Qwen2.5-Coder-7B,guided,Qwen2.5-Coder-7B / guided (noise-adapted),10,0.1,8,20,20,True,0,0.0,0.0,0.16112515805281938,0,0.0,15.7340639632,
Qwen2.5-Coder-32B,guided,Qwen2.5-Coder-32B / guided (noise-implicit),10,0.1,8,20,20,True,16,0.8,0.5839825677481064,0.919342337420202,18,0.9,1.9e-09,92818.5
Qwen2.5-Coder-7B,thinking,Qwen2.5-Coder-7B / thinking (noise-adapted),10,0.1,8,20,20,True,0,0.0,0.0,0.16112515805281938,0,0.0,16693.6332683192,
Qwen2.5-Coder-32B,vectorization,Qwen2.5-Coder-32B / vectorization (noise-implicit),10,0.1,8,20,20,True,0,0.0,0.0,0.16112515805281938,0,0.0,5.31198930275,
Qwen2.5-Coder-7B,vectorization,Qwen2.5-Coder-7B / vectorization (noise-adapted),10,0.1,8,20,20,True,0,0.0,0.0,0.16112515805281938,0,0.0,88.94570712115001,
Qwen2.5-Coder-7B,vectorization,Qwen2.5-Coder-7B / vectorization (noise-implicit),10,0.1,8,20,20,True,0,0.0,0.0,0.16112515805281938,0,0.0,1388.2691096804,
Qwen2.5-Coder-32B,vectorization,Qwen2.5-Coder-32B / vectorization (noise-adapted),10,0.1,8,20,20,True,0,0.0,0.0,0.16112515805281938,0,0.0,391.24098145145,
Qwen2.5-Coder-7B,guided,Qwen2.5-Coder-7B / guided (noise-implicit),10,0.1,8,20,20,True,0,0.0,0.0,0.16112515805281938,5,0.25,0.024016173850000003,
Qwen2.5-Coder-32B,guided,Qwen2.5-Coder-32B / guided (noise-adapted),10,0.1,8,20,20,True,0,0.0,0.0,0.16112515805281938,0,0.0,6.1461461046500006,
Qwen2.5-Coder-7B,baseline,Qwen2.5-Coder-7B / baseline (noise-adapted),10,0.1,8,20,20,True,0,0.0,0.0,0.16112515805281938,0,0.0,330.33700262850004,
Qwen2.5-Coder-14B,thinking,Qwen2.5-Coder-14B / thinking (noise-implicit),10,0.1,8,20,20,True,3,0.15,0.052368745896216595,0.36041886474075696,3,0.15,4.9758150948,46640.0
Qwen2.5-Coder-14B,baseline,Qwen2.5-Coder-14B / baseline (noise-implicit),10,0.1,8,20,20,True,0,0.0,0.0,0.16112515805281938,0,0.0,21.170211760500003,
Qwen2.5-Coder-14B,baseline,Qwen2.5-Coder-14B / baseline (noise-adapted),10,0.1,8,20,20,True,0,0.0,0.0,0.16112515805281938,0,0.0,24.89668846915,
Qwen2.5-Coder-14B,vectorization,Qwen2.5-Coder-14B / vectorization (noise-adapted),10,0.1,8,20,20,True,0,0.0,0.0,0.16112515805281938,0,0.0,5.470508268750001,
Qwen2.5-Coder-7B,baseline,Qwen2.5-Coder-7B / baseline (noise-implicit),10,0.1,8,20,20,True,0,0.0,0.0,0.16112515805281938,0,0.0,386.80895062645,
Qwen2.5-Coder-7B,thinking,Qwen2.5-Coder-7B / thinking (noise-implicit),10,0.1,8,20,20,True,0,0.0,0.0,0.16112515805281938,0,0.0,12.9936288157,
Qwen2.5-Coder-32B,baseline,Qwen2.5-Coder-32B / baseline (noise-adapted),10,0.1,8,20,20,True,0,0.0,0.0,0.16112515805281938,0,0.0,7.7244003459999995,
Qwen2.5-Coder-32B,thinking,Qwen2.5-Coder-32B / thinking (noise-adapted),10,0.1,8,20,20,True,0,0.0,0.0,0.16112515805281938,0,0.0,71.8450116035,
Qwen2.5-Coder-14B,guided,Qwen2.5-Coder-14B / guided (noise-implicit),10,0.1,8,20,20,True,0,0.0,0.0,0.16112515805281938,0,0.0,6.1860406625,
Qwen2.5-Coder-14B,guided,Qwen2.5-Coder-14B / guided (noise-adapted),10,0.1,8,20,20,True,0,0.0,0.0,0.16112515805281938,0,0.0,5.3084715992,
Qwen2.5-Coder-14B,thinking,Qwen2.5-Coder-14B / thinking (noise-adapted),10,0.1,1,20,20,True,0,0.0,0.0,0.16112515805281938,0,0.0,13.38774265935,
Qwen2.5-Coder-32B,thinking,Qwen2.5-Coder-32B / thinking (noise-implicit),10,0.1,1,20,20,True,0,0.0,0.0,0.16112515805281938,0,0.0,0.23847887615000002,
Qwen2.5-Coder-32B,baseline,Qwen2.5-Coder-32B / baseline (noise-implicit),10,0.1,1,20,20,True,0,0.0,0.0,0.16112515805281938,20,1.0,0.0004056767,
Qwen2.5-Coder-14B,vectorization,Qwen2.5-Coder-14B / vectorization (noise-implicit),10,0.1,1,20,20,True,0,0.0,0.0,0.16112515805281938,11,0.55,0.00014615905,
Qwen2.5-Coder-7B,guided,Qwen2.5-Coder-7B / guided (noise-adapted),10,0.1,1,20,20,True,0,0.0,0.0,0.16112515805281938,0,0.0,116.220858707,
Qwen2.5-Coder-32B,guided,Qwen2.5-Coder-32B / guided (noise-implicit),10,0.1,1,20,20,True,0,0.0,0.0,0.16112515805281938,0,0.0,9.40697128475,
Qwen2.5-Coder-7B,thinking,Qwen2.5-Coder-7B / thinking (noise-adapted),10,0.1,1,20,20,True,0,0.0,0.0,0.16112515805281938,0,0.0,98.9536191931,
Qwen2.5-Coder-32B,vectorization,Qwen2.5-Coder-32B / vectorization (noise-implicit),10,0.1,1,20,20,True,20,1.0,0.8388748419471806,1.0,20,1.0,0.0,9726.5
Qwen2.5-Coder-7B,vectorization,Qwen2.5-Coder-7B / vectorization (noise-adapted),10,0.1,1,20,20,True,0,0.0,0.0,0.16112515805281938,0,0.0,22.77369668895,
Qwen2.5-Coder-7B,vectorization,Qwen2.5-Coder-7B / vectorization (noise-implicit),10,0.1,1,20,20,True,0,0.0,0.0,0.16112515805281938,16,0.8,0.0006081891999999999,
Qwen2.5-Coder-32B,vectorization,Qwen2.5-Coder-32B / vectorization (noise-adapted),10,0.1,1,20,20,True,0,0.0,0.0,0.16112515805281938,0,0.0,11.31149104835,
Qwen2.5-Coder-7B,guided,Qwen2.5-Coder-7B / guided (noise-implicit),10,0.1,1,20,20,True,20,1.0,0.8388748419471806,1.0,20,1.0,0.0,21689.0
Qwen2.5-Coder-32B,guided,Qwen2.5-Coder-32B / guided (noise-adapted),10,0.1,1,20,20,True,0,0.0,0.0,0.16112515805281938,0,0.0,0.030849578000000002,
Qwen2.5-Coder-7B,baseline,Qwen2.5-Coder-7B / baseline (noise-adapted),10,0.1,1,20,20,True,0,0.0,0.0,0.16112515805281938,6,0.3,25.2712954619,
Qwen2.5-Coder-14B,thinking,Qwen2.5-Coder-14B / thinking (noise-implicit),10,0.1,1,20,20,True,19,0.95,0.763868806553258,0.9911185511992047,19,0.95,0.0,49503.0
Qwen2.5-Coder-14B,baseline,Qwen2.5-Coder-14B / baseline (noise-implicit),10,0.1,1,20,20,True,20,1.0,0.8388748419471806,1.0,20,1.0,0.0,4419.0
Qwen2.5-Coder-14B,baseline,Qwen2.5-Coder-14B / baseline (noise-adapted),10,0.1,1,20,20,True,0,0.0,0.0,0.16112515805281938,0,0.0,86.65239483905,
Qwen2.5-Coder-14B,vectorization,Qwen2.5-Coder-14B / vectorization (noise-adapted),10,0.1,1,20,20,True,0,0.0,0.0,0.16112515805281938,0,0.0,93.77602918945,
Qwen2.5-Coder-7B,baseline,Qwen2.5-Coder-7B / baseline (noise-implicit),10,0.1,1,20,20,True,0,0.0,0.0,0.16112515805281938,0,0.0,11.862247270600001,
Qwen2.5-Coder-7B,thinking,Qwen2.5-Coder-7B / thinking (noise-implicit),10,0.1,1,20,20,True,0,0.0,0.0,0.16112515805281938,0,0.0,12.77174132575,
Qwen2.5-Coder-32B,baseline,Qwen2.5-Coder-32B / baseline (noise-adapted),10,0.1,1,20,20,True,0,0.0,0.0,0.16112515805281938,20,1.0,7.879999999999999e-08,
Qwen2.5-Coder-32B,thinking,Qwen2.5-Coder-32B / thinking (noise-adapted),10,0.1,1,20,20,True,0,0.0,0.0,0.16112515805281938,0,0.0,0.09477272425,
Qwen2.5-Coder-14B,guided,Qwen2.5-Coder-14B / guided (noise-implicit),10,0.1,1,20,20,True,0,0.0,0.0,0.16112515805281938,11,0.55,0.00995244595,
Qwen2.5-Coder-14B,guided,Qwen2.5-Coder-14B / guided (noise-adapted),10,0.1,1,20,20,True,20,1.0,0.8388748419471806,1.0,20,1.0,0.0,18962.0
Qwen2.5-Coder-14B,thinking,Qwen2.5-Coder-14B / thinking (noise-adapted),10,0.1,15,20,20,True,0,0.0,0.0,0.16112515805281938,0,0.0,123.8067604112,
Qwen2.5-Coder-32B,thinking,Qwen2.5-Coder-32B / thinking (noise-implicit),10,0.1,15,20,20,True,0,0.0,0.0,0.16112515805281938,0,0.0,26.82662086045,
Qwen2.5-Coder-32B,baseline,Qwen2.5-Coder-32B / baseline (noise-implicit),10,0.1,15,20,20,True,0,0.0,0.0,0.16112515805281938,0,0.0,44.196702956950006,
Qwen2.5-Coder-14B,vectorization,Qwen2.5-Coder-14B / vectorization (noise-implicit),10,0.1,15,20,20,True,0,0.0,0.0,0.16112515805281938,0,0.0,563.52038401815,
Qwen2.5-Coder-7B,guided,Qwen2.5-Coder-7B / guided (noise-adapted),10,0.1,15,2,20,False,0,0.0,0.0,0.6576197724933469,0,0.0,39.509162292949995,
Qwen2.5-Coder-32B,guided,Qwen2.5-Coder-32B / guided (noise-implicit),10,0.1,15,20,20,True,0,0.0,0.0,0.16112515805281938,0,0.0,38.6314309799,
Qwen2.5-Coder-7B,thinking,Qwen2.5-Coder-7B / thinking (noise-adapted),10,0.1,15,20,20,True,0,0.0,0.0,0.16112515805281938,0,0.0,128.2027866873,
Qwen2.5-Coder-32B,vectorization,Qwen2.5-Coder-32B / vectorization (noise-implicit),10,0.1,15,20,20,True,0,0.0,0.0,0.16112515805281938,0,0.0,21.75557022185,
Qwen2.5-Coder-7B,vectorization,Qwen2.5-Coder-7B / vectorization (noise-adapted),10,0.1,15,20,20,True,0,0.0,0.0,0.16112515805281938,0,0.0,92.96193349085,
Qwen2.5-Coder-7B,vectorization,Qwen2.5-Coder-7B / vectorization (noise-implicit),10,0.1,15,20,20,True,0,0.0,0.0,0.16112515805281938,0,0.0,207.889103836,
Qwen2.5-Coder-32B,vectorization,Qwen2.5-Coder-32B / vectorization (noise-adapted),10,0.1,15,20,20,True,0,0.0,0.0,0.16112515805281938,0,0.0,98.76359802350001,
Qwen2.5-Coder-7B,guided,Qwen2.5-Coder-7B / guided (noise-implicit),10,0.1,15,20,20,True,0,0.0,0.0,0.16112515805281938,0,0.0,33.3457620951,
Qwen2.5-Coder-32B,guided,Qwen2.5-Coder-32B / guided (noise-adapted),10,0.1,15,20,20,True,0,0.0,0.0,0.16112515805281938,0,0.0,184.0584838641,
Qwen2.5-Coder-7B,baseline,Qwen2.5-Coder-7B / baseline (noise-adapted),10,0.1,15,20,20,True,0,0.0,0.0,0.16112515805281938,0,0.0,52.48960987245,
Qwen2.5-Coder-14B,thinking,Qwen2.5-Coder-14B / thinking (noise-implicit),10,0.1,15,20,20,True,0,0.0,0.0,0.16112515805281938,0,0.0,4.6266377334,
Qwen2.5-Coder-14B,baseline,Qwen2.5-Coder-14B / baseline (noise-implicit),10,0.1,15,20,20,True,0,0.0,0.0,0.16112515805281938,0,0.0,23.2590309223,
Qwen2.5-Coder-14B,baseline,Qwen2.5-Coder-14B / baseline (noise-adapted),10,0.1,15,20,20,True,0,0.0,0.0,0.16112515805281938,0,0.0,131.7827162914,
Qwen2.5-Coder-14B,vectorization,Qwen2.5-Coder-14B / vectorization (noise-adapted),10,0.1,15,20,20,True,0,0.0,0.0,0.16112515805281938,0,0.0,19.99925186455,
Qwen2.5-Coder-7B,baseline,Qwen2.5-Coder-7B / baseline (noise-implicit),10,0.1,15,20,20,True,0,0.0,0.0,0.16112515805281938,0,0.0,126.34545118145,
Qwen2.5-Coder-7B,thinking,Qwen2.5-Coder-7B / thinking (noise-implicit),10,0.1,15,20,20,True,0,0.0,0.0,0.16112515805281938,0,0.0,25.172874066250003,
Qwen2.5-Coder-32B,baseline,Qwen2.5-Coder-32B / baseline (noise-adapted),10,0.1,15,20,20,True,0,0.0,0.0,0.16112515805281938,0,0.0,66.80582949345,
Qwen2.5-Coder-32B,thinking,Qwen2.5-Coder-32B / thinking (noise-adapted),10,0.1,15,20,20,True,0,0.0,0.0,0.16112515805281938,0,0.0,211.16150859445,
Qwen2.5-Coder-14B,guided,Qwen2.5-Coder-14B / guided (noise-implicit),10,0.1,15,20,20,True,0,0.0,0.0,0.16112515805281938,0,0.0,183.32819654885,
Qwen2.5-Coder-14B,guided,Qwen2.5-Coder-14B / guided (noise-adapted),10,0.1,15,20,20,True,0,0.0,0.0,0.16112515805281938,0,0.0,108.91920615885,
Qwen2.5-Coder-14B,thinking,Qwen2.5-Coder-14B / thinking (noise-adapted),10,0.1,21,20,20,True,0,0.0,0.0,0.16112515805281938,3,0.15,2.3385416982500002,
Qwen2.5-Coder-32B,thinking,Qwen2.5-Coder-32B / thinking (noise-implicit),10,0.1,21,20,20,True,0,0.0,0.0,0.16112515805281938,1,0.05,1.7962736767499998,
Qwen2.5-Coder-32B,baseline,Qwen2.5-Coder-32B / baseline (noise-implicit),10,0.1,21,20,20,True,0,0.0,0.0,0.16112515805281938,0,0.0,12.5507711377,
Qwen2.5-Coder-14B,vectorization,Qwen2.5-Coder-14B / vectorization (noise-implicit),10,0.1,21,20,20,True,0,0.0,0.0,0.16112515805281938,0,0.0,2.7941034924,
Qwen2.5-Coder-7B,guided,Qwen2.5-Coder-7B / guided (noise-adapted),10,0.1,21,20,20,True,0,0.0,0.0,0.16112515805281938,0,0.0,58.234920495699996,
Qwen2.5-Coder-32B,guided,Qwen2.5-Coder-32B / guided (noise-implicit),10,0.1,21,20,20,True,0,0.0,0.0,0.16112515805281938,0,0.0,3.1208408127,
Qwen2.5-Coder-7B,thinking,Qwen2.5-Coder-7B / thinking (noise-adapted),10,0.1,21,20,20,True,0,0.0,0.0,0.16112515805281938,3,0.15,2.00893223035,
Qwen2.5-Coder-32B,vectorization,Qwen2.5-Coder-32B / vectorization (noise-implicit),10,0.1,21,20,20,True,0,0.0,0.0,0.16112515805281938,0,0.0,1.4867905634,
Qwen2.5-Coder-7B,vectorization,Qwen2.5-Coder-7B / vectorization (noise-adapted),10,0.1,21,20,20,True,0,0.0,0.0,0.16112515805281938,0,0.0,0.37764564925,
Qwen2.5-Coder-7B,vectorization,Qwen2.5-Coder-7B / vectorization (noise-implicit),10,0.1,21,20,20,True,2,0.1,0.027866481213768224,0.3010336452284873,2,0.1,3.61126357655,31854.0
Qwen2.5-Coder-32B,vectorization,Qwen2.5-Coder-32B / vectorization (noise-adapted),10,0.1,21,20,20,True,0,0.0,0.0,0.16112515805281938,0,0.0,12.8697485141,
Qwen2.5-Coder-7B,guided,Qwen2.5-Coder-7B / guided (noise-implicit),10,0.1,21,20,20,True,0,0.0,0.0,0.16112515805281938,0,0.0,8.15571189005,
Qwen2.5-Coder-32B,guided,Qwen2.5-Coder-32B / guided (noise-adapted),10,0.1,21,20,20,True,0,0.0,0.0,0.16112515805281938,11,0.55,0.005633932249999999,
Qwen2.5-Coder-7B,baseline,Qwen2.5-Coder-7B / baseline (noise-adapted),10,0.1,21,20,20,True,0,0.0,0.0,0.16112515805281938,0,0.0,15.8300880257,
Qwen2.5-Coder-14B,thinking,Qwen2.5-Coder-14B / thinking (noise-implicit),10,0.1,21,20,20,True,0,0.0,0.0,0.16112515805281938,0,0.0,1.95908136045,
Qwen2.5-Coder-14B,baseline,Qwen2.5-Coder-14B / baseline (noise-implicit),10,0.1,21,20,20,True,0,0.0,0.0,0.16112515805281938,0,0.0,0.12680435890000002,
Qwen2.5-Coder-14B,baseline,Qwen2.5-Coder-14B / baseline (noise-adapted),10,0.1,21,20,20,True,1,0.05,0.008881448800795402,0.23613119344674205,2,0.1,3.65303488375,89922.0
Qwen2.5-Coder-14B,vectorization,Qwen2.5-Coder-14B / vectorization (noise-adapted),10,0.1,21,20,20,True,0,0.0,0.0,0.16112515805281938,2,0.1,1.96636644185,
Qwen2.5-Coder-7B,baseline,Qwen2.5-Coder-7B / baseline (noise-implicit),10,0.1,21,20,20,True,0,0.0,0.0,0.16112515805281938,0,0.0,39.59167756715,
Qwen2.5-Coder-7B,thinking,Qwen2.5-Coder-7B / thinking (noise-implicit),10,0.1,21,20,20,True,0,0.0,0.0,0.16112515805281938,0,0.0,61.55315319995,
Qwen2.5-Coder-32B,baseline,Qwen2.5-Coder-32B / baseline (noise-adapted),10,0.1,21,20,20,True,0,0.0,0.0,0.16112515805281938,0,0.0,1.9905591631,
Qwen2.5-Coder-32B,thinking,Qwen2.5-Coder-32B / thinking (noise-adapted),10,0.1,21,20,20,True,0,0.0,0.0,0.16112515805281938,0,0.0,33.2944441892,
Qwen2.5-Coder-14B,guided,Qwen2.5-Coder-14B / guided (noise-implicit),10,0.1,21,20,20,True,0,0.0,0.0,0.16112515805281938,0,0.0,72.37426110925,
Qwen2.5-Coder-14B,guided,Qwen2.5-Coder-14B / guided (noise-adapted),10,0.1,21,20,20,True,0,0.0,0.0,0.16112515805281938,10,0.5,0.00837896915,
Qwen2.5-Coder-14B,thinking,Qwen2.5-Coder-14B / thinking (noise-adapted),10,0.1,11,20,20,True,0,0.0,0.0,0.16112515805281938,0,0.0,68.69100972105,
Qwen2.5-Coder-32B,thinking,Qwen2.5-Coder-32B / thinking (noise-implicit),10,0.1,11,20,20,True,0,0.0,0.0,0.16112515805281938,0,0.0,3.2887332014500004,
Qwen2.5-Coder-32B,baseline,Qwen2.5-Coder-32B / baseline (noise-implicit),10,0.1,11,20,20,True,0,0.0,0.0,0.16112515805281938,0,0.0,33.27227932755,
Qwen2.5-Coder-14B,vectorization,Qwen2.5-Coder-14B / vectorization (noise-implicit),10,0.1,11,20,20,True,0,0.0,0.0,0.16112515805281938,0,0.0,0.0881130634,
Qwen2.5-Coder-7B,guided,Qwen2.5-Coder-7B / guided (noise-adapted),10,0.1,11,20,20,True,0,0.0,0.0,0.16112515805281938,0,0.0,45.51713748815,
Qwen2.5-Coder-32B,guided,Qwen2.5-Coder-32B / guided (noise-implicit),10,0.1,11,20,20,True,20,1.0,0.8388748419471806,1.0,20,1.0,0.0,74398.5
Qwen2.5-Coder-7B,thinking,Qwen2.5-Coder-7B / thinking (noise-adapted),10,0.1,11,20,20,True,0,0.0,0.0,0.16112515805281938,0,0.0,54.46689793035,
Qwen2.5-Coder-32B,vectorization,Qwen2.5-Coder-32B / vectorization (noise-implicit),10,0.1,11,20,20,True,0,0.0,0.0,0.16112515805281938,0,0.0,41.72987000955,
Qwen2.5-Coder-7B,vectorization,Qwen2.5-Coder-7B / vectorization (noise-adapted),10,0.1,11,20,20,True,0,0.0,0.0,0.16112515805281938,0,0.0,34.6963087388,
Qwen2.5-Coder-7B,vectorization,Qwen2.5-Coder-7B / vectorization (noise-implicit),10,0.1,11,20,20,True,0,0.0,0.0,0.16112515805281938,0,0.0,49.9098111606,
Qwen2.5-Coder-32B,vectorization,Qwen2.5-Coder-32B / vectorization (noise-adapted),10,0.1,11,20,20,True,0,0.0,0.0,0.16112515805281938,0,0.0,59.781548201549995,
Qwen2.5-Coder-7B,guided,Qwen2.5-Coder-7B / guided (noise-implicit),10,0.1,11,20,20,True,0,0.0,0.0,0.16112515805281938,0,0.0,43.955782422750005,
Qwen2.5-Coder-32B,guided,Qwen2.5-Coder-32B / guided (noise-adapted),10,0.1,11,20,20,True,0,0.0,0.0,0.16112515805281938,0,0.0,68.77031538419999,
Qwen2.5-Coder-7B,baseline,Qwen2.5-Coder-7B / baseline (noise-adapted),10,0.1,11,20,20,True,0,0.0,0.0,0.16112515805281938,0,0.0,135.8238660988,
Qwen2.5-Coder-14B,thinking,Qwen2.5-Coder-14B / thinking (noise-implicit),10,0.1,11,20,20,True,0,0.0,0.0,0.16112515805281938,0,0.0,4.0314170181,
Qwen2.5-Coder-14B,baseline,Qwen2.5-Coder-14B / baseline (noise-implicit),10,0.1,11,20,20,True,0,0.0,0.0,0.16112515805281938,0,0.0,147893.91930752946,
Qwen2.5-Coder-14B,baseline,Qwen2.5-Coder-14B / baseline (noise-adapted),10,0.1,11,20,20,True,0,0.0,0.0,0.16112515805281938,0,0.0,81.70629953414999,
Qwen2.5-Coder-14B,vectorization,Qwen2.5-Coder-14B / vectorization (noise-adapted),10,0.1,11,20,20,True,0,0.0,0.0,0.16112515805281938,0,0.0,66.9211156535,
Qwen2.5-Coder-7B,baseline,Qwen2.5-Coder-7B / baseline (noise-implicit),10,0.1,11,20,20,True,0,0.0,0.0,0.16112515805281938,0,0.0,1.0558345771,
Qwen2.5-Coder-7B,thinking,Qwen2.5-Coder-7B / thinking (noise-implicit),10,0.1,11,20,20,True,0,0.0,0.0,0.16112515805281938,0,0.0,59.13467158575,
Qwen2.5-Coder-32B,baseline,Qwen2.5-Coder-32B / baseline (noise-adapted),10,0.1,11,20,20,True,0,0.0,0.0,0.16112515805281938,0,0.0,106.07890856495,
Qwen2.5-Coder-32B,thinking,Qwen2.5-Coder-32B / thinking (noise-adapted),10,0.1,11,20,20,True,0,0.0,0.0,0.16112515805281938,0,0.0,59.72577254870001,
Qwen2.5-Coder-14B,guided,Qwen2.5-Coder-14B / guided (noise-implicit),10,0.1,11,20,20,True,0,0.0,0.0,0.16112515805281938,0,0.0,63.27560251035,
Qwen2.5-Coder-14B,guided,Qwen2.5-Coder-14B / guided (noise-adapted),10,0.1,11,20,20,True,0,0.0,0.0,0.16112515805281938,0,0.0,102.19174458225001,
Qwen2.5-Coder-14B,thinking,Qwen2.5-Coder-14B / thinking (noise-adapted),10,0.05,8,20,20,True,0,0.0,0.0,0.16112515805281938,11,0.55,0.00433166835,
Qwen2.5-Coder-32B,thinking,Qwen2.5-Coder-32B / thinking (noise-implicit),10,0.05,8,20,20,True,0,0.0,0.0,0.16112515805281938,0,0.0,48.11206483385,
Qwen2.5-Coder-32B,baseline,Qwen2.5-Coder-32B / baseline (noise-implicit),10,0.05,8,20,20,True,0,0.0,0.0,0.16112515805281938,0,0.0,4.6008344808,
Qwen2.5-Coder-14B,vectorization,Qwen2.5-Coder-14B / vectorization (noise-implicit),10,0.05,8,20,20,True,0,0.0,0.0,0.16112515805281938,0,0.0,2.0423927251,
Qwen2.5-Coder-7B,guided,Qwen2.5-Coder-7B / guided (noise-adapted),10,0.05,8,20,20,True,0,0.0,0.0,0.16112515805281938,0,0.0,22506.60563852625,
Qwen2.5-Coder-32B,guided,Qwen2.5-Coder-32B / guided (noise-implicit),10,0.05,8,20,20,True,0,0.0,0.0,0.16112515805281938,0,0.0,3.2805763297,
Qwen2.5-Coder-7B,thinking,Qwen2.5-Coder-7B / thinking (noise-adapted),10,0.05,8,20,20,True,0,0.0,0.0,0.16112515805281938,0,0.0,15028.97523174895,
Qwen2.5-Coder-32B,vectorization,Qwen2.5-Coder-32B / vectorization (noise-implicit),10,0.05,8,20,20,True,0,0.0,0.0,0.16112515805281938,0,0.0,4.0879892580499995,
Qwen2.5-Coder-7B,vectorization,Qwen2.5-Coder-7B / vectorization (noise-adapted),10,0.05,8,20,20,True,0,0.0,0.0,0.16112515805281938,0,0.0,148.3384278526,
Qwen2.5-Coder-7B,vectorization,Qwen2.5-Coder-7B / vectorization (noise-implicit),10,0.05,8,20,20,True,0,0.0,0.0,0.16112515805281938,0,0.0,15140.320026389549,
Qwen2.5-Coder-32B,vectorization,Qwen2.5-Coder-32B / vectorization (noise-adapted),10,0.05,8,20,20,True,0,0.0,0.0,0.16112515805281938,0,0.0,7.42110595175,
Qwen2.5-Coder-7B,guided,Qwen2.5-Coder-7B / guided (noise-implicit),10,0.05,8,20,20,True,0,0.0,0.0,0.16112515805281938,0,0.0,6157.6636369319,
Qwen2.5-Coder-32B,guided,Qwen2.5-Coder-32B / guided (noise-adapted),10,0.05,8,20,20,True,0,0.0,0.0,0.16112515805281938,0,0.0,4.2807988335000005,
Qwen2.5-Coder-7B,baseline,Qwen2.5-Coder-7B / baseline (noise-adapted),10,0.05,8,20,20,True,0,0.0,0.0,0.16112515805281938,0,0.0,3949.2211955816,
Qwen2.5-Coder-14B,thinking,Qwen2.5-Coder-14B / thinking,10,0.05,8,20,20,True,0,0.0,0.0,0.16112515805281938,0,0.0,43.30147901905001,
Qwen2.5-Coder-14B,thinking,Qwen2.5-Coder-14B / thinking (noise-implicit),10,0.05,8,20,20,True,0,0.0,0.0,0.16112515805281938,0,0.0,24.060944536050002,
Qwen2.5-Coder-14B,baseline,Qwen2.5-Coder-14B / baseline (noise-implicit),10,0.05,8,20,20,True,0,0.0,0.0,0.16112515805281938,0,0.0,3096.57297189365,
Qwen2.5-Coder-14B,baseline,Qwen2.5-Coder-14B / baseline (noise-adapted),10,0.05,8,20,20,True,0,0.0,0.0,0.16112515805281938,0,0.0,5.0479600335,
Qwen2.5-Coder-14B,vectorization,Qwen2.5-Coder-14B / vectorization (noise-adapted),10,0.05,8,20,20,True,0,0.0,0.0,0.16112515805281938,0,0.0,12.0395367699,
Qwen2.5-Coder-7B,baseline,Qwen2.5-Coder-7B / baseline (noise-implicit),10,0.05,8,20,20,True,0,0.0,0.0,0.16112515805281938,0,0.0,52314.04390035235,
Qwen2.5-Coder-7B,thinking,Qwen2.5-Coder-7B / thinking (noise-implicit),10,0.05,8,20,20,True,0,0.0,0.0,0.16112515805281938,0,0.0,1248.2080201435,
Qwen2.5-Coder-32B,baseline,Qwen2.5-Coder-32B / baseline (noise-adapted),10,0.05,8,20,20,True,0,0.0,0.0,0.16112515805281938,0,0.0,4.793724269049999,
Qwen2.5-Coder-14B,baseline,Qwen2.5-Coder-14B / baseline,10,0.05,8,20,20,True,0,0.0,0.0,0.16112515805281938,0,0.0,7638.419592673,
Qwen2.5-Coder-14B,vectorization,Qwen2.5-Coder-14B / vectorization,10,0.05,8,20,20,True,0,0.0,0.0,0.16112515805281938,0,0.0,15770.335676417952,
Qwen2.5-Coder-32B,thinking,Qwen2.5-Coder-32B / thinking (noise-adapted),10,0.05,8,20,20,True,0,0.0,0.0,0.16112515805281938,0,0.0,3170.8764682162,
Qwen2.5-Coder-14B,guided,Qwen2.5-Coder-14B / guided (noise-implicit),10,0.05,8,20,20,True,0,0.0,0.0,0.16112515805281938,0,0.0,20.079976462399998,
Qwen2.5-Coder-14B,guided,Qwen2.5-Coder-14B / guided (noise-adapted),10,0.05,8,20,20,True,0,0.0,0.0,0.16112515805281938,0,0.0,5.8955146666000005,
Qwen2.5-Coder-14B,guided,Qwen2.5-Coder-14B / guided,10,0.05,8,20,20,True,0,0.0,0.0,0.16112515805281938,0,0.0,5.09479426975,
Qwen2.5-Coder-14B,thinking,Qwen2.5-Coder-14B / thinking (noise-adapted),10,0.05,1,20,20,True,0,0.0,0.0,0.16112515805281938,0,0.0,0.10933009615,
Qwen2.5-Coder-32B,thinking,Qwen2.5-Coder-32B / thinking (noise-implicit),10,0.05,1,20,20,True,0,0.0,0.0,0.16112515805281938,20,1.0,2.59469e-05,
Qwen2.5-Coder-32B,baseline,Qwen2.5-Coder-32B / baseline (noise-implicit),10,0.05,1,20,20,True,20,1.0,0.8388748419471806,1.0,20,1.0,0.0,8824.0
Qwen2.5-Coder-14B,vectorization,Qwen2.5-Coder-14B / vectorization (noise-implicit),10,0.05,1,20,20,True,0,0.0,0.0,0.16112515805281938,1,0.05,0.01397757485,
Qwen2.5-Coder-7B,guided,Qwen2.5-Coder-7B / guided (noise-adapted),10,0.05,1,20,20,True,0,0.0,0.0,0.16112515805281938,0,0.0,34.571248725000004,
Qwen2.5-Coder-32B,guided,Qwen2.5-Coder-32B / guided (noise-implicit),10,0.05,1,20,20,True,0,0.0,0.0,0.16112515805281938,0,0.0,0.09479447595,
Qwen2.5-Coder-7B,thinking,Qwen2.5-Coder-7B / thinking (noise-adapted),10,0.05,1,20,20,True,0,0.0,0.0,0.16112515805281938,0,0.0,34.8701476728,
Qwen2.5-Coder-32B,vectorization,Qwen2.5-Coder-32B / vectorization (noise-implicit),10,0.05,1,20,20,True,0,0.0,0.0,0.16112515805281938,0,0.0,0.0255944491,
Qwen2.5-Coder-7B,vectorization,Qwen2.5-Coder-7B / vectorization (noise-adapted),10,0.05,1,20,20,True,0,0.0,0.0,0.16112515805281938,0,0.0,36.155752356549996,
Qwen2.5-Coder-7B,vectorization,Qwen2.5-Coder-7B / vectorization (noise-implicit),10,0.05,1,20,20,True,0,0.0,0.0,0.16112515805281938,20,1.0,0.0032156599499999997,
Qwen2.5-Coder-32B,vectorization,Qwen2.5-Coder-32B / vectorization (noise-adapted),10,0.05,1,20,20,True,0,0.0,0.0,0.16112515805281938,0,0.0,11.5172687226,
Qwen2.5-Coder-7B,guided,Qwen2.5-Coder-7B / guided (noise-implicit),10,0.05,1,20,20,True,0,0.0,0.0,0.16112515805281938,0,0.0,15.59040662655,
Qwen2.5-Coder-32B,guided,Qwen2.5-Coder-32B / guided (noise-adapted),10,0.05,1,20,20,True,0,0.0,0.0,0.16112515805281938,20,1.0,3.557e-07,
Qwen2.5-Coder-7B,baseline,Qwen2.5-Coder-7B / baseline (noise-adapted),10,0.05,1,20,20,True,0,0.0,0.0,0.16112515805281938,0,0.0,35.80806008145,
Qwen2.5-Coder-14B,thinking,Qwen2.5-Coder-14B / thinking,10,0.05,1,20,20,True,0,0.0,0.0,0.16112515805281938,0,0.0,0.0347611385,
Qwen2.5-Coder-14B,thinking,Qwen2.5-Coder-14B / thinking (noise-implicit),10,0.05,1,20,20,True,0,0.0,0.0,0.16112515805281938,13,0.65,0.00166857295,
Qwen2.5-Coder-14B,baseline,Qwen2.5-Coder-14B / baseline (noise-implicit),10,0.05,1,20,20,True,0,0.0,0.0,0.16112515805281938,0,0.0,0.4634092448,
Qwen2.5-Coder-14B,baseline,Qwen2.5-Coder-14B / baseline (noise-adapted),10,0.05,1,20,20,True,0,0.0,0.0,0.16112515805281938,0,0.0,0.556842502,
Qwen2.5-Coder-14B,vectorization,Qwen2.5-Coder-14B / vectorization (noise-adapted),10,0.05,1,20,20,True,0,0.0,0.0,0.16112515805281938,20,1.0,3.515e-08,
Qwen2.5-Coder-7B,baseline,Qwen2.5-Coder-7B / baseline (noise-implicit),10,0.05,1,20,20,True,0,0.0,0.0,0.16112515805281938,0,0.0,7.77348133385,
Qwen2.5-Coder-7B,thinking,Qwen2.5-Coder-7B / thinking (noise-implicit),10,0.05,1,20,20,True,0,0.0,0.0,0.16112515805281938,0,0.0,8.09221442375,
Qwen2.5-Coder-32B,baseline,Qwen2.5-Coder-32B / baseline (noise-adapted),10,0.05,1,20,20,True,0,0.0,0.0,0.16112515805281938,20,1.0,2.456e-07,
Qwen2.5-Coder-14B,baseline,Qwen2.5-Coder-14B / baseline,10,0.05,1,20,20,True,0,0.0,0.0,0.16112515805281938,0,0.0,41.941416272,
Qwen2.5-Coder-14B,vectorization,Qwen2.5-Coder-14B / vectorization,10,0.05,1,17,20,False,17,1.0,0.8156818649911483,1.0,17,1.0,5e-10,87102.0
Qwen2.5-Coder-32B,thinking,Qwen2.5-Coder-32B / thinking (noise-adapted),10,0.05,1,20,20,True,0,0.0,0.0,0.16112515805281938,15,0.75,0.00847719165,
Qwen2.5-Coder-14B,guided,Qwen2.5-Coder-14B / guided (noise-implicit),10,0.05,1,20,20,True,0,0.0,0.0,0.16112515805281938,5,0.25,0.52635084365,
Qwen2.5-Coder-14B,guided,Qwen2.5-Coder-14B / guided (noise-adapted),10,0.05,1,20,20,True,0,0.0,0.0,0.16112515805281938,0,0.0,31.4516228102,
Qwen2.5-Coder-14B,guided,Qwen2.5-Coder-14B / guided,10,0.05,1,20,20,True,0,0.0,0.0,0.16112515805281938,0,0.0,0.09511877485,
Qwen2.5-Coder-14B,thinking,Qwen2.5-Coder-14B / thinking (noise-adapted),10,0.05,15,20,20,True,0,0.0,0.0,0.16112515805281938,0,0.0,245.39085195630003,
Qwen2.5-Coder-32B,thinking,Qwen2.5-Coder-32B / thinking (noise-implicit),10,0.05,15,20,20,True,0,0.0,0.0,0.16112515805281938,0,0.0,65.18366999495,
Qwen2.5-Coder-32B,baseline,Qwen2.5-Coder-32B / baseline (noise-implicit),10,0.05,15,20,20,True,0,0.0,0.0,0.16112515805281938,0,0.0,18.32925952375,
Qwen2.5-Coder-14B,vectorization,Qwen2.5-Coder-14B / vectorization (noise-implicit),10,0.05,15,20,20,True,0,0.0,0.0,0.16112515805281938,0,0.0,7.09911457745,
Qwen2.5-Coder-7B,guided,Qwen2.5-Coder-7B / guided (noise-adapted),10,0.05,15,20,20,True,0,0.0,0.0,0.16112515805281938,0,0.0,109.8200431189,
Qwen2.5-Coder-32B,guided,Qwen2.5-Coder-32B / guided (noise-implicit),10,0.05,15,20,20,True,0,0.0,0.0,0.16112515805281938,0,0.0,40.0926285907,
Qwen2.5-Coder-7B,thinking,Qwen2.5-Coder-7B / thinking (noise-adapted),10,0.05,15,20,20,True,0,0.0,0.0,0.16112515805281938,0,0.0,119.72482387925,
Qwen2.5-Coder-32B,vectorization,Qwen2.5-Coder-32B / vectorization (noise-implicit),10,0.05,15,20,20,True,0,0.0,0.0,0.16112515805281938,0,0.0,106.1346597618,
Qwen2.5-Coder-7B,vectorization,Qwen2.5-Coder-7B / vectorization (noise-adapted),10,0.05,15,20,20,True,0,0.0,0.0,0.16112515805281938,0,0.0,191.63407100615,
Qwen2.5-Coder-7B,vectorization,Qwen2.5-Coder-7B / vectorization (noise-implicit),10,0.05,15,20,20,True,0,0.0,0.0,0.16112515805281938,0,0.0,56.63639149915,
Qwen2.5-Coder-32B,vectorization,Qwen2.5-Coder-32B / vectorization (noise-adapted),10,0.05,15,20,20,True,0,0.0,0.0,0.16112515805281938,0,0.0,95.39352691105,
Qwen2.5-Coder-7B,guided,Qwen2.5-Coder-7B / guided (noise-implicit),10,0.05,15,20,20,True,0,0.0,0.0,0.16112515805281938,0,0.0,56.0396294795,
Qwen2.5-Coder-32B,guided,Qwen2.5-Coder-32B / guided (noise-adapted),10,0.05,15,20,20,True,0,0.0,0.0,0.16112515805281938,0,0.0,96.0156509591,
Qwen2.5-Coder-7B,baseline,Qwen2.5-Coder-7B / baseline (noise-adapted),10,0.05,15,20,20,True,0,0.0,0.0,0.16112515805281938,0,0.0,139.49643569215,
Qwen2.5-Coder-14B,thinking,Qwen2.5-Coder-14B / thinking,10,0.05,15,20,20,True,0,0.0,0.0,0.16112515805281938,0,0.0,112.82277500225,
Qwen2.5-Coder-14B,thinking,Qwen2.5-Coder-14B / thinking (noise-implicit),10,0.05,15,20,20,True,0,0.0,0.0,0.16112515805281938,0,0.0,34.78511884415,
Qwen2.5-Coder-14B,baseline,Qwen2.5-Coder-14B / baseline (noise-implicit),10,0.05,15,20,20,True,0,0.0,0.0,0.16112515805281938,0,0.0,174.36484568909998,
Qwen2.5-Coder-14B,baseline,Qwen2.5-Coder-14B / baseline (noise-adapted),10,0.05,15,20,20,True,0,0.0,0.0,0.16112515805281938,0,0.0,40.51635245685,
Qwen2.5-Coder-14B,vectorization,Qwen2.5-Coder-14B / vectorization (noise-adapted),10,0.05,15,20,20,True,0,0.0,0.0,0.16112515805281938,0,0.0,21.24641812145,
Qwen2.5-Coder-7B,baseline,Qwen2.5-Coder-7B / baseline (noise-implicit),10,0.05,15,20,20,True,0,0.0,0.0,0.16112515805281938,0,0.0,126.08880169675,
Qwen2.5-Coder-7B,thinking,Qwen2.5-Coder-7B / thinking (noise-implicit),10,0.05,15,20,20,True,0,0.0,0.0,0.16112515805281938,0,0.0,32.001227679500005,
Qwen2.5-Coder-32B,baseline,Qwen2.5-Coder-32B / baseline (noise-adapted),10,0.05,15,20,20,True,0,0.0,0.0,0.16112515805281938,0,0.0,33.552142712000006,
Qwen2.5-Coder-14B,baseline,Qwen2.5-Coder-14B / baseline,10,0.05,15,20,20,True,0,0.0,0.0,0.16112515805281938,0,0.0,239.0214752512,
Qwen2.5-Coder-14B,vectorization,Qwen2.5-Coder-14B / vectorization,10,0.05,15,20,20,True,0,0.0,0.0,0.16112515805281938,0,0.0,24.664075310450002,
Qwen2.5-Coder-32B,thinking,Qwen2.5-Coder-32B / thinking (noise-adapted),10,0.05,15,20,20,True,0,0.0,0.0,0.16112515805281938,0,0.0,76.0782916653,
Qwen2.5-Coder-14B,guided,Qwen2.5-Coder-14B / guided (noise-implicit),10,0.05,15,20,20,True,0,0.0,0.0,0.16112515805281938,0,0.0,23.892012391450002,
Qwen2.5-Coder-14B,guided,Qwen2.5-Coder-14B / guided (noise-adapted),10,0.05,15,20,20,True,0,0.0,0.0,0.16112515805281938,0,0.0,25.70711542495,
Qwen2.5-Coder-14B,guided,Qwen2.5-Coder-14B / guided,10,0.05,15,20,20,True,0,0.0,0.0,0.16112515805281938,0,0.0,18.409991152899998,
Qwen2.5-Coder-14B,thinking,Qwen2.5-Coder-14B / thinking (noise-adapted),10,0.05,21,20,20,True,0,0.0,0.0,0.16112515805281938,0,0.0,2.21617263175,
Qwen2.5-Coder-32B,thinking,Qwen2.5-Coder-32B / thinking (noise-implicit),10,0.05,21,2,20,False,0,0.0,0.0,0.6576197724933469,0,0.0,49.5053399298,
Qwen2.5-Coder-32B,baseline,Qwen2.5-Coder-32B / baseline (noise-implicit),10,0.05,21,20,20,True,0,0.0,0.0,0.16112515805281938,0,0.0,20.02443130845,
Qwen2.5-Coder-14B,vectorization,Qwen2.5-Coder-14B / vectorization (noise-implicit),10,0.05,21,20,20,True,0,0.0,0.0,0.16112515805281938,0,0.0,3.4612735041,
Qwen2.5-Coder-7B,guided,Qwen2.5-Coder-7B / guided (noise-adapted),10,0.05,21,20,20,True,0,0.0,0.0,0.16112515805281938,0,0.0,41.8685270256,
Qwen2.5-Coder-32B,guided,Qwen2.5-Coder-32B / guided (noise-implicit),10,0.05,21,20,20,True,0,0.0,0.0,0.16112515805281938,3,0.15,0.7922641598,
Qwen2.5-Coder-7B,thinking,Qwen2.5-Coder-7B / thinking (noise-adapted),10,0.05,21,20,20,True,0,0.0,0.0,0.16112515805281938,0,0.0,51.250998053100005,
Qwen2.5-Coder-32B,vectorization,Qwen2.5-Coder-32B / vectorization (noise-implicit),10,0.05,21,20,20,True,0,0.0,0.0,0.16112515805281938,0,0.0,18.7434202731,
Qwen2.5-Coder-7B,vectorization,Qwen2.5-Coder-7B / vectorization (noise-adapted),10,0.05,21,20,20,True,0,0.0,0.0,0.16112515805281938,0,0.0,50.79489102535,
Qwen2.5-Coder-7B,vectorization,Qwen2.5-Coder-7B / vectorization (noise-implicit),10,0.05,21,20,20,True,0,0.0,0.0,0.16112515805281938,0,0.0,6.2096143794,
Qwen2.5-Coder-32B,vectorization,Qwen2.5-Coder-32B / vectorization (noise-adapted),10,0.05,21,20,20,True,0,0.0,0.0,0.16112515805281938,7,0.35,0.016753402299999998,
Qwen2.5-Coder-7B,guided,Qwen2.5-Coder-7B / guided (noise-implicit),10,0.05,21,20,20,True,0,0.0,0.0,0.16112515805281938,0,0.0,24.173476790450003,
Qwen2.5-Coder-32B,guided,Qwen2.5-Coder-32B / guided (noise-adapted),10,0.05,21,20,20,True,0,0.0,0.0,0.16112515805281938,0,0.0,26.9697801171,
Qwen2.5-Coder-7B,baseline,Qwen2.5-Coder-7B / baseline (noise-adapted),10,0.05,21,20,20,True,0,0.0,0.0,0.16112515805281938,0,0.0,64.63016969615,
Qwen2.5-Coder-14B,thinking,Qwen2.5-Coder-14B / thinking,10,0.05,21,20,20,True,0,0.0,0.0,0.16112515805281938,0,0.0,2.04312667695,
Qwen2.5-Coder-14B,thinking,Qwen2.5-Coder-14B / thinking (noise-implicit),10,0.05,21,20,20,True,0,0.0,0.0,0.16112515805281938,1,0.05,2.0031557326000002,
Qwen2.5-Coder-14B,baseline,Qwen2.5-Coder-14B / baseline (noise-implicit),10,0.05,21,20,20,True,0,0.0,0.0,0.16112515805281938,2,0.1,1.2473204795,
Qwen2.5-Coder-14B,baseline,Qwen2.5-Coder-14B / baseline (noise-adapted),10,0.05,21,20,20,True,0,0.0,0.0,0.16112515805281938,0,0.0,25.4220484723,
Qwen2.5-Coder-14B,vectorization,Qwen2.5-Coder-14B / vectorization (noise-adapted),10,0.05,21,20,20,True,2,0.1,0.027866481213768224,0.3010336452284873,2,0.1,6.99486596265,72341.0
Qwen2.5-Coder-7B,baseline,Qwen2.5-Coder-7B / baseline (noise-implicit),10,0.05,21,20,20,True,2,0.1,0.027866481213768224,0.3010336452284873,4,0.2,1.9811592684,74276.0
Qwen2.5-Coder-7B,thinking,Qwen2.5-Coder-7B / thinking (noise-implicit),10,0.05,21,20,20,True,0,0.0,0.0,0.16112515805281938,0,0.0,67.18132225185,
Qwen2.5-Coder-32B,baseline,Qwen2.5-Coder-32B / baseline (noise-adapted),10,0.05,21,2,20,False,0,0.0,0.0,0.6576197724933469,0,0.0,2.0016841150999998,
Qwen2.5-Coder-14B,baseline,Qwen2.5-Coder-14B / baseline,10,0.05,21,20,20,True,0,0.0,0.0,0.16112515805281938,0,0.0,11.739767174499999,
Qwen2.5-Coder-14B,vectorization,Qwen2.5-Coder-14B / vectorization,10,0.05,21,20,20,True,0,0.0,0.0,0.16112515805281938,1,0.05,2.5885934606000003,
Qwen2.5-Coder-32B,thinking,Qwen2.5-Coder-32B / thinking (noise-adapted),10,0.05,21,20,20,True,0,0.0,0.0,0.16112515805281938,0,0.0,20.63637954315,
Qwen2.5-Coder-14B,guided,Qwen2.5-Coder-14B / guided (noise-implicit),10,0.05,21,20,20,True,0,0.0,0.0,0.16112515805281938,0,0.0,35.022364877,
Qwen2.5-Coder-14B,guided,Qwen2.5-Coder-14B / guided (noise-adapted),10,0.05,21,20,20,True,1,0.05,0.008881448800795402,0.23613119344674205,1,0.05,4.896200712500001,7161.0
Qwen2.5-Coder-14B,guided,Qwen2.5-Coder-14B / guided,10,0.05,21,20,20,True,0,0.0,0.0,0.16112515805281938,0,0.0,19.78109825835,
Qwen2.5-Coder-14B,thinking,Qwen2.5-Coder-14B / thinking (noise-adapted),10,0.05,11,20,20,True,0,0.0,0.0,0.16112515805281938,0,0.0,170.05419877415,
Qwen2.5-Coder-32B,thinking,Qwen2.5-Coder-32B / thinking (noise-implicit),10,0.05,11,20,20,True,0,0.0,0.0,0.16112515805281938,0,0.0,34.96908532095,
Qwen2.5-Coder-32B,baseline,Qwen2.5-Coder-32B / baseline (noise-implicit),10,0.05,11,20,20,True,0,0.0,0.0,0.16112515805281938,0,0.0,52.5739407425,
Qwen2.5-Coder-14B,vectorization,Qwen2.5-Coder-14B / vectorization (noise-implicit),10,0.05,11,20,20,True,0,0.0,0.0,0.16112515805281938,0,0.0,9.10308893595,
Qwen2.5-Coder-7B,guided,Qwen2.5-Coder-7B / guided (noise-adapted),10,0.05,11,20,20,True,0,0.0,0.0,0.16112515805281938,0,0.0,125.64150302255,
Qwen2.5-Coder-32B,guided,Qwen2.5-Coder-32B / guided (noise-implicit),10,0.05,11,20,20,True,0,0.0,0.0,0.16112515805281938,0,0.0,26.6674251789,
Qwen2.5-Coder-7B,thinking,Qwen2.5-Coder-7B / thinking (noise-adapted),10,0.05,11,20,20,True,0,0.0,0.0,0.16112515805281938,0,0.0,1613.99862777025,
Qwen2.5-Coder-32B,vectorization,Qwen2.5-Coder-32B / vectorization (noise-implicit),10,0.05,11,20,20,True,0,0.0,0.0,0.16112515805281938,0,0.0,3.8954071739,
Qwen2.5-Coder-7B,vectorization,Qwen2.5-Coder-7B / vectorization (noise-adapted),10,0.05,11,20,20,True,0,0.0,0.0,0.16112515805281938,0,0.0,65.22858040450001,
Qwen2.5-Coder-7B,vectorization,Qwen2.5-Coder-7B / vectorization (noise-implicit),10,0.05,11,20,20,True,0,0.0,0.0,0.16112515805281938,0,0.0,36.32532686495,
Qwen2.5-Coder-32B,vectorization,Qwen2.5-Coder-32B / vectorization (noise-adapted),10,0.05,11,20,20,True,0,0.0,0.0,0.16112515805281938,0,0.0,3.82200387595,
Qwen2.5-Coder-7B,guided,Qwen2.5-Coder-7B / guided (noise-implicit),10,0.05,11,20,20,True,0,0.0,0.0,0.16112515805281938,20,1.0,2.8165e-06,
Qwen2.5-Coder-32B,guided,Qwen2.5-Coder-32B / guided (noise-adapted),10,0.05,11,20,20,True,0,0.0,0.0,0.16112515805281938,0,0.0,0.04282678055,
Qwen2.5-Coder-7B,baseline,Qwen2.5-Coder-7B / baseline (noise-adapted),10,0.05,11,20,20,True,0,0.0,0.0,0.16112515805281938,0,0.0,266.9858686406,
Qwen2.5-Coder-14B,thinking,Qwen2.5-Coder-14B / thinking,10,0.05,11,20,20,True,0,0.0,0.0,0.16112515805281938,0,0.0,62.6290370136,
Qwen2.5-Coder-14B,thinking,Qwen2.5-Coder-14B / thinking (noise-implicit),10,0.05,11,20,20,True,1,0.05,0.008881448800795402,0.23613119344674205,20,1.0,8.32e-08,97354.0
Qwen2.5-Coder-14B,baseline,Qwen2.5-Coder-14B / baseline (noise-implicit),10,0.05,11,20,20,True,0,0.0,0.0,0.16112515805281938,0,0.0,72.501481825,
Qwen2.5-Coder-14B,baseline,Qwen2.5-Coder-14B / baseline (noise-adapted),10,0.05,11,20,20,True,0,0.0,0.0,0.16112515805281938,0,0.0,79.499956734,
Qwen2.5-Coder-14B,vectorization,Qwen2.5-Coder-14B / vectorization (noise-adapted),10,0.05,11,20,20,True,0,0.0,0.0,0.16112515805281938,20,1.0,6.740000000000001e-08,
Qwen2.5-Coder-7B,baseline,Qwen2.5-Coder-7B / baseline (noise-implicit),10,0.05,11,20,20,True,0,0.0,0.0,0.16112515805281938,0,0.0,129.1799087226,
Qwen2.5-Coder-7B,thinking,Qwen2.5-Coder-7B / thinking (noise-implicit),10,0.05,11,20,20,True,0,0.0,0.0,0.16112515805281938,0,0.0,45.22871344145,
Qwen2.5-Coder-32B,baseline,Qwen2.5-Coder-32B / baseline (noise-adapted),10,0.05,11,20,20,True,0,0.0,0.0,0.16112515805281938,0,0.0,55.599086803800006,
Qwen2.5-Coder-14B,baseline,Qwen2.5-Coder-14B / baseline,10,0.05,11,20,20,True,0,0.0,0.0,0.16112515805281938,0,0.0,65.12499472515,
Qwen2.5-Coder-14B,vectorization,Qwen2.5-Coder-14B / vectorization,10,0.05,11,20,20,True,0,0.0,0.0,0.16112515805281938,0,0.0,45.54217178695,
Qwen2.5-Coder-32B,thinking,Qwen2.5-Coder-32B / thinking (noise-adapted),10,0.05,11,20,20,True,0,0.0,0.0,0.16112515805281938,0,0.0,11.15845591495,
Qwen2.5-Coder-14B,guided,Qwen2.5-Coder-14B / guided (noise-implicit),10,0.05,11,20,20,True,0,0.0,0.0,0.16112515805281938,0,0.0,35.10124768655,
Qwen2.5-Coder-14B,guided,Qwen2.5-Coder-14B / guided (noise-adapted),10,0.05,11,20,20,True,0,0.0,0.0,0.16112515805281938,0,0.0,49.2156352626,
Qwen2.5-Coder-14B,guided,Qwen2.5-Coder-14B / guided,10,0.05,11,20,20,True,0,0.0,0.0,0.16112515805281938,0,0.0,31.68675974675,
